CIRI2-N-averag,DCC-N-averag,,CIRI2-P-averag,DCC-P-averag,,CIRI2-T-averag,DCC-T-averag
3.133333333,2.433333333,,4.033333333,2.366666667,,1.666666667,1.333333333
2.933333333,2.572677596,,6.466666667,5.4,,71.86666667,22.36666667
4.266666667,3.299453552,,4.7,3.9,,3.966666667,2.5
7.033333333,5.131693989,,2.766666667,1.733333333,,7.9,5.866666667
8.333333333,5.87431694,,35.2,28.13333333,,2.266666667,2.033333333
26.16666667,21.39617486,,2.133333333,2.033333333,,6.533333333,4.233333333
2.666666667,2.191256831,,3.5,3,,6.166666667,4.466666667
3.166666667,2.756830601,,1.633333333,1.533333333,,18.66666667,12.43333333
5.566666667,4.091256831,,5.9,4,,2.066666667,1.666666667
2.333333333,2.218579235,,2.733333333,2.7,,29.83333333,23
1.633333333,1.715300546,,9.8,7.133333333,,6.9,3.933333333
5.933333333,5.064480874,,18.5,4.066666667,,7.233333333,6.166666667
2.266666667,1.987978142,,4,2.7,,3.166666667,2.866666667
5.366666667,3.956830601,,2.166666667,1.533333333,,4.3,3.333333333
17.1,14.49344262,,2.033333333,1.9,,5.433333333,4.4
3.8,3.013114754,,3.8,2.633333333,,3.233333333,1.7
23.03333333,19.88579235,,3.133333333,2.466666667,,1.7,1.6
5.566666667,4.550273224,,16.86666667,9.666666667,,3.5,2.333333333
4.866666667,4.342076503,,8.933333333,6.766666667,,8.733333333,6.333333333
3,2.721311475,,8.033333333,4.5,,4.066666667,3.266666667
7.366666667,5.907650273,,1.6,1.5,,4.2,2
13.53333333,11.1726776,,2.366666667,1.866666667,,3.7,2.866666667
6.566666667,5.64863388,,3.9,3.066666667,,3.533333333,2.7
5.366666667,4.596174863,,5.033333333,2.933333333,,4.9,1.933333333
23.36666667,16.56338798,,1.8,1.6,,3.366666667,2.566666667
11.26666667,9.004371585,,2.3,1.833333333,,5,3.233333333
2.3,1.906557377,,3.3,2.633333333,,2.366666667,2.233333333
4.133333333,3.313661202,,27.63333333,22.13333333,,5.333333333,4.066666667
1.933333333,1.769398907,,6.466666667,4.433333333,,3.8,2.933333333
1.766666667,1.701092896,,13.56666667,11.5,,3,1.866666667
22.7,19.3557377,,3.533333333,3.033333333,,3.8,2.9
13.96666667,12.5568306,,17.63333333,4.566666667,,6.266666667,5.266666667
4.066666667,3.181420765,,4.666666667,3.833333333,,4.166666667,3.533333333
4.4,3.563934426,,44.33333333,8.1,,3.766666667,2.766666667
3.466666667,2.958469945,,10.03333333,5.4,,5.9,4.7
2.933333333,2.671038251,,6.033333333,4.3,,2.366666667,1.666666667
6.666666667,5.666666667,,2.133333333,2.066666667,,6.733333333,5
3.3,2.496721311,,2.433333333,2.1,,33.43333333,15.93333333
6.933333333,6.326775956,,3.066666667,2.2,,2.566666667,2.1
31.76666667,28.09453552,,3.166666667,2.366666667,,3.3,2.533333333
6.6,4.813114754,,1.966666667,1.8,,4.466666667,2.966666667
2.1,2.050819672,,1.7,1.833333333,,5.333333333,4.133333333
24.3,20.31639344,,2.366666667,2.1,,3.9,2.3
3.9,3.342622951,,2.166666667,1.466666667,,2.133333333,1.633333333
6.666666667,5.306010929,,2.966666667,2.466666667,,6.266666667,4.133333333
5,3.803278689,,6.4,4.933333333,,6.7,5.4
7.766666667,6.324043716,,6.933333333,5.966666667,,11,7.6
7.333333333,5.513661202,,9.7,6.366666667,,2.266666667,2.166666667
3.4,3.072131148,,1.866666667,1.533333333,,36.13333333,27.13333333
13.16666667,9.838797814,,2.066666667,1.966666667,,2.333333333,1.966666667
42.03333333,34.54153005,,2.266666667,1.833333333,,2.5,1.666666667
2.7,2.536065574,,1.966666667,1.566666667,,4.333333333,3.8
7.533333333,6.172677596,,17.36666667,13.23333333,,12.06666667,9.666666667
15.86666667,13.19453552,,2.533333333,1.666666667,,3.033333333,2.4
2.533333333,2.172677596,,4.466666667,2.966666667,,5.633333333,4
15.26666667,12.80765027,,3.733333333,2.666666667,,3.366666667,2.933333333
2.8,2.406557377,,4.5,4,,2.466666667,2.133333333
4.333333333,3.677595628,,3.7,2.833333333,,3.333333333,2.233333333
3.666666667,3.174863388,,5.433333333,4,,4.7,2.966666667
2,2.016393443,,3.433333333,3.166666667,,3.4,2.633333333
2.7,2.38852459,,6.033333333,4.933333333,,4.433333333,3.166666667
2.866666667,2.571584699,,3.366666667,2.8,,3.833333333,2.466666667
5.266666667,4.807650273,,4.533333333,2.333333333,,3.133333333,2.766666667
4.133333333,3.543169399,,3.8,3.033333333,,2.166666667,1.7
2.933333333,2.408743169,,5.1,2.8,,11.4,7.366666667
2.3,2.021311475,,15.9,13.06666667,,1.933333333,1.8
2.266666667,2.069945355,,2.566666667,2.3,,2.266666667,1.766666667
2.233333333,2.036612022,,4.266666667,2.966666667,,4.033333333,2.8
4.466666667,3.974863388,,3.7,2.533333333,,5.466666667,3.6
2.033333333,1.754644809,,3.666666667,2.133333333,,9.866666667,7.266666667
10.13333333,8.625136612,,5.4,4.333333333,,3.466666667,2.333333333
2.2,1.986885246,,3.933333333,2.8,,3.2,2.5
9.366666667,7.940437158,,10.3,8.466666667,,1.633333333,1.466666667
28.86666667,24.85027322,,6.866666667,6.333333333,,13.96666667,7.866666667
4.233333333,4.757923497,,33.4,30.86666667,,3,1.866666667
3.133333333,2.657923497,,3.633333333,2.766666667,,2.2,1.866666667
3.033333333,2.672677596,,3.333333333,2.633333333,,2.333333333,2.066666667
4.433333333,3.97431694,,4,3.2,,8.466666667,5.266666667
3.133333333,2.887431694,,6.533333333,5.133333333,,10.63333333,7.5
16.43333333,14.25300546,,4.633333333,2.266666667,,2.233333333,1.733333333
1.666666667,1.683060109,,3,1.8,,4.1,3
5.033333333,4.443169399,,2.233333333,1.9,,2.433333333,2.2
2.4,2.039344262,,5.533333333,4.3,,20.36666667,13.83333333
1.666666667,1.617486339,,8.833333333,3.566666667,,2.666666667,2.233333333
13.63333333,11.33825137,,11.96666667,9.833333333,,1.666666667,1.633333333
5.133333333,4.641530055,,5.333333333,4.2,,4.733333333,3.2
32.26666667,27.36502732,,9.1,7,,4.533333333,3.333333333
3.5,3.024590164,,3.2,2.366666667,,2.1,1.566666667
2.933333333,2.736612022,,5.066666667,3.2,,9.366666667,7.6
2.233333333,1.971038251,,1.933333333,1.533333333,,2.8,2.433333333
6.466666667,5.040437158,,6.033333333,5.2,,2.7,1.766666667
23,17.2295082,,4.833333333,3.466666667,,1.9,1.666666667
3.166666667,3.00273224,,8.933333333,7.366666667,,10.53333333,6.666666667
19.7,17.12622951,,13.2,10.1,,1.633333333,1.5
15.8,13.04590164,,3.3,2,,1.733333333,1.633333333
3.9,3.129508197,,3.866666667,3.5,,4.2,3.233333333
2.5,2.172131148,,3.833333333,2.3,,7.366666667,5.366666667
6.3,5.414754098,,2.433333333,1.966666667,,7.133333333,3.966666667
2.9,2.506557377,,3.5,2.533333333,,8.4,5.5
9.8,7.701639344,,7.766666667,6.366666667,,6.666666667,4.866666667
3.3,2.955737705,,2.3,2.3,,32.5,16.93333333
3.833333333,3.620218579,,17.3,11.33333333,,20.3,14.46666667
4.366666667,4.038797814,,22,15.03333333,,11,7.166666667
3.866666667,3.538797814,,4.066666667,3.3,,6,3.933333333
5.666666667,4.928961749,,6.233333333,4.433333333,,7.966666667,4.8
2.566666667,2.369945355,,4,2.2,,2.833333333,2.366666667
4.666666667,4.092896175,,19.4,15.03333333,,1.966666667,1.733333333
8.566666667,6.763387978,,7.133333333,4.333333333,,6.5,4.733333333
4.566666667,3.763387978,,7.533333333,4.9,,4.1,3.5
6.366666667,5.497814208,,4.033333333,3.566666667,,1.866666667,1.766666667
4.033333333,3.426775956,,2.866666667,2.466666667,,2.3,2.033333333
13.06666667,10.85355191,,1.766666667,1.766666667,,5.433333333,3.533333333
5.933333333,4.85136612,,2.6,1.633333333,,18.7,14.6
1.866666667,1.883060109,,4.833333333,3.8,,10.2,6.3
3.366666667,2.956830601,,7.3,4.766666667,,7.6,4.366666667
3.3,2.939344262,,4.866666667,2.1,,5.766666667,2.866666667
2.1,2.018032787,,5.366666667,3.533333333,,7.1,4.366666667
2.5,2.418032787,,3.8,3.333333333,,12.7,10.43333333
4.033333333,3.689071038,,6.7,4.6,,3.966666667,3.4
1.566666667,1.583060109,,10.13333333,7.3,,3.5,2.866666667
4.733333333,4.175956284,,3.633333333,2.266666667,,6.866666667,5.233333333
3.8,3.291803279,,7.633333333,5.733333333,,21.16666667,12.13333333
2.766666667,2.143715847,,41.83333333,29.4,,2.366666667,2.166666667
2.866666667,2.587978142,,2,1.8,,17.2,13.06666667
3.766666667,3.209289617,,6.866666667,5,,2.633333333,2.133333333
10.56666667,9.140437158,,10,5.533333333,,2.666666667,2.466666667
2.8,2.42295082,,6.266666667,3.866666667,,3.3,2.433333333
9.166666667,7.773224044,,5.066666667,3.766666667,,7.9,4.933333333
6.133333333,4.641530055,,4.2,3.066666667,,1.866666667,1.4
1.966666667,1.933879781,,16.2,11.73333333,,9.033333333,6.833333333
4.533333333,4.025136612,,6.066666667,2.833333333,,6.666666667,3.8
9.166666667,7.232240437,,2.066666667,1.6,,2.833333333,2.266666667
2.633333333,2.420218579,,3.466666667,1.766666667,,3.033333333,2.533333333
8.4,7.006557377,,3.233333333,2.433333333,,12.46666667,8
1.766666667,1.651912568,,20.43333333,15.1,,2.5,2.066666667
3.033333333,2.721857923,,2.133333333,1.766666667,,5.833333333,3.833333333
5,4.31147541,,2.9,1.966666667,,3.4,2.1
8.266666667,7.397814208,,1.766666667,1.533333333,,5.433333333,3.633333333
2,1.967213115,,2.2,2.066666667,,5.2,3.5
2.733333333,2.389071038,,5.433333333,3.433333333,,7.866666667,5.966666667
2.533333333,2.516939891,,4.8,3.066666667,,27.76666667,21.63333333
16.36666667,14.98961749,,3.4,3.333333333,,30.56666667,21.3
4.133333333,3.641530055,,3.7,2.466666667,,1.933333333,1.766666667
7.933333333,6.195628415,,5.9,3.933333333,,3.066666667,2.1
2.933333333,2.621857923,,25.5,13.8,,2.466666667,2.133333333
6.033333333,5.656284153,,5.2,3.633333333,,16.83333333,9.333333333
2.4,2.301639344,,2.9,2.2,,6.566666667,5.366666667
1.833333333,1.980874317,,12.5,5.666666667,,9.433333333,7.1
6.3,5.529508197,,4.5,3.866666667,,3.533333333,2.9
4.8,4.078688525,,2.7,2.533333333,,6.966666667,5.266666667
10.93333333,9.293989071,,18.53333333,11.86666667,,2.033333333,1.6
2.633333333,2.338251366,,4.333333333,3.133333333,,19.8,16.03333333
12.36666667,10.64535519,,1.733333333,1.566666667,,3.533333333,2.866666667
2.933333333,2.572677596,,12.86666667,11.1,,10.56666667,6.666666667
5.266666667,4.184699454,,3,2.4,,1.966666667,1.6
4.633333333,4.190710383,,5,2.9,,14.16666667,9.2
1.5,1.450819672,,7.866666667,3.2,,23.96666667,13.8
3.166666667,2.93715847,,2.2,2.333333333,,4.8,3.566666667
2.4,2.104918033,,4.866666667,3.433333333,,1.866666667,1.566666667
2,1.901639344,,4.333333333,3.6,,22.9,16.93333333
7.166666667,5.019125683,,8.2,6.533333333,,8.266666667,7.566666667
2.8,2.537704918,,3.833333333,2.866666667,,3.8,3.3
38.13333333,33.6579235,,5.333333333,3.566666667,,7.233333333,3.733333333
10.3,8.562295082,,11.53333333,8.166666667,,4.5,2.066666667
13.23333333,11.7579235,,8.966666667,7.533333333,,6.933333333,4.433333333
4.033333333,3.607103825,,1.733333333,1.766666667,,2.733333333,2.033333333
4.966666667,3.868306011,,8.133333333,5.633333333,,3.5,2.633333333
10.76666667,8.504371585,,5.066666667,3.466666667,,4.5,2.4
3.666666667,3.273224044,,2.766666667,2.333333333,,3.266666667,2.733333333
7.066666667,6.328961749,,27.7,20.6,,3.4,2.666666667
9.2,7.216393443,,4,2.266666667,,10.1,5.433333333
4.333333333,3.579234973,,2.566666667,2.133333333,,2.666666667,2
4.4,3.908196721,,2.8,2.433333333,,4.233333333,3.166666667
3.8,3.013114754,,6.133333333,4.7,,2.733333333,2.5
16.4,14.85901639,,37.73333333,27,,2.766666667,2.266666667
3.933333333,3.080874317,,31.53333333,22.03333333,,2.866666667,2.333333333
4.333333333,3.93989071,,7.266666667,6.166666667,,4.7,3.2
6.5,5.81147541,,1.966666667,1.833333333,,26.6,16.46666667
3.5,3.221311475,,39.63333333,21.2,,2.633333333,1.9
3.866666667,3.407650273,,3.2,1.533333333,,11.96666667,9.166666667
1.966666667,1.851912568,,14.3,8.966666667,,2.766666667,1.9
2.833333333,2.423497268,,2.033333333,1.766666667,,12.96666667,5.766666667
5.533333333,4.926775956,,3.133333333,2.8,,4.933333333,3.9
6.466666667,5.417486339,,6.566666667,4.933333333,,6.733333333,4.5
2.833333333,2.68579235,,9.466666667,4.7,,7.366666667,5.5
3.233333333,2.921857923,,1.733333333,1.8,,9.5,6.5
4.5,3.860655738,,2.566666667,2.333333333,,20.73333333,9
4.666666667,3.978142077,,9,5.833333333,,4.9,2.733333333
2.633333333,2.289071038,,2.566666667,1.966666667,,5.733333333,2.166666667
4.6,3.97704918,,7.6,5.366666667,,4.7,2.5
8.333333333,6.972677596,,3.666666667,2.433333333,,15.7,8.233333333
2,1.819672131,,14.6,9.833333333,,3.233333333,2.266666667
9.933333333,7.85136612,,7.733333333,6.3,,2.233333333,1.933333333
5.666666667,4.81420765,,2.566666667,2.1,,4.266666667,3.066666667
5.2,4.052459016,,2.466666667,1.833333333,,2.666666667,2.333333333
3.5,2.745901639,,3.833333333,2.766666667,,2.6,2.166666667
6.9,5.21147541,,4.9,4.233333333,,5.233333333,2.666666667
4.666666667,3.797814208,,2.266666667,2,,7.233333333,5
19,15.57377049,,2.3,2,,4.266666667,3.1
10.06666667,9.673224044,,10,5.866666667,,8.833333333,6.366666667
17.1,14.13278689,,2.1,1.7,,10.73333333,7.933333333
6.066666667,5.165027322,,3.8,2.933333333,,4.133333333,2.633333333
4.666666667,3.81420765,,2.633333333,1.6,,2.566666667,1.7
12.23333333,10.49562842,,7.433333333,6.066666667,,2.066666667,1.633333333
3.9,3.440983607,,4.166666667,3.166666667,,2.9,1.966666667
2.5,2.401639344,,9.033333333,7.533333333,,2.866666667,2.466666667
20.33333333,15.54644809,,3.3,1.966666667,,3.966666667,3.033333333
19.1,12.13278689,,3.6,2.733333333,,12.06666667,8
6.233333333,5.39726776,,12.2,6.666666667,,2.7,2
35.63333333,28.76448087,,6.966666667,3.7,,3,2.733333333
86.26666667,67.70928962,,3.1,2.866666667,,2.8,2.066666667
2.133333333,1.854644809,,2.266666667,1.7,,17.63333333,13.16666667
10.33333333,8.792349727,,14.76666667,11.66666667,,2.966666667,1.966666667
2.766666667,2.60273224,,3.166666667,2,,3.566666667,2.5
4.633333333,3.649726776,,4.8,2.766666667,,2.466666667,2.2
12.9,10.62131148,,2.5,2.3,,2.833333333,2.066666667
2.9,2.58852459,,3.266666667,2.233333333,,3.533333333,2.833333333
2.033333333,1.869398907,,2.733333333,2,,3.133333333,2.033333333
22.03333333,18.5579235,,2.533333333,2.1,,6.766666667,5.966666667
7.533333333,6.713661202,,2.933333333,2.366666667,,2,2.3
2.2,1.921311475,,8.366666667,5.166666667,,3.6,2.166666667
2.9,2.506557377,,2.5,1.933333333,,5.966666667,3.833333333
10.8,9.980327869,,2.333333333,2.066666667,,9,6.233333333
3.866666667,3.424043716,,24.3,11.76666667,,2.8,2.1
5.2,4.331147541,,12.76666667,11.16666667,,3.066666667,2.533333333
2.733333333,2.421857923,,5.833333333,4.1,,18.23333333,13.9
5.1,3.886885246,,1.833333333,1.666666667,,5.4,3.133333333
3.833333333,3.308743169,,4.333333333,4.1,,6.933333333,4.7
7.1,6.198360656,,10.83333333,7.3,,3.266666667,2
2.433333333,2.171038251,,3.133333333,2.366666667,,4.166666667,3.333333333
2.666666667,2.584699454,,2.333333333,2.066666667,,5.033333333,3.466666667
3.7,3.32295082,,2.666666667,2.133333333,,3.133333333,2.466666667
17.56666667,16.09125683,,4.1,2.533333333,,3.433333333,2.566666667
4.866666667,4.276502732,,3.566666667,2.966666667,,4.2,3.3
5.633333333,4.780874317,,6.566666667,5.2,,17.33333333,11
6.766666667,4.897814208,,4.1,3,,36.36666667,20.83333333
2.466666667,2.220765027,,1.733333333,1.533333333,,8.533333333,4.6
14.43333333,9.498907104,,13.3,10.6,,6.233333333,5.066666667
4.7,4.191803279,,1.7,1.866666667,,5.066666667,3.633333333
5.1,4.41147541,,11.83333333,9.3,,1.833333333,1.633333333
6.2,5.429508197,,5.833333333,3.4,,11.5,8.966666667
4.666666667,4.12568306,,4.466666667,3.533333333,,49.2,29.16666667
5.1,4.280327869,,3.3,1.8,,4.7,3.666666667
37.36666667,32.97322404,,2.366666667,1.966666667,,11.46666667,7.2
2.866666667,2.522404372,,2.7,2.133333333,,1.666666667,1.566666667
4.033333333,3.312021858,,2,1.733333333,,7.366666667,5.566666667
79.2,69.33114754,,3.766666667,2.966666667,,3.933333333,2.566666667
6.666666667,5.387978142,,6.266666667,3.766666667,,7,4.233333333
3.666666667,2.846994536,,4.166666667,3.233333333,,5.4,4.266666667
6.566666667,5.468306011,,6.366666667,5.1,,4,3.166666667
6.033333333,4.984153005,,8,5.233333333,,4.8,3.666666667
2.566666667,2.255191257,,5.9,3.5,,4.333333333,2.933333333
3.9,3.490163934,,2.966666667,2.666666667,,8.133333333,5.766666667
11.6,9.452459016,,5.9,4.733333333,,12.2,5.033333333
9.366666667,7.465027322,,3.4,2.7,,18.76666667,12.53333333
1.766666667,1.766666667,,4.933333333,3.866666667,,14.4,9
5.1,4.362295082,,106.0333333,9.066666667,,6.833333333,4.766666667
3.433333333,2.679234973,,8.133333333,5.466666667,,2.033333333,1.8
1.966666667,1.966666667,,4.533333333,3.033333333,,4.266666667,2.6
4.333333333,3.677595628,,2.833333333,2.666666667,,9,5.366666667
1.433333333,1.400546448,,18.96666667,12.43333333,,2.533333333,2.2
4.1,3.657377049,,5.266666667,3.4,,2.333333333,2
1.733333333,1.716939891,,6.5,3.9,,4.366666667,3.033333333
15.43333333,14.18743169,,2.666666667,2.3,,2.433333333,2
6.133333333,5.034972678,,6.4,5.266666667,,2.1,1.7
3.566666667,3.779781421,,4.966666667,3.433333333,,3.8,2.333333333
22.83333333,19.96448087,,4.066666667,2.7,,3.666666667,2.933333333
5.633333333,4.666120219,,2.633333333,1.733333333,,11.03333333,5.9
1.666666667,1.584699454,,2.266666667,1.933333333,,2.233333333,2.166666667
3.666666667,3.224043716,,14.33333333,11.3,,3.1,2.533333333
12,8.852459016,,2.8,2,,2.133333333,1.8
8.366666667,6.956830601,,2.266666667,1.9,,2.666666667,2.266666667
18.9,13.63770492,,6.633333333,3.9,,1.933333333,1.733333333
2.333333333,2.153005464,,4.5,2.166666667,,6.9,5.166666667
2.566666667,2.369945355,,2.433333333,2.133333333,,7.866666667,6
7.133333333,5.330054645,,2.2,1.666666667,,22.13333333,16
3.233333333,3.069398907,,3.033333333,1.666666667,,19.33333333,13.6
23.16666667,17.88797814,,10.36666667,7.733333333,,2.966666667,1.933333333
2.566666667,2.419125683,,1.966666667,1.6,,3,2.3
3.9,3.21147541,,3.733333333,2.433333333,,2.366666667,1.766666667
3.4,2.859016393,,7.566666667,6.266666667,,3.733333333,2.433333333
3.533333333,3.025136612,,3.5,2.666666667,,11.26666667,7.733333333
8.533333333,7.598907104,,50.16666667,20.06666667,,2.166666667,2
3.4,3.039344262,,2.133333333,1.966666667,,1.666666667,1.8
2.966666667,2.753551913,,1.633333333,1.8,,2.233333333,1.9
4.266666667,3.774863388,,2.566666667,1.866666667,,2.2,1.9
3.066666667,2.820765027,,5.966666667,4.766666667,,1.6,1.433333333
2.566666667,2.287978142,,21.73333333,13.86666667,,3.966666667,2.466666667
2.3,2.086885246,,2.633333333,2.3,,3.866666667,2.833333333
5.333333333,4.612021858,,5.833333333,4.466666667,,3.633333333,2.733333333
2.2,1.970491803,,5.566666667,4.166666667,,3.566666667,1.966666667
13.5,11.51639344,,13.5,6.833333333,,2.466666667,2.233333333
2.533333333,2.205464481,,3.3,3.633333333,,2,1.766666667
1.9,1.850819672,,7.133333333,5.066666667,,2.833333333,2.1
6.666666667,5.797814208,,2.133333333,1.766666667,,4.333333333,3.266666667
5.333333333,4.267759563,,5.233333333,3.066666667,,8.766666667,6
5.333333333,4.693989071,,3.466666667,2.633333333,,3.6,2.9
2.066666667,1.919125683,,4.8,2.133333333,,3.7,2.466666667
6.6,5.960655738,,5.066666667,4.366666667,,4.4,3.6
81.73333333,66.04480874,,3.133333333,2.066666667,,4.366666667,3.7
2.966666667,2.524043716,,2.566666667,1.8,,4,2.566666667
4.5,3.745901639,,2.8,2.233333333,,3.1,2
2.066666667,1.968306011,,3.4,2.066666667,,4,2.7
5.533333333,4.713661202,,2.1,1.8,,4.366666667,2.2
7.033333333,5.148087432,,3.5,3.066666667,,3.366666667,3.1
2.633333333,2.403825137,,4.2,2.833333333,,5.4,3.066666667
1.9,1.916393443,,5.166666667,2.5,,4.266666667,3.1
6,4.049180328,,4.633333333,2.733333333,,3.066666667,2.166666667
13.53333333,11.95956284,,9.533333333,7.066666667,,4.066666667,2.433333333
11.6,9.878688525,,5.1,2.2,,2.8,2.366666667
2.433333333,2.384153005,,10.23333333,6.8,,8.533333333,5.1
9.966666667,8.409289617,,8.166666667,9.766666667,,5.5,4.5
4.533333333,4.090710383,,2.266666667,2.066666667,,1.933333333,1.866666667
3.4,2.842622951,,2.366666667,2,,1.966666667,2.033333333
2.8,2.455737705,,5.366666667,4.566666667,,24.9,7.8
2.2,2.003278689,,2.333333333,1.666666667,,20.13333333,12.63333333
10.66666667,8.355191257,,9.2,6.633333333,,2.633333333,2
15.2,11.64262295,,23.8,15,,2.4,2
5.866666667,5.243715847,,3.2,2.8,,7.133333333,4.4
2.966666667,2.458469945,,2.966666667,1.833333333,,3.7,2.866666667
3.666666667,3.158469945,,4.133333333,2.366666667,,45.6,18.56666667
21.13333333,17.5431694,,6,3,,5.4,3
8.7,7.814754098,,3.833333333,3.7,,2.9,1.733333333
5.666666667,5.027322404,,4.466666667,3.033333333,,6.133333333,4.033333333
5.4,3.924590164,,16.7,12.43333333,,29.8,23.66666667
4.933333333,4.212021858,,11.36666667,7.833333333,,5.166666667,3.566666667
6.866666667,6.26010929,,2.266666667,2.133333333,,5.8,4.4
9.4,7.875409836,,6.7,4.4,,3.766666667,3.3
4.033333333,3.295628415,,3.233333333,2.833333333,,6.033333333,4.666666667
3.966666667,3.507650273,,2.333333333,2.2,,4.433333333,2.966666667
12.33333333,10.8579235,,2.133333333,1.8,,3.733333333,2.733333333
2.433333333,2.203825137,,3,2.733333333,,5.666666667,2.166666667
3.466666667,3.056830601,,2.666666667,2.4,,4.766666667,3.966666667
1.733333333,1.848087432,,7,2.633333333,,4.566666667,3.133333333
6.7,4.847540984,,2.133333333,1.766666667,,10.63333333,4.966666667
2.3,2.23442623,,3.733333333,3.066666667,,4.866666667,2.633333333
6.166666667,4.838797814,,2.966666667,2.533333333,,2.666666667,2.533333333
2.933333333,2.425136612,,4.3,2.533333333,,4.5,3.266666667
6.533333333,5.680874317,,20.63333333,11.26666667,,3.1,2.633333333
4.133333333,3.248087432,,11.36666667,5.633333333,,2.133333333,2
3.3,2.578688525,,2.3,2.433333333,,5.333333333,3.833333333
5.033333333,4.295628415,,3.466666667,2.866666667,,6.533333333,2.833333333
3.166666667,2.969945355,,8.8,5.166666667,,7.566666667,5.066666667
6.733333333,5.667759563,,6.633333333,5.166666667,,4.433333333,3.6
2.066666667,1.787978142,,3.133333333,2.4,,4.033333333,2.066666667
3.866666667,3.145355191,,5,3.6,,12.16666667,8.733333333
4.4,3.826229508,,4.7,3.466666667,,14,7.933333333
2.666666667,2.240437158,,7.7,6.2,,6.533333333,5.4
4.6,3.878688525,,16.46666667,12.9,,6.033333333,3.066666667
2,1.852459016,,10.93333333,6.766666667,,2.266666667,2.3
3.433333333,3.023497268,,3.533333333,2.4,,7.133333333,4.2
3.4,2.859016393,,2.3,1.933333333,,2.133333333,2
2.6,2.436065574,,2.666666667,2,,3.5,2.766666667
12.83333333,11.07923497,,6,4.766666667,,4.1,3.2
3.7,3.208196721,,8.133333333,6.433333333,,3.066666667,2.166666667
2.333333333,2.054644809,,3.9,2.8,,3.7,2.066666667
12.26666667,11.06994536,,5.533333333,3.8,,13.4,9.5
7.066666667,5.246994536,,15.23333333,10.3,,1.9,1.633333333
3.133333333,2.903825137,,5.133333333,2.433333333,,2.433333333,1.9
2.233333333,1.954644809,,3.633333333,3.066666667,,8.666666667,7.6
16.26666667,14.23387978,,2.266666667,2.2,,3.9,2.933333333
59.7,37.78196721,,2.333333333,2.366666667,,2.666666667,2.033333333
2.5,2.254098361,,3.6,3.066666667,,2.233333333,1.733333333
1.833333333,1.75136612,,13.76666667,11.23333333,,87.86666667,40.66666667
5.366666667,3.678142077,,4.566666667,2.033333333,,8.666666667,6.166666667
5.766666667,4.897814208,,4.766666667,3,,2.533333333,2.1
4.4,3.973770492,,3.566666667,3.066666667,,3.666666667,2.533333333
2.433333333,2.138251366,,11.96666667,6.766666667,,11.4,9.433333333
20.16666667,17.41256831,,2.8,2.466666667,,3.333333333,2.9
7.3,6.136065574,,4.566666667,2.8,,19.06666667,10.23333333
61.53333333,40.1726776,,9.333333333,6.5,,3.166666667,2.5
13.26666667,11.2010929,,26.1,17.23333333,,6,4.7
2.566666667,2.287978142,,8.833333333,5.266666667,,6.666666667,5.233333333
3.133333333,2.838251366,,2.766666667,2.433333333,,6.466666667,4.866666667
2.8,2.17704918,,2.266666667,2.1,,4.466666667,3.2
2,1.950819672,,65.06666667,20.2,,1.966666667,1.9
2.366666667,2.006010929,,2.6,1.9,,3.1,3.233333333
4.233333333,4.069398907,,5.8,4.3,,4.433333333,3.266666667
4.133333333,3.657923497,,3.266666667,2.866666667,,3.033333333,2.766666667
6.733333333,5.864480874,,9.633333333,5.766666667,,5.966666667,4.766666667
2.733333333,2.208743169,,3.6,2.7,,3.366666667,2.2
4,3.606557377,,2.2,1.9,,28.46666667,19.86666667
3.133333333,2.575956284,,6.7,5.366666667,,5.066666667,3.633333333
2.866666667,2.719125683,,2.866666667,2.566666667,,4.166666667,3.2
2.566666667,2.304371585,,20.43333333,15,,8.4,5.733333333
62.4,38.85901639,,3.7,2.9,,4.166666667,3.833333333
4.5,3.073770492,,6.666666667,4.833333333,,4.733333333,3.5
35.13333333,26.13333333,,4.4,2.3,,1.766666667,1.9
31.36666667,24.9568306,,4.2,2.8,,1.9,1.833333333
2.266666667,2.03715847,,10.33333333,8.7,,2.566666667,2.433333333
4.333333333,3.825136612,,3.233333333,2.633333333,,3,2.1
7.8,6.931147541,,3.066666667,1.966666667,,2.066666667,1.9
3.1,2.755737705,,3.066666667,2.533333333,,2.366666667,1.933333333
9.066666667,7.83715847,,4.633333333,3.766666667,,11.5,7.433333333
2.433333333,2.433333333,,5.266666667,4.266666667,,4.3,2.8
28.86666667,25.24371585,,3.566666667,2.933333333,,5.233333333,4.666666667
2.366666667,2.219125683,,7.533333333,5.9,,6.466666667,3.033333333
6.9,6.440983607,,7.066666667,4.1,,4.9,3.5
20.2,15.29836066,,5.7,3.8,,35.93333333,17.43333333
1.933333333,1.900546448,,16.43333333,10.5,,6.966666667,5.333333333
2.533333333,2.434972678,,3.433333333,2.633333333,,2.933333333,2.6
3.4,2.809836066,,2.5,2.233333333,,3.633333333,2.3
2.233333333,2.053005464,,15.66666667,10.06666667,,10.3,8.066666667
2.366666667,2.284699454,,4.2,2.766666667,,2.433333333,2
7.1,5.657377049,,6.633333333,4.766666667,,10.26666667,6.733333333
7.566666667,6.64863388,,1.866666667,1.6,,6.533333333,4.466666667
2.633333333,2.223497268,,4.666666667,2.966666667,,9.4,8.533333333
4.3,3.595081967,,5.4,3.366666667,,2.9,1.766666667
2.833333333,2.571038251,,88.26666667,61.36666667,,2.2,2.166666667
6.6,5.681967213,,2,1.7,,6.5,2.466666667
4.066666667,3.755191257,,2.333333333,1.833333333,,6.1,4.066666667
7.4,6.203278689,,2.266666667,1.833333333,,1.933333333,1.6
3.666666667,3.371584699,,21.93333333,13.76666667,,2.166666667,1.8
8,6.032786885,,2.9,2.433333333,,4.566666667,3.566666667
3.066666667,2.935519126,,2.566666667,1.8,,3.533333333,2.3
5.3,4.578688525,,7.033333333,5.566666667,,3.966666667,2.733333333
3.2,3.003278689,,7.233333333,4.833333333,,3.633333333,2.466666667
2.8,2.619672131,,2.033333333,1.766666667,,6.4,4.8
2.5,2.139344262,,3.833333333,3.233333333,,6.533333333,4.966666667
1.866666667,1.653551913,,2.933333333,2.733333333,,32.46666667,18.93333333
2.8,2.619672131,,3.766666667,2.933333333,,3.566666667,2.966666667
6.033333333,5.180874317,,4.366666667,2.966666667,,2.133333333,1.9
18.7,15.99508197,,1.7,1.666666667,,3.066666667,2.1
6.766666667,5.651912568,,2.966666667,2.033333333,,2.133333333,1.833333333
15.66666667,13.74863388,,12.8,6.9,,17.7,13.7
8.366666667,7.268306011,,1.933333333,1.6,,8.266666667,4.866666667
2.166666667,1.904371585,,3.733333333,2.633333333,,1.8,1.6
1.8,1.767213115,,12.66666667,4.166666667,,5.166666667,3.4
7.633333333,6.616939891,,2.566666667,2.3,,8.3,5.266666667
2.1,1.870491803,,3.966666667,3.1,,4.666666667,3.8
4.4,4.121311475,,2.1,1.9,,1.9,1.6
2.233333333,2.184153005,,6.2,2.766666667,,4.833333333,3.233333333
3.033333333,2.410382514,,4.2,2.333333333,,8.766666667,6.4
3.166666667,2.691256831,,1.5,1.6,,2.333333333,1.9
3.966666667,3.769945355,,12.96666667,9.333333333,,3.433333333,2
31.73333333,27.33989071,,3.533333333,2.866666667,,4.2,3.4
5.2,4.593442623,,13.33333333,10.33333333,,2.866666667,2.233333333
14.66666667,11.22404372,,13.03333333,9.6,,2.5,2.266666667
3.666666667,3.355191257,,5.933333333,5.566666667,,4.366666667,3.2
4.166666667,3.642076503,,21.13333333,13.4,,3.133333333,2.333333333
7.233333333,6.200546448,,2.333333333,1.9,,5.6,4.266666667
14.8,12.61967213,,17.5,12.03333333,,7.166666667,5.833333333
5,4.37704918,,2.866666667,2.2,,4.266666667,3.166666667
1.766666667,1.668306011,,1.633333333,1.633333333,,5.4,4.066666667
1.8,1.816393443,,2.5,2.066666667,,4.266666667,3.1
2.6,2.468852459,,2.733333333,1.933333333,,2.166666667,1.866666667
2.333333333,2.021857923,,6.6,3.966666667,,3.2,2.666666667
5.3,4.414754098,,2.466666667,1.733333333,,8.066666667,5.266666667
2.833333333,2.68579235,,2.8,1.833333333,,1.766666667,1.4
13.33333333,10.77595628,,6.566666667,4.066666667,,1.766666667,1.533333333
7.7,6.306557377,,20.8,14.8,,7.533333333,5.033333333
10,8.016393443,,2.2,1.966666667,,4.1,3.3
4.666666667,3.699453552,,2.8,2.233333333,,4.8,3.733333333
2.433333333,2.121857923,,1.966666667,1.733333333,,4.366666667,3.566666667
5.366666667,4.645355191,,13.43333333,12,,2.666666667,1.866666667
4.2,3.478688525,,2.866666667,2.333333333,,11.33333333,5.166666667
2.633333333,2.256284153,,2.533333333,1.966666667,,11.26666667,7.4
4.633333333,3.600546448,,4.866666667,3.433333333,,2.233333333,1.7
5.433333333,4.97431694,,3.366666667,2.866666667,,2.566666667,2.1
2.233333333,2.053005464,,2.466666667,2,,4.5,3.3
4.366666667,3.776502732,,3.1,2.333333333,,6.333333333,5.033333333
41.83333333,36.75136612,,3.3,2.566666667,,3.166666667,2
5.633333333,4.17431694,,4,2.966666667,,3.766666667,2.533333333
2.033333333,2.049726776,,5.466666667,3.7,,4.2,3.166666667
5.266666667,3.758469945,,41,32.13333333,,3.066666667,2.133333333
6.966666667,6.343715847,,6.3,4.766666667,,4.433333333,2.833333333
4.866666667,4.112568306,,5.033333333,3.833333333,,5.633333333,4.9
8.966666667,7.868306011,,6.033333333,5.066666667,,3.166666667,2.133333333
5.233333333,4.528415301,,3.666666667,2.6,,2.5,1.666666667
1.933333333,1.867759563,,5.4,4.366666667,,14.03333333,5.2
8.966666667,7.376502732,,3.5,3.1,,5,3.833333333
3.6,2.944262295,,3.066666667,2.533333333,,1.5,1.366666667
33.13333333,29.21530055,,2.066666667,1.966666667,,2.733333333,2.2
9.533333333,7.713661202,,1.766666667,1.466666667,,4.233333333,2.766666667
1.866666667,1.932240437,,2.766666667,2.466666667,,3.466666667,2.966666667
9.533333333,8.123497268,,4.833333333,3.766666667,,3.966666667,3.2
2.533333333,2.271038251,,3.866666667,3.5,,3.1,2.166666667
2.266666667,2.086338798,,4.666666667,3.2,,10.76666667,7.366666667
3.966666667,3.540437158,,2.866666667,2.166666667,,6.033333333,3.833333333
3.766666667,3.16010929,,4.733333333,2.866666667,,7.466666667,5.933333333
33.6,29.33770492,,7.733333333,4.766666667,,4.4,3.466666667
2.866666667,2.653551913,,7.3,6.033333333,,5.733333333,3.766666667
12.13333333,8.98579235,,1.933333333,1.866666667,,2.466666667,1.7
3.566666667,2.894535519,,4.8,3.666666667,,1.666666667,2.333333333
7.066666667,6.361748634,,2.1,2.133333333,,3.666666667,3.133333333
3.266666667,2.824043716,,3.633333333,2.766666667,,2.1,1.7
4.333333333,3.825136612,,2.4,2.166666667,,4.033333333,3.233333333
2.166666667,1.93715847,,3,2.633333333,,5.033333333,4.266666667
39.06666667,34.18142077,,2.633333333,2.2,,8.133333333,5.1
3.933333333,3.244808743,,2.166666667,1.866666667,,2.033333333,1.8
6.333333333,5.18579235,,4.466666667,3.366666667,,2.9,2.033333333
9.2,7.560655738,,13.3,7.433333333,,2.466666667,1.9
2.1,2.03442623,,3.233333333,2.4,,8.6,5.733333333
2.633333333,2.289071038,,31.63333333,21.86666667,,3.3,2
2.1,2.116393443,,6.566666667,4.166666667,,4.2,2.666666667
2.733333333,2.454644809,,3.9,2.6,,6.633333333,4.133333333
5.566666667,5.058469945,,6.033333333,3.133333333,,2.4,2.166666667
10.33333333,8.005464481,,5.9,3,,2.133333333,1.833333333
2.9,2.260655738,,9.333333333,7.3,,3.333333333,2.266666667
6.7,5.896721311,,4.1,3.033333333,,1.766666667,1.6
4.4,4.02295082,,3.533333333,2.566666667,,15.56666667,13.3
6.6,5.042622951,,2.4,2.166666667,,12.16666667,8.266666667
3.9,3.227868852,,5.666666667,2.833333333,,9.3,5.9
2.933333333,2.523497268,,2.4,1.933333333,,9.233333333,6.8
1.733333333,1.65136612,,2.633333333,1.966666667,,7.933333333,5.633333333
6.166666667,5.412568306,,4.466666667,3.666666667,,6.166666667,3.9
5.033333333,4.066120219,,2.366666667,1.9,,4.166666667,3.4
2.1,1.968852459,,2.2,1.633333333,,7.233333333,4.133333333
4.5,3.991803279,,2.966666667,1.666666667,,8.8,5.5
12.43333333,10.8431694,,66.2,16.16666667,,5.266666667,3.666666667
9.833333333,8.669398907,,4.2,3.333333333,,56.26666667,20.56666667
1.866666667,1.866666667,,3.933333333,2.3,,2.066666667,1.866666667
3.2,2.937704918,,3.6,2.666666667,,4.233333333,2.233333333
19.23333333,11.8726776,,3.4,3,,7,3.833333333
2.033333333,1.934972678,,4.133333333,3.6,,5.766666667,4.533333333
5.133333333,4.723497268,,2.866666667,2.533333333,,4.466666667,3.266666667
3.2,2.560655738,,1.733333333,1.633333333,,1.6,1.533333333
21.23333333,18.33169399,,27.16666667,19.36666667,,3.033333333,2.3
3.233333333,2.823497268,,11.3,8.233333333,,2.833333333,2.4
4.4,3.924590164,,3.333333333,2.766666667,,5.633333333,4.3
3.9,3.473770492,,2.5,2,,6.833333333,2.9
3.7,3.585245902,,10.43333333,5.133333333,,3.033333333,2.866666667
2.966666667,2.540437158,,6.166666667,4.466666667,,14,6.333333333
5.666666667,5.076502732,,2.566666667,2.033333333,,5.3,3.666666667
14.23333333,11.38087432,,11.16666667,9.166666667,,3.033333333,2.466666667
2.466666667,2.171584699,,2.833333333,2.233333333,,9,5.333333333
3.133333333,2.821857923,,1.7,1.6,,10.73333333,6.966666667
3.833333333,3.37431694,,4.866666667,3.4,,2.266666667,2.1
3.033333333,2.984153005,,5.866666667,4.266666667,,4.133333333,2
4.9,4.391803279,,3.466666667,2.433333333,,4.3,2.933333333
3.833333333,3.357923497,,2.9,1.8,,4.9,3.1
4.533333333,3.910382514,,3.1,1.666666667,,3.4,1.9
7,6.131147541,,7.066666667,5.933333333,,3.933333333,2.7
5.166666667,4.904371585,,4.466666667,3.566666667,,8.466666667,4.233333333
4.566666667,3.566666667,,3.466666667,3.033333333,,22.56666667,15.3
2.466666667,2.040437158,,6.133333333,4.433333333,,10.76666667,8.2
2.233333333,1.954644809,,5.133333333,3.7,,6.4,4.933333333
2.6,2.403278689,,2.8,2.033333333,,5.1,4.2
5.966666667,4.966666667,,3.833333333,2.933333333,,3.5,1.9
13.5,10.51639344,,2.7,2.633333333,,2.066666667,1.766666667
5.233333333,4.184153005,,7.733333333,5.866666667,,3.366666667,3.066666667
2.766666667,2.438797814,,4.9,3.533333333,,3.5,3.033333333
1.633333333,1.600546448,,2.2,1.933333333,,4.933333333,3.566666667
24.06666667,19.46010929,,3.133333333,2.766666667,,3.233333333,2.266666667
6.1,5.47704918,,3.5,2.8,,10.73333333,7.666666667
2.766666667,2.553551913,,7.5,5.733333333,,4.066666667,2.933333333
3.566666667,3.255191257,,7.7,4.333333333,,2,1.533333333
2.7,2.290163934,,4.933333333,3.433333333,,3.433333333,2.6
4.533333333,3.598907104,,13.56666667,10.43333333,,7.766666667,6.1
12.26666667,11.18469945,,2.5,2.233333333,,4.866666667,3.433333333
10.66666667,8.617486339,,3.733333333,2.933333333,,9.766666667,5.7
1.866666667,1.70273224,,8.5,5.3,,6.6,4.966666667
3.766666667,3.143715847,,25.03333333,11.5,,6.066666667,3
2.066666667,1.919125683,,2.433333333,2.266666667,,2.533333333,2.1
5.133333333,4.412021858,,2.033333333,1.733333333,,1.8,1.7
3.233333333,2.46284153,,8.333333333,6.8,,2.266666667,1.6
10.53333333,8.680874317,,2.533333333,2.266666667,,2.266666667,1.933333333
50.53333333,30.43497268,,23.36666667,19,,2.766666667,2.033333333
3.266666667,2.692896175,,4.433333333,3.266666667,,5.066666667,3.766666667
1.8,1.668852459,,42.4,31.76666667,,3.533333333,2.8
3.2,2.82295082,,2.833333333,1.833333333,,4.8,3.666666667
19.3,15.82459016,,5.066666667,3.6,,2.3,2.266666667
3.466666667,2.974863388,,3.333333333,2.8,,1.8,1.466666667
2.433333333,2.253005464,,3.1,2.166666667,,3.666666667,2.5
39.16666667,28.80601093,,9.266666667,5.833333333,,4.033333333,2.533333333
3.6,2.829508197,,3.033333333,2.1,,3.633333333,2.466666667
11.6,9.993442623,,3.966666667,3.9,,2.533333333,2.333333333
14.8,12.27540984,,2.333333333,2.033333333,,3.666666667,1.933333333
11.5,9.663934426,,2.1,1.633333333,,9.366666667,7.266666667
2.666666667,2.273224044,,2.966666667,2.266666667,,5.866666667,4.533333333
5.033333333,4.541530055,,13.36666667,9.966666667,,5.233333333,4.066666667
7.233333333,6.167759563,,1.666666667,1.733333333,,4.533333333,3.466666667
41.6,32.05901639,,5.2,1.933333333,,4.933333333,3.7
8.633333333,7.55136612,,31.2,3,,12.6,8.8
3.933333333,3.441530055,,1.833333333,1.6,,3.366666667,2.633333333
3.5,2.860655738,,2.366666667,1.533333333,,5.166666667,3.766666667
5.9,4.9,,6.666666667,5.233333333,,6.7,5.233333333
13.66666667,12.33879781,,3.233333333,2.166666667,,4.3,3.566666667
5.733333333,5.257923497,,4.533333333,3.933333333,,3.633333333,2.466666667
3.333333333,2.448087432,,46.43333333,22.33333333,,4.533333333,3.666666667
2.733333333,2.323497268,,30.76666667,18.8,,2.3,1.733333333
3.666666667,3.469945355,,2,1.9,,4.033333333,3.3
8.766666667,6.865027322,,1.966666667,1.666666667,,13.53333333,9.266666667
15.73333333,13.63497268,,1.833333333,2.066666667,,17.8,12.23333333
45.4,34.53114754,,60.2,47.93333333,,8.666666667,2.933333333
3.1,2.821311475,,3.066666667,2.9,,7.066666667,4.6
4.566666667,3.828961749,,5.266666667,3.866666667,,4.7,3.1
2.666666667,2.486338798,,2.566666667,1.833333333,,2.433333333,2.333333333
6.633333333,5.79726776,,2.166666667,1.866666667,,6.733333333,3.9
3.233333333,2.823497268,,4.066666667,3.066666667,,3,2.1
3.533333333,3.238251366,,2.466666667,2.3,,3.033333333,2.466666667
2.4,2.219672131,,3.366666667,2.5,,2.333333333,1.966666667
6.133333333,5.264480874,,4.033333333,2.466666667,,3.366666667,2.833333333
30.06666667,23.72240437,,19.6,15.63333333,,13.46666667,9.033333333
2.933333333,2.425136612,,2.6,1.866666667,,4.866666667,4.366666667
13.16666667,11.01912568,,3.1,1.766666667,,2.033333333,1.633333333
2.866666667,2.374863388,,2.633333333,2.466666667,,7.4,4.766666667
41.06666667,29.13224044,,11.5,7.066666667,,2.2,1.933333333
5.266666667,4.856830601,,7.266666667,5.833333333,,4.233333333,2.566666667
7.5,6.795081967,,6.533333333,4.133333333,,2.9,2.466666667
2.1,1.886885246,,8.7,4.266666667,,4.733333333,3.233333333
3.866666667,3.571584699,,3.6,2.3,,8,6
14.1,10.26393443,,24.43333333,17.26666667,,7.433333333,5.833333333
3.133333333,2.821857923,,2.266666667,2,,3.5,2
4.866666667,4.243715847,,2.7,2.366666667,,4.633333333,3.033333333
8.8,7.685245902,,5.666666667,3.666666667,,17.86666667,7.833333333
3.533333333,3.008743169,,2.433333333,2.233333333,,2.533333333,2.3
184.4666667,134.9584699,,2.2,2.1,,3.2,2.066666667
4.133333333,3.002185792,,2.366666667,1.9,,4.2,3.166666667
6.2,5.691803279,,5.133333333,3.166666667,,3.933333333,1.633333333
1.933333333,1.85136612,,2.933333333,1.966666667,,3.533333333,2.633333333
2.733333333,2.389071038,,5.166666667,3.6,,2.2,1.766666667
5.033333333,4.26284153,,3.033333333,1.9,,3.866666667,3.233333333
3.2,2.740983607,,4.6,3.666666667,,2.366666667,1.9
3.433333333,3.253005464,,3.533333333,1.866666667,,2.666666667,2.3
24.46666667,20.49945355,,2.766666667,2.233333333,,6.133333333,3.966666667
16.36666667,13.61256831,,4.7,2.8,,6.6,3.066666667
12.4,10.84262295,,14.83333333,11.2,,2.233333333,1.766666667
2.1,2.329508197,,27.53333333,22.03333333,,31.13333333,26.2
5.333333333,4.743169399,,14.33333333,10.76666667,,4.833333333,4
3.9,2.981967213,,4.333333333,3.4,,4.033333333,2.766666667
2.466666667,2.269945355,,4.966666667,3.133333333,,3.333333333,2.8
1.966666667,1.901092896,,1.933333333,1.666666667,,8.066666667,5.933333333
13.93333333,12.50710383,,2.3,2.2,,4.833333333,2.7
4.133333333,3.543169399,,10.73333333,6.4,,2.333333333,1.866666667
2.433333333,2.236612022,,7.333333333,4.833333333,,6.8,4.666666667
1.466666667,1.532240437,,12.3,7.5,,19.43333333,15.6
18.5,16.48360656,,157.9666667,105.2,,3,2.433333333
3.133333333,2.690710383,,15.33333333,8.6,,2.933333333,2.266666667
6.9,6.031147541,,24.3,15.46666667,,5.766666667,4.433333333
2.533333333,2.254644809,,2.233333333,1.7,,5.133333333,3.433333333
9.833333333,8.259562842,,4.366666667,3.666666667,,1.6,1.566666667
2.633333333,2.387431694,,3.166666667,2.966666667,,3.266666667,2.4
2.533333333,2.254644809,,2.2,2.066666667,,6.966666667,5.333333333
2.4,2.170491803,,2.966666667,2.466666667,,4.666666667,3.366666667
4.8,3.783606557,,3.366666667,2.466666667,,3.5,2.733333333
9.966666667,8.179781421,,5.633333333,4.6,,6.233333333,5.133333333
2.633333333,2.420218579,,5,3,,4.333333333,2.433333333
3.4,3.104918033,,9.233333333,4.7,,2.4,1.9
3.466666667,3.286338798,,6.733333333,3.333333333,,3,2.533333333
1.966666667,1.901092896,,3.866666667,3.233333333,,3.566666667,3.033333333
7.366666667,6.104371585,,2.5,2.066666667,,6.9,3.9
4.8,4.11147541,,13.46666667,5.466666667,,16.26666667,15.5
7.066666667,5.689617486,,4.066666667,3.266666667,,5.1,3.566666667
38.06666667,29.52568306,,7.066666667,5.066666667,,2.166666667,1.7
2.933333333,2.720218579,,7.433333333,5.1,,3,2.5
11.9,10.17868852,,10.8,6.166666667,,3.133333333,1.733333333
3.133333333,3.002185792,,4.566666667,3.733333333,,17.3,10.6
2.433333333,2.269398907,,1.833333333,1.7,,3.133333333,2.766666667
5.433333333,4.367759563,,9.1,7.366666667,,4.333333333,2.9
1.8,1.8,,6.766666667,4,,3.933333333,2.533333333
11.36666667,9.989617486,,3.966666667,3.166666667,,3.133333333,2.5
5.666666667,5.142076503,,3.866666667,2.833333333,,3.566666667,2.633333333
6.4,5.154098361,,4.2,3.033333333,,2.533333333,1.866666667
3.933333333,3.359562842,,4.5,3.3,,8.166666667,3.2
2.1,1.952459016,,52.8,15.76666667,,4.3,2.9
2.766666667,2.668306011,,5.466666667,4.533333333,,5.7,4.266666667
3.066666667,2.755191257,,9.966666667,7.533333333,,4.633333333,2.6
2.1,1.936065574,,17.46666667,15.2,,3.633333333,3.566666667
3.366666667,2.842076503,,2,1.7,,5.366666667,3.5
3.033333333,2.57431694,,4.333333333,3.3,,26.46666667,11.83333333
6.5,5.745901639,,2.066666667,1.6,,2.433333333,1.9
5.766666667,4.91420765,,12.43333333,9.766666667,,1.733333333,1.5
4.8,4.144262295,,14.1,10.03333333,,9.666666667,6.2
3.266666667,2.906010929,,19.26666667,14.53333333,,4.766666667,3.6
4.033333333,3.803825137,,4.566666667,3.633333333,,3.5,2.033333333
4.566666667,3.779781421,,2.466666667,2.333333333,,8.833333333,6.433333333
8.033333333,6.820218579,,2.966666667,2.566666667,,3.566666667,2.566666667
26,15.86885246,,5.766666667,3.833333333,,7.133333333,4.766666667
5.7,4.798360656,,2.166666667,1.833333333,,7.366666667,5
5.8,4.652459016,,3.266666667,2.533333333,,3.8,3.066666667
2.833333333,2.603825137,,6.833333333,4.966666667,,3.266666667,2.333333333
1.966666667,1.80273224,,8.6,5.966666667,,8.866666667,7.1
5.933333333,4.949726776,,2.533333333,2.533333333,,4.066666667,3.3
10.73333333,9.389071038,,7.3,6,,7.466666667,3.466666667
7.766666667,6.471584699,,2.566666667,2.133333333,,76.73333333,57.4
4.1,3.247540984,,2.266666667,2.2,,1.9,1.566666667
7.566666667,7.222404372,,8.533333333,6.7,,3.866666667,2.8
2.2,2.101639344,,3.1,2,,10.73333333,7.366666667
2.166666667,1.969945355,,3.266666667,2.166666667,,2.233333333,1.866666667
3.9,3.506557377,,2.866666667,2.133333333,,3.2,2.8
2.966666667,2.786338798,,2.3,1.866666667,,3.133333333,2.3
7.066666667,5.951912568,,8.366666667,4.733333333,,10.06666667,8.5
5.133333333,4.346448087,,2.166666667,1.866666667,,6,4.333333333
2.7,2.290163934,,41.56666667,23.66666667,,2.666666667,2.233333333
7.166666667,6.461748634,,1.866666667,1.966666667,,1.9,1.833333333
1.7,1.683606557,,4.033333333,3.4,,11.23333333,9.466666667
2.966666667,2.704371585,,3.233333333,2.233333333,,3.4,2.733333333
2.5,2.204918033,,1.766666667,1.666666667,,3.233333333,2.1
2.233333333,2.200546448,,6.566666667,4.966666667,,21.43333333,8.366666667
2.433333333,2.318579235,,2.766666667,1.566666667,,7.066666667,4.2
5.4,4.744262295,,2.9,1.6,,5.7,3.5
2.533333333,2.369398907,,3.066666667,2.366666667,,15.3,10.56666667
12.06666667,11.16502732,,7.766666667,5.466666667,,9.266666667,7.366666667
2.7,2.339344262,,8.266666667,5.366666667,,2.366666667,1.9
5.2,4.593442623,,5.966666667,3.466666667,,2.966666667,2.033333333
5.2,4.118032787,,10.03333333,6.566666667,,6.7,4.5
1.933333333,1.818579235,,5.166666667,3.666666667,,8.033333333,4.133333333
1.733333333,1.634972678,,1.866666667,1.566666667,,2.366666667,2
18.53333333,14.46775956,,8.733333333,5.5,,9.233333333,5.966666667
1.933333333,1.818579235,,29.96666667,23.2,,1.766666667,1.666666667
3.5,3.024590164,,3.966666667,1.7,,14.46666667,8.666666667
5.133333333,4.215300546,,6.833333333,4.633333333,,3.4,2.766666667
18.36666667,15.05519126,,2.866666667,2.533333333,,5.466666667,4.033333333
7.833333333,7.144808743,,10.1,5.633333333,,5.866666667,4.966666667
5.5,4.139344262,,2.266666667,2.133333333,,4.533333333,3.333333333
3.166666667,2.855191257,,10.43333333,8.566666667,,5.566666667,4.033333333
3.766666667,3.143715847,,2.666666667,2.266666667,,2.566666667,2.133333333
5.233333333,4.512021858,,2.933333333,2.333333333,,7.366666667,5.733333333
1.966666667,1.983060109,,4.633333333,3.4,,3.9,2.233333333
7,5.901639344,,37.93333333,18.33333333,,1.466666667,1.5
5.7,4.63442623,,2.4,2.133333333,,2.2,2.066666667
4.933333333,4.359562842,,2.166666667,2.066666667,,2.633333333,1.9
18.03333333,14.08251366,,2.7,2.333333333,,12.63333333,9.866666667
3.4,3.137704918,,3.4,2.633333333,,1.8,1.733333333
2.666666667,2.404371585,,3.033333333,2.5,,16.9,12.23333333
8.7,7.831147541,,4.333333333,2.766666667,,2.933333333,2.1
2.7,2.372131148,,7.166666667,5.033333333,,7.433333333,5.933333333
3.033333333,2.689071038,,6.033333333,3.766666667,,2.966666667,2.433333333
3.3,2.808196721,,7.5,4.9,,2.166666667,1.8
5.233333333,4.626775956,,5.133333333,2.2,,11.96666667,7.766666667
6.066666667,5.296174863,,7.733333333,4.766666667,,5.033333333,3.533333333
9.766666667,8.094535519,,12.76666667,10.23333333,,2.266666667,1.666666667
9.233333333,8.003825137,,6.2,4.266666667,,2.833333333,2.633333333
2.5,2.237704918,,25.2,18.83333333,,9.166666667,7.233333333
2.666666667,2.453551913,,6.066666667,4.466666667,,1.966666667,1.533333333
6.2,5.593442623,,31.66666667,22.6,,3.433333333,1.966666667
8.5,8.696721311,,2.1,1.766666667,,10.06666667,8.466666667
19.2,16.93770492,,1.5,1.466666667,,3.1,2.566666667
1.966666667,1.901092896,,7.966666667,5.6,,17.66666667,9.833333333
2.833333333,2.489071038,,3.066666667,1.733333333,,1.733333333,1.7
39.7,32.45409836,,4.833333333,4.166666667,,3.666666667,2.766666667
1.666666667,1.601092896,,2.7,2.566666667,,2.133333333,1.8
4.733333333,3.946448087,,4,2.366666667,,4.8,4.033333333
4.133333333,3.559562842,,6.233333333,3.2,,3.166666667,2.666666667
10.23333333,8.020218579,,8.9,6,,5.233333333,3.566666667
2.866666667,2.735519126,,18.03333333,11.8,,12.73333333,8.833333333
4.166666667,3.543715847,,2.266666667,2,,11.03333333,8.333333333
21.4,17.21967213,,5.6,3.9,,3.433333333,2.7
2.7,2.519672131,,3.333333333,2.4,,10.66666667,7.766666667
3.266666667,3.020765027,,5,2.966666667,,6.866666667,4.966666667
1.6,1.501639344,,27.43333333,20.63333333,,2.6,1.633333333
1.9,1.686885246,,2.533333333,2.466666667,,2.966666667,1.7
2.933333333,2.703825137,,12.3,5.033333333,,12.9,8.7
2.433333333,2.187431694,,5.566666667,4.5,,1.6,1.566666667
1.766666667,1.684699454,,2.266666667,2.233333333,,3.766666667,2.666666667
3.366666667,2.973224044,,17.96666667,11.66666667,,5.366666667,4.566666667
8.666666667,7.453551913,,3.333333333,2.433333333,,23.06666667,17.53333333
5.633333333,4.075956284,,8.666666667,6.366666667,,4.166666667,3.3
2.166666667,1.969945355,,42.43333333,21.43333333,,3.633333333,2.266666667
6.933333333,6.130054645,,5.333333333,4.033333333,,1.533333333,1.7
2.066666667,1.935519126,,13.26666667,9.866666667,,6.3,4.5
2.033333333,1.902185792,,5.6,2.566666667,,7.066666667,4.666666667
2.833333333,2.75136612,,16.9,14.6,,3.433333333,2.8
8.066666667,6.033879781,,12,8,,3.3,2.666666667
7.9,6.473770492,,2.9,2.233333333,,6.833333333,5
4.033333333,3.590710383,,2.333333333,2.3,,11.93333333,7.133333333
2.633333333,2.371038251,,4.1,2.866666667,,1.966666667,1.566666667
57.33333333,50.28415301,,10.53333333,8.533333333,,3.233333333,3.133333333
9.766666667,8.028961749,,3.7,3.2,,26.63333333,13.23333333
2.766666667,2.553551913,,5.2,4.333333333,,5.7,4.333333333
15.5,13.31967213,,4.1,3.033333333,,3.966666667,3.233333333
4.466666667,3.089617486,,2.833333333,2.066666667,,7.766666667,4.7
2.1,1.952459016,,12.43333333,8.5,,15.56666667,11.53333333
11.66666667,10.22404372,,2.333333333,2,,2.666666667,2
2.733333333,2.520218579,,8.333333333,2.9,,2.333333333,1.633333333
4.533333333,3.992349727,,6.466666667,5.033333333,,9.833333333,3.666666667
9.5,7.663934426,,2.833333333,1.9,,7.733333333,6.033333333
17.96666667,14.63879781,,12.13333333,8.5,,10.13333333,5.366666667
2.033333333,1.88579235,,78.83333333,59.66666667,,3.566666667,2.433333333
4.5,3.926229508,,3.7,2.666666667,,14.06666667,8.9
4.166666667,3.265027322,,4.233333333,3.8,,22.06666667,16.5
5.733333333,3.864480874,,7,5.366666667,,46,26.73333333
3.1,2.706557377,,4.433333333,3.966666667,,12.73333333,7.033333333
6.9,5.719672131,,6.266666667,4.7,,4.266666667,2.066666667
1.866666667,1.784699454,,3.733333333,3.133333333,,3.733333333,2.7
17.2,14.4295082,,3,2.233333333,,6.633333333,3.633333333
6.766666667,5.455191257,,6.833333333,4.766666667,,2.266666667,2
9.033333333,8.393989071,,2.166666667,2,,51.33333333,38.43333333
3.1,2.870491803,,3.266666667,2.2,,7.133333333,5.433333333
6.533333333,5.533333333,,10,5.433333333,,4.933333333,3.933333333
4.133333333,3.723497268,,1.933333333,1.966666667,,3.1,2.5
6.2,5.51147541,,5.633333333,2.366666667,,2.733333333,2.833333333
5.433333333,3.761202186,,3.266666667,2.566666667,,15.43333333,9.9
11.9,10.21147541,,7.7,5.7,,9.366666667,7.133333333
2.4,2.006557377,,4,3.233333333,,8.633333333,6.7
8.366666667,7.383060109,,7.2,4.866666667,,2.466666667,2.4
2.8,2.570491803,,42.56666667,27.66666667,,7.4,6.066666667
2.233333333,1.987431694,,2.266666667,1.8,,5.266666667,3.2
6.533333333,5.615300546,,13.23333333,6.666666667,,5.2,4.166666667
1.966666667,1.753551913,,3.166666667,2.366666667,,5.133333333,2.733333333
2.233333333,2.08579235,,3.766666667,3.866666667,,2,1.533333333
4.733333333,4.093989071,,2.5,1.8,,6.533333333,4.133333333
4.8,4.48852459,,23.93333333,20.53333333,,5.733333333,3.566666667
9.266666667,8.266666667,,3.033333333,1.966666667,,1.666666667,1.566666667
3.166666667,2.855191257,,1.966666667,1.6,,3.933333333,1.966666667
4.866666667,4.440437158,,4.033333333,2.133333333,,3.733333333,2.166666667
2.366666667,2.055191257,,7.233333333,5.333333333,,4.166666667,3.5
9.933333333,8.277595628,,2.033333333,1.9,,3.033333333,2.866666667
4.533333333,3.484153005,,3.7,3.066666667,,5.566666667,4.066666667
3.533333333,3.320218579,,2.833333333,2.3,,9.133333333,6.5
2.766666667,2.389617486,,3.466666667,2.866666667,,14.46666667,10.66666667
2.566666667,2.173224044,,5.2,2.466666667,,3,2.766666667
2.833333333,2.390710383,,5.366666667,4.033333333,,3.233333333,2.633333333
3.233333333,2.790710383,,6.9,5.7,,4.8,3.4
3.2,2.724590164,,8.833333333,5.5,,2.466666667,1.566666667
2.266666667,2.233879781,,4.7,3,,5.8,4.266666667
2.033333333,1.95136612,,2.4,2.1,,7.633333333,5.9
24.9,17.91639344,,3.2,2.4,,3.8,2.3
7.5,6.18852459,,3.3,2.333333333,,29.43333333,21.46666667
14.73333333,12.71693989,,39.4,29.43333333,,4.533333333,3.766666667
1.666666667,1.633879781,,7.7,4.366666667,,2.566666667,2.3
9.3,6.283606557,,17.06666667,9.8,,3.7,2.4
3.4,3.137704918,,12.83333333,8.833333333,,11.93333333,9.266666667
6.433333333,5.367759563,,2.9,2.433333333,,5.833333333,4.166666667
2.166666667,2.035519126,,2.933333333,1.933333333,,3.733333333,3.033333333
14,9.901639344,,6.266666667,5.1,,5,3.033333333
3.433333333,2.941530055,,3.2,2.733333333,,6.466666667,3.833333333
9.166666667,7.510928962,,2.533333333,2.5,,1.933333333,1.833333333
2.8,2.586885246,,2.7,1.9,,4.3,3.466666667
6.333333333,5.038251366,,4.533333333,3.766666667,,4.066666667,2.933333333
3.233333333,2.692349727,,2.433333333,1.8,,3.8,2.633333333
2.766666667,2.471584699,,2.466666667,2,,3.4,2.133333333
2.366666667,2.186338798,,6.366666667,4.266666667,,4.266666667,2.8
2.9,2.555737705,,6.633333333,4.166666667,,4.7,3.066666667
9.766666667,8.127322404,,2.033333333,1.633333333,,8.466666667,4.633333333
3.333333333,3.136612022,,2.7,2.133333333,,3.333333333,2.4
4.2,3.51147541,,2.366666667,1.833333333,,2.433333333,2.066666667
3.6,2.845901639,,6.233333333,2.233333333,,7.333333333,4.966666667
5.2,4.626229508,,2.266666667,1.866666667,,2.2,1.9
3.4,2.973770492,,2.066666667,2.233333333,,4.033333333,2.833333333
1.966666667,1.933879781,,3,2.6,,38.16666667,24.83333333
3.566666667,3.255191257,,2.766666667,2.1,,5.133333333,3.533333333
2.8,2.570491803,,7,4.4,,11,8.033333333
2.633333333,2.338251366,,2.633333333,1.9,,5.366666667,3.666666667
2.2,2.068852459,,5,3.233333333,,2.666666667,2.133333333
15.4,12.64590164,,5.333333333,4.133333333,,3.533333333,2.833333333
8.133333333,7.264480874,,6.466666667,3.7,,6.2,4.233333333
4.7,3.650819672,,13.7,5.866666667,,8.766666667,5.833333333
5.8,5.259016393,,4.033333333,2.433333333,,4.666666667,3.133333333
3.7,3.290163934,,8.6,7.366666667,,2.8,2.633333333
4.266666667,3.299453552,,5.266666667,4.233333333,,4.4,3.6
4.1,4.083606557,,15.56666667,10.03333333,,18.16666667,11.43333333
10.13333333,8.821857923,,2.8,2.066666667,,3.5,2.7
15.36666667,13.90765027,,6.566666667,4.466666667,,24.63333333,16.56666667
2.9,2.703278689,,5.633333333,4.033333333,,5.566666667,2.833333333
3.933333333,3.425136612,,14.96666667,11.2,,2.133333333,1.733333333
3.333333333,2.677595628,,6.666666667,4.466666667,,2.133333333,1.933333333
3.1,2.575409836,,4.933333333,3.533333333,,4,3.166666667
7.033333333,5.967759563,,5.866666667,4.6,,20.26666667,12.8
5.966666667,4.901092896,,3.6,3.1,,3.166666667,2.6
6.933333333,5.343169399,,5.9,3.133333333,,22.4,13.76666667
3.266666667,2.791256831,,3.633333333,2.866666667,,4.7,4.1
3.533333333,3.271038251,,2.2,2,,11.43333333,5.533333333
3.366666667,2.940437158,,2,1.966666667,,3.3,3.733333333
3.6,3.042622951,,9.266666667,6.133333333,,2.133333333,1.8
8.5,7.745901639,,3.333333333,2.8,,2.066666667,2
4.1,3.657377049,,8.766666667,6.7,,3.233333333,2.366666667
15.16666667,13.36338798,,3.133333333,2.633333333,,5.366666667,4.866666667
12.43333333,9.66284153,,3.466666667,1.733333333,,5.766666667,4.1
4.066666667,3.591256831,,9.733333333,8.366666667,,2.7,1.933333333
4.066666667,3.607650273,,2.666666667,2.266666667,,2.333333333,1.9
11.06666667,9.165027322,,25.63333333,19.2,,3.366666667,2.6
3.266666667,2.840437158,,2.833333333,2.4,,6.633333333,3.733333333
2.766666667,2.356830601,,3.2,2.633333333,,11.1,6.533333333
2.233333333,2.315300546,,5.1,3.466666667,,6.866666667,4.466666667
1.766666667,1.668306011,,15.43333333,10.66666667,,11.2,8.4
11.93333333,10.09726776,,2.766666667,2.133333333,,2.066666667,1.933333333
14.4,11.89180328,,17.73333333,13.03333333,,2.833333333,1.9
4.766666667,3.684699454,,4.1,3.333333333,,3.666666667,2.666666667
2.866666667,2.506010929,,4.366666667,2.7,,10.7,6.533333333
28.36666667,24.90765027,,3.033333333,2.4,,20.33333333,15.4
3.433333333,2.810382514,,3.966666667,3.033333333,,4,2.266666667
35.2,31.65901639,,196.5666667,90.56666667,,3.233333333,2.233333333
4.133333333,3.903825137,,9,8.2,,2.9,2.4
4.666666667,3.896174863,,3.066666667,2.533333333,,1.8,1.766666667
5.4,4.481967213,,2,1.833333333,,4.166666667,3.033333333
8.666666667,7.584699454,,3.1,2.033333333,,4.066666667,3.166666667
3.1,2.47704918,,25.66666667,14.9,,5.433333333,3.266666667
5.766666667,5.078142077,,6.5,5.1,,3.533333333,2.5
2.366666667,2.169945355,,2.566666667,1.933333333,,6.233333333,5.166666667
2.133333333,2.002185792,,2.1,1.8,,3.466666667,2.333333333
6.333333333,5.284153005,,16.1,12,,7.066666667,3.233333333
10.4,8.940983607,,1.966666667,1.9,,2.4,2.1
17.56666667,14.66502732,,16.13333333,10.7,,2.366666667,1.966666667
9.566666667,7.845355191,,11.33333333,8.433333333,,3.666666667,1.7
2.666666667,2.50273224,,2.8,2.266666667,,3.233333333,2.166666667
3.033333333,2.738251366,,2.733333333,2.2,,2.966666667,2.2
3.433333333,3.171038251,,3.766666667,3.033333333,,10.96666667,7.733333333
3.5,3.155737705,,1.633333333,1.6,,2.233333333,2
1.6,1.6,,2.8,2.2,,2.633333333,2.1
5.8,4.898360656,,3,2.5,,,
9.533333333,8.680874317,,1.833333333,2,,,
4.6,4.042622951,,4.266666667,3.166666667,,,
2.366666667,2.104371585,,2.766666667,2.333333333,,,
2.9,2.359016393,,13.56666667,11.03333333,,,
4.666666667,3.74863388,,4.4,3.633333333,,,
4,3.06557377,,1.733333333,1.466666667,,,
2.433333333,2.236612022,,4.2,3.333333333,,,
9.366666667,7.628961749,,2.866666667,2.166666667,,,
5.6,4.632786885,,4.2,1.766666667,,,
2.266666667,2.10273224,,7.733333333,5.633333333,,,
7.933333333,6.277595628,,3.2,2.2,,,
4.166666667,3.756830601,,4.966666667,3.8,,,
4.5,3.81147541,,4.9,4.3,,,
11.53333333,8.434972678,,5.2,3.666666667,,,
2.366666667,2.153551913,,3.566666667,2.766666667,,,
25.73333333,22.96284153,,3.233333333,2.366666667,,,
3.933333333,3.09726776,,6.333333333,5.566666667,,,
18.93333333,16.65464481,,2.6,1.966666667,,,
8.6,7.386885246,,2.366666667,1.766666667,,,
3.2,3.003278689,,2.8,2.1,,,
10.73333333,9.913661202,,9.1,7.5,,,
2.366666667,2.071584699,,3.866666667,3.566666667,,,
3.3,3.037704918,,4.5,2.9,,,
3.166666667,2.887978142,,2.9,2.633333333,,,
98.3,57.15245902,,2.9,2.066666667,,,
2.166666667,2.051912568,,3.366666667,2.566666667,,,
5.166666667,4.822404372,,7.833333333,6.4,,,
4.166666667,3.510928962,,4.833333333,4.033333333,,,
5.7,5.126229508,,2.6,1.866666667,,,
2.233333333,2.053005464,,2.9,2.3,,,
3.7,3.339344262,,8.233333333,7.033333333,,,
2.2,2.085245902,,4.6,3.233333333,,,
1.733333333,1.65136612,,2.066666667,1.966666667,,,
7.3,6.021311475,,6.533333333,2.466666667,,,
3.766666667,3.471584699,,2.566666667,1.933333333,,,
3.5,3.237704918,,1.433333333,1.366666667,,,
2.7,2.142622951,,2.766666667,2.266666667,,,
4.366666667,3.973224044,,8.566666667,6.633333333,,,
3,2.573770492,,2.6,2.266666667,,,
6.2,5.26557377,,8.1,6.066666667,,,
3.533333333,2.975956284,,23.73333333,10.86666667,,,
34.93333333,27.1136612,,6.8,5.133333333,,,
2.4,2.072131148,,5,3.933333333,,,
10.26666667,8.742076503,,7.633333333,4.366666667,,,
15.03333333,13.63989071,,3.133333333,2.7,,,
3.6,3.53442623,,7.2,4.566666667,,,
3.233333333,2.741530055,,2.833333333,2.133333333,,,
4.933333333,4.47431694,,2.333333333,1.766666667,,,
1.766666667,1.783060109,,5.8,4.333333333,,,
11.96666667,10.42568306,,4.233333333,3.366666667,,,
2.2,2.101639344,,2.933333333,2.066666667,,,
13.76666667,12.52076503,,3.966666667,3.366666667,,,
19.96666667,16.76994536,,13.13333333,11.33333333,,,
11.86666667,10.24371585,,5.3,3.066666667,,,
1.8,1.783606557,,20.03333333,14.93333333,,,
4.3,3.824590164,,2.466666667,2.1,,,
4.2,3.396721311,,5.4,4.166666667,,,
2.833333333,2.308743169,,2.066666667,1.733333333,,,
16.2,12.9704918,,1.9,1.5,,,
3.4,3.039344262,,5.333333333,4.466666667,,,
7.933333333,6.736612022,,2,1.533333333,,,
22.26666667,20.21748634,,47.7,33.56666667,,,
9.233333333,7.889071038,,21,14.86666667,,,
18.16666667,15.05191257,,1.866666667,1.666666667,,,
2.733333333,2.58579235,,8.8,5.466666667,,,
6.8,6.160655738,,3,2.033333333,,,
2.833333333,2.521857923,,6.6,5.266666667,,,
6.366666667,5.924043716,,2.733333333,2.433333333,,,
11.93333333,10.73661202,,8.633333333,5.666666667,,,
12.2,9.839344262,,2.166666667,2,,,
15.66666667,13.1420765,,4,3.6,,,
3.833333333,3.357923497,,5.066666667,3.4,,,
18.6,16.41967213,,35.1,11.33333333,,,
6.166666667,5.215846995,,3.033333333,1.833333333,,,
3.4,2.842622951,,7.166666667,4.733333333,,,
24.96666667,20.5568306,,8.966666667,5.966666667,,,
4.066666667,3.509289617,,2.066666667,1.866666667,,,
4.466666667,3.942076503,,3.733333333,2.8,,,
6.5,5.762295082,,24.13333333,17.7,,,
3.133333333,2.526775956,,9.7,4.066666667,,,
7.233333333,6.200546448,,1.833333333,1.666666667,,,
2.133333333,1.920218579,,4.733333333,3.5,,,
3.6,3.140983607,,3.5,2.6,,,
8.266666667,7.41420765,,6.5,3.866666667,,,
4.433333333,3.777595628,,8.766666667,6.166666667,,,
43.83333333,36.66939891,,10.93333333,6.3,,,
22.83333333,16.60382514,,2.433333333,1.9,,,
2.433333333,2.302185792,,1.7,1.8,,,
38.3,33.1852459,,4.7,3.8,,,
5.866666667,4.506010929,,2.466666667,2,,,
4.866666667,3.883060109,,5.566666667,4.3,,,
12.46666667,11.02404372,,1.566666667,1.566666667,,,
6.6,4.436065574,,5.433333333,3.9,,,
3.466666667,2.794535519,,40.76666667,31.73333333,,,
6.166666667,5.93715847,,3.433333333,2.533333333,,,
6.333333333,5.464480874,,1.666666667,1.566666667,,,
23.83333333,19.66939891,,3.333333333,2.166666667,,,
2.666666667,2.289617486,,5.066666667,3.366666667,,,
13.53333333,11.81202186,,5,4,,,
1.866666667,1.735519126,,5.166666667,4.6,,,
3,2.672131148,,4,2.333333333,,,
1.966666667,1.769945355,,2.366666667,2.433333333,,,
7.133333333,5.98579235,,12.7,6.566666667,,,
10.9,9.52295082,,1.933333333,1.666666667,,,
2.066666667,1.886338798,,21.06666667,8.266666667,,,
2.3,2.201639344,,15.56666667,9.733333333,,,
12.06666667,10.03387978,,7.566666667,6.266666667,,,
21.8,15.98032787,,15.26666667,12.26666667,,,
10.43333333,9.007103825,,5,3.3,,,
6.3,5.447540984,,4.9,1.966666667,,,
12.33333333,11.7431694,,3.1,2.9,,,
1.8,1.701639344,,3.133333333,2.4,,,
2.766666667,2.520765027,,14.83333333,11.36666667,,,
2.1,1.985245902,,4.933333333,3.6,,,
9.1,7.493442623,,4.166666667,2.366666667,,,
3.2,2.970491803,,1.866666667,1.766666667,,,
9.966666667,6.950273224,,12.86666667,9.666666667,,,
2.533333333,2.189071038,,2.2,2.033333333,,,
2.566666667,2.435519126,,2.8,2,,,
10.03333333,6.557923497,,4.5,2.233333333,,,
2.4,2.02295082,,6.366666667,4.366666667,,,
6.633333333,5.813661202,,6.5,4.066666667,,,
6.333333333,4.267759563,,5.5,4.3,,,
3.633333333,3.207103825,,4.533333333,3.633333333,,,
2.6,2.272131148,,3.866666667,2.6,,,
7.633333333,6.469398907,,1.9,1.633333333,,,
9.333333333,7.398907104,,2.366666667,2.033333333,,,
4.7,4.142622951,,13.53333333,8.666666667,,,
2.7,2.568852459,,4.833333333,4.066666667,,,
4,3.557377049,,8.4,6.166666667,,,
3.8,3.373770492,,40,25.06666667,,,
3.9,3.162295082,,4.766666667,4.033333333,,,
6.066666667,5.197814208,,9.6,6.5,,,
10.76666667,9.176502732,,3.366666667,2.633333333,,,
2.533333333,2.189071038,,5.466666667,2.666666667,,,
1.9,1.801639344,,2.266666667,1.866666667,,,
2.9,2.621311475,,3.5,2.3,,,
1.766666667,1.651912568,,6.9,3.5,,,
2.4,2.055737705,,7.7,6.1,,,
2.7,2.32295082,,11.1,8.133333333,,,
4.033333333,3.623497268,,2.966666667,2.3,,,
3.533333333,3.189071038,,10.7,7.866666667,,,
5.066666667,4.591256831,,3.5,2.9,,,
13.3,9.218032787,,4,2.666666667,,,
3,2.721311475,,7.433333333,4.4,,,
3.6,3.419672131,,2.133333333,1.733333333,,,
7.6,6.53442623,,13.23333333,7.366666667,,,
27.8,19.24262295,,2.766666667,1.966666667,,,
16.9,14.47377049,,3.6,3.333333333,,,
2.533333333,2.336612022,,6.333333333,5.066666667,,,
4,3.655737705,,13.53333333,7.9,,,
6.2,5.347540984,,12.56666667,7.6,,,
13.23333333,10.69234973,,3.9,3.366666667,,,
7.166666667,6.101092896,,6.533333333,4.866666667,,,
3.266666667,2.692896175,,2.033333333,1.633333333,,,
4.6,3.436065574,,5.2,3.833333333,,,
5,4.245901639,,3.166666667,2.833333333,,,
5.566666667,3.910928962,,3.066666667,2.5,,,
5.166666667,4.346994536,,2.766666667,2.733333333,,,
2.366666667,2.104371585,,14.23333333,9.466666667,,,
21.93333333,16.68743169,,2.766666667,2.266666667,,,
3.433333333,3.023497268,,4.5,3.2,,,
3.366666667,2.792896175,,2.966666667,2.566666667,,,
9.933333333,8.441530055,,9.7,6.9,,,
2.033333333,2.000546448,,7.866666667,5,,,
2.466666667,2.155191257,,5.3,3.066666667,,,
5.166666667,3.642076503,,3.633333333,3.133333333,,,
5.9,5.27704918,,6.433333333,5.333333333,,,
3.666666667,3.109289617,,4.466666667,3.366666667,,,
3.8,3.095081967,,8.2,5.833333333,,,
7.9,6.555737705,,2.6,2.466666667,,,
2.066666667,1.869945355,,14.6,3.833333333,,,
3.266666667,2.873224044,,3.333333333,2.3,,,
2.066666667,1.935519126,,4.233333333,2.466666667,,,
5.7,4.781967213,,2.466666667,1.966666667,,,
4.833333333,4.112021858,,2.2,1.933333333,,,
3,2.803278689,,1.7,1.533333333,,,
2.233333333,2.134972678,,5.8,4.066666667,,,
3.4,3.203278689,,3.7,2.9,,,
5.5,4.155737705,,2.833333333,2.266666667,,,
2.666666667,2.338797814,,3.566666667,2.7,,,
5.9,5.031147541,,9.533333333,6.433333333,,,
2.5,2.221311475,,13.66666667,10.43333333,,,
1.466666667,1.532240437,,27.1,12.56666667,,,
4.233333333,3.577595628,,26.7,6.133333333,,,
2.666666667,2.387978142,,3.766666667,2.3,,,
4.333333333,3.759562842,,4.266666667,2.333333333,,,
2.8,2.554098361,,2.166666667,1.666666667,,,
3.933333333,3.605464481,,17.83333333,13.03333333,,,
2,1.983606557,,3.666666667,2.966666667,,,
9.333333333,7.546448087,,1.833333333,1.633333333,,,
13,10.1147541,,6.066666667,4.4,,,
3.566666667,2.861748634,,13.83333333,12.26666667,,,
1.733333333,1.733333333,,15.9,11.23333333,,,
4.8,4.013114754,,3.2,3.033333333,,,
3.466666667,2.86010929,,7.033333333,5.633333333,,,
5.633333333,4.55136612,,3.1,2.9,,,
4.266666667,3.528961749,,15.8,10.13333333,,,
2.666666667,2.420765027,,3.766666667,2.133333333,,,
7.366666667,5.530601093,,5.566666667,3.733333333,,,
2.133333333,1.920218579,,4.033333333,3.066666667,,,
27.03333333,20.91857923,,12.56666667,9.833333333,,,
2.233333333,2.020218579,,2.066666667,1.566666667,,,
5.4,4.416393443,,7.266666667,5.7,,,
7.2,5.57704918,,2.766666667,2.133333333,,,
4.733333333,3.241530055,,5,4.266666667,,,
165.8,143.8163934,,7.466666667,5.5,,,
2.2,2.019672131,,22.66666667,11.9,,,
3.8,3.357377049,,5.4,3.566666667,,,
3.966666667,3.310928962,,2.866666667,1.966666667,,,
13.93333333,10.65464481,,3.066666667,2.8,,,
15.73333333,12.09398907,,2.933333333,2.3,,,
3.066666667,2.83715847,,3.166666667,2.166666667,,,
4.933333333,5.064480874,,1.633333333,1.666666667,,,
3.466666667,3.171584699,,2.2,1.666666667,,,
2.8,2.373770492,,5.2,4.233333333,,,
4,3.393442623,,2.3,2.033333333,,,
5,4.31147541,,1.833333333,1.733333333,,,
2.633333333,2.289071038,,4,2.633333333,,,
34.93333333,29.37595628,,16.63333333,10.5,,,
7.666666667,6.633879781,,6.466666667,4,,,
2.366666667,2.186338798,,7.066666667,5.566666667,,,
3.766666667,3.307650273,,4.433333333,3.733333333,,,
7.1,6.395081967,,10.26666667,6.633333333,,,
3.1,2.591803279,,12.3,8.933333333,,,
2.433333333,2.105464481,,2.7,2.233333333,,,
2.6,2.239344262,,2.9,2.433333333,,,
11.4,10.12131148,,5.066666667,4.233333333,,,
3.633333333,2.928415301,,16.1,10.63333333,,,
6.4,4.416393443,,3.4,2.8,,,
3.5,3.418032787,,18.2,12.8,,,
1.966666667,1.786338798,,29.43333333,22.13333333,,,
14.5,12.7295082,,2.5,2.033333333,,,
4.4,3.957377049,,14.06666667,9.466666667,,,
4.633333333,3.567759563,,2.533333333,1.833333333,,,
2.533333333,2.746448087,,4.933333333,2,,,
8.6,7.436065574,,3.766666667,2.666666667,,,
23.43333333,18.94153005,,3.7,3.033333333,,,
2.8,2.390163934,,2.466666667,2.266666667,,,
10.73333333,8.077595628,,13.2,8.2,,,
9.433333333,8.253005464,,5.066666667,3.7,,,
2.133333333,1.953005464,,10.66666667,8.266666667,,,
3.466666667,3.187978142,,4.133333333,2.666666667,,,
3.6,3.22295082,,5.766666667,3.166666667,,,
5,4.31147541,,34.6,15.36666667,,,
6.5,5.959016393,,4.8,3.166666667,,,
2.233333333,2.134972678,,2.766666667,2.4,,,
4.233333333,3.889071038,,5.333333333,4.5,,,
2.433333333,2.187431694,,2.833333333,2.566666667,,,
2.7,2.240983607,,7.566666667,5.666666667,,,
5.733333333,4.520218579,,19.16666667,15.03333333,,,
1.833333333,1.702185792,,6.5,3.066666667,,,
2.133333333,1.920218579,,2.166666667,1.933333333,,,
5.133333333,4.084153005,,7.833333333,5.3,,,
5.2,4.495081967,,6.866666667,1.9,,,
2.533333333,2.189071038,,2.866666667,1.733333333,,,
4.133333333,3.575956284,,2.766666667,2.7,,,
13.03333333,11.06612022,,6.833333333,4.8,,,
2.866666667,2.653551913,,8.066666667,6.966666667,,,
4.333333333,3.841530055,,3.166666667,2.733333333,,,
10.96666667,8.80273224,,7.633333333,6.533333333,,,
32.46666667,18.00765027,,4.166666667,2.766666667,,,
5.366666667,4.989617486,,2.066666667,1.833333333,,,
5.233333333,4.446448087,,17.16666667,12.66666667,,,
2.4,2.137704918,,15.86666667,11,,,
2.233333333,2.053005464,,6.1,2.4,,,
31.46666667,29.08961749,,10.7,6.4,,,
1.966666667,1.868306011,,2.466666667,1.933333333,,,
3.466666667,3.040437158,,3.9,3.366666667,,,
13.7,10.24098361,,10.5,7.1,,,
9.133333333,7.395628415,,27.5,19.5,,,
2.2,2.101639344,,5.266666667,3.533333333,,,
4.166666667,3.822404372,,1.833333333,1.6,,,
7.166666667,6.445355191,,3.9,2.633333333,,,
27.26666667,19.64371585,,2,1.8,,,
6,5.262295082,,5.966666667,2.166666667,,,
2.233333333,2.020218579,,3.833333333,2.633333333,,,
8.733333333,6.979234973,,2.633333333,1.4,,,
11.9,10.08032787,,2.033333333,1.633333333,,,
2.066666667,1.935519126,,6.133333333,5.366666667,,,
4.433333333,4.03989071,,13.8,10.46666667,,,
6.933333333,6.080874317,,3.9,2.7,,,
1.566666667,1.566666667,,9.6,6.766666667,,,
3.5,2.942622951,,3.933333333,3.233333333,,,
3.2,2.659016393,,4.966666667,3.033333333,,,
9.1,7.739344262,,10,7.2,,,
6.933333333,6.408743169,,3,2.666666667,,,
3.566666667,3.02568306,,2.4,2,,,
3.5,3.057377049,,5.466666667,3.566666667,,,
2.633333333,2.436612022,,3.6,2.933333333,,,
11.66666667,8.338797814,,2.4,1.9,,,
5.833333333,3.99726776,,12.76666667,10.6,,,
6.1,4.936065574,,4.366666667,3.433333333,,,
1.8,1.73442623,,3.466666667,2.366666667,,,
4.6,4.173770492,,6.733333333,5,,,
9.233333333,8.118579235,,12.2,8.9,,,
2.066666667,1.83715847,,3.6,2.266666667,,,
3.333333333,3.103825137,,5.566666667,3.4,,,
2.4,2.203278689,,3.866666667,4.9,,,
1.966666667,1.786338798,,1.966666667,1.7,,,
7.766666667,6.766666667,,2.3,1.7,,,
6.166666667,5.428961749,,3.533333333,2.8,,,
5.233333333,4.643169399,,12.86666667,6.566666667,,,
1.766666667,1.60273224,,5.2,4.066666667,,,
7.233333333,6.315300546,,6.7,3.933333333,,,
3.4,3.055737705,,11.9,10.73333333,,,
2.733333333,2.372677596,,3.066666667,2.333333333,,,
2.1,1.919672131,,11.36666667,7.766666667,,,
5.633333333,4.961202186,,3.166666667,2.433333333,,,
3.6,3.272131148,,3.566666667,2.733333333,,,
5.333333333,4.726775956,,2.566666667,2.233333333,,,
40.36666667,32.08797814,,11.33333333,8.7,,,
5.033333333,4.557923497,,6.133333333,4.833333333,,,
4.233333333,3.577595628,,2.2,1.7,,,
9.1,7.919672131,,12.5,8.533333333,,,
5.133333333,3.953005464,,3.666666667,3.1,,,
4.566666667,3.468306011,,3.433333333,2.766666667,,,
3.233333333,2.987431694,,2.6,2.366666667,,,
3.233333333,2.725136612,,7.166666667,5.6,,,
2.433333333,2.154644809,,2.3,1.933333333,,,
2.2,1.954098361,,2.866666667,2.633333333,,,
4.433333333,3.941530055,,4.5,3.5,,,
3.6,3.075409836,,11.7,8.066666667,,,
5.233333333,4.561202186,,11.46666667,8.533333333,,,
3.233333333,3.069398907,,6.2,5.266666667,,,
4.833333333,4.112021858,,5.033333333,3.633333333,,,
25.53333333,22.84480874,,3.6,2.633333333,,,
2.133333333,1.887431694,,2.3,1.966666667,,,
5.5,4.663934426,,2.533333333,1.666666667,,,
2.166666667,2.068306011,,5.666666667,3.966666667,,,
2.4,2.383606557,,3.7,2.6,,,
3.8,3.455737705,,3.1,2,,,
3.833333333,3.505464481,,23.86666667,12.2,,,
3.933333333,3.687431694,,4.3,2.066666667,,,
5.2,4.659016393,,2.4,2.433333333,,,
51.26666667,35.82404372,,4.966666667,4.333333333,,,
3.366666667,2.956830601,,29.23333333,17.8,,,
2.8,2.570491803,,3.2,2.233333333,,,
8.333333333,6.87431694,,3.166666667,2.833333333,,,
3.033333333,2.771038251,,5.866666667,3.7,,,
2.733333333,2.471038251,,3.033333333,1.9,,,
2.266666667,2.119125683,,3.6,2.833333333,,,
11.3,10.05409836,,2,1.733333333,,,
3.833333333,3.538251366,,3.6,3.5,,,
5.1,4.214754098,,3.733333333,3.2,,,
3.066666667,2.738797814,,10.33333333,5.266666667,,,
7.266666667,5.889617486,,8.6,5.866666667,,,
5.2,3.839344262,,2.8,2.533333333,,,
2.5,2.303278689,,3.966666667,2.066666667,,,
5.2,4.626229508,,3.6,2.966666667,,,
5.966666667,5.409289617,,2.933333333,2.433333333,,,
2.066666667,1.919125683,,2.366666667,2.266666667,,,
7.966666667,7.015846995,,3.266666667,2.833333333,,,
3.833333333,3.292349727,,18.5,8.166666667,,,
3.766666667,3.455191257,,4.166666667,2.433333333,,,
12.46666667,10.1715847,,3.033333333,2.5,,,
5.666666667,4.961748634,,10,8.033333333,,,
2.8,2.406557377,,2.5,2.1,,,
9.333333333,7.710382514,,4.7,4.133333333,,,
1.766666667,1.750273224,,3.566666667,3.1,,,
17.83333333,15.25956284,,2.3,1.933333333,,,
7.3,5.873770492,,5.066666667,3.2,,,
7.233333333,5.938251366,,9.033333333,5.9,,,
2.533333333,2.418579235,,2.4,2.1,,,
2.1,2.03442623,,7.9,6.033333333,,,
4.2,3.462295082,,9.066666667,5.033333333,,,
25.26666667,22.0863388,,3.133333333,1.933333333,,,
4.233333333,3.528415301,,3.566666667,2.966666667,,,
3.266666667,2.938797814,,5.3,3.833333333,,,
2.066666667,1.984699454,,21.9,15.56666667,,,
8.133333333,7.166120219,,3.2,1.966666667,,,
1.766666667,1.619125683,,3.566666667,2.633333333,,,
3.2,3.019672131,,6.7,5.033333333,,,
4.833333333,4.177595628,,2.866666667,1.9,,,
5.766666667,4.209289617,,4.366666667,3.5,,,
2,1.901639344,,7.933333333,5.933333333,,,
39.7,34.56885246,,5.733333333,4.3,,,
6.1,5.247540984,,2.333333333,2,,,
1.9,1.83442623,,7.366666667,4.1,,,
2.866666667,2.555191257,,5.466666667,3.766666667,,,
7.566666667,6.828961749,,2.633333333,2.166666667,,,
15.4,12.92459016,,3.233333333,1.8,,,
2.566666667,2.222404372,,1.666666667,1.566666667,,,
12.36666667,10.74371585,,40.76666667,20.26666667,,,
4.466666667,3.942076503,,8.433333333,6.133333333,,,
2.266666667,2.020765027,,4.833333333,3.766666667,,,
14.4,10.31803279,,12.73333333,9.733333333,,,
3.766666667,3.406010929,,32.9,26.23333333,,,
14.6,13.02622951,,4.733333333,3.166666667,,,
3.6,3.452459016,,7.033333333,4.266666667,,,
2.666666667,2.191256831,,2.233333333,2.166666667,,,
3.466666667,2.810928962,,2.3,1.833333333,,,
40.7,36.02786885,,13.9,10.83333333,,,
4.1,3.854098361,,2.333333333,2.1,,,
9.866666667,8.669945355,,21.86666667,16.9,,,
5.633333333,4.55136612,,31.2,20.8,,,
2.6,2.337704918,,4.266666667,3.433333333,,,
7.966666667,6.901092896,,30.86666667,25.66666667,,,
3.666666667,3.273224044,,6.6,4.933333333,,,
5.533333333,4.975956284,,2.566666667,2.366666667,,,
5.366666667,4.792896175,,2.033333333,1.9,,,
21,17.50819672,,1.933333333,2.2,,,
21.33333333,19.07103825,,2.933333333,2.466666667,,,
2.966666667,2.376502732,,9.533333333,7.4,,,
2.633333333,2.453005464,,4.8,3.633333333,,,
5.366666667,4.612568306,,12.56666667,8.3,,,
6.6,5.66557377,,3.533333333,3.166666667,,,
2.133333333,1.838251366,,2.033333333,1.866666667,,,
6.633333333,5.354644809,,3.566666667,2.166666667,,,
3.2,2.609836066,,5.033333333,3.4,,,
2.933333333,2.523497268,,1.566666667,1.7,,,
11.53333333,9.795628415,,12.5,9.7,,,
3.3,2.873770492,,3.933333333,2.966666667,,,
6.933333333,6.212021858,,4.466666667,2.066666667,,,
4.666666667,3.961748634,,2.333333333,2.033333333,,,
6.7,5.7,,4.3,2.8,,,
13.33333333,11.31693989,,4.933333333,3.933333333,,,
2.366666667,2.13715847,,9.6,6.466666667,,,
3.666666667,3.142076503,,10.23333333,7.866666667,,,
2.433333333,2.236612022,,20.2,10.2,,,
3,2.786885246,,7.9,5.166666667,,,
4.566666667,4.156830601,,9.233333333,6.8,,,
7.9,7.260655738,,2.466666667,1.5,,,
6.9,6.162295082,,2.866666667,2.033333333,,,
10.83333333,7.964480874,,2.5,1.9,,,
7.733333333,6.454644809,,2.766666667,1.6,,,
2.966666667,2.589617486,,3.766666667,3,,,
2.466666667,2.220765027,,6.6,5.266666667,,,
14.03333333,13.11530055,,2.833333333,3.2,,,
2.7,2.536065574,,4.033333333,3.233333333,,,
14.43333333,11.74480874,,6.4,2.933333333,,,
10.66666667,7.715846995,,1.966666667,1.666666667,,,
3.1,2.903278689,,2.566666667,2.166666667,,,
2.166666667,1.986338798,,5,3.366666667,,,
3.466666667,3.204371585,,34.33333333,19.5,,,
8.366666667,5.858469945,,5.333333333,4.366666667,,,
5.566666667,4.665027322,,6.033333333,2.766666667,,,
2.366666667,2.186338798,,8.9,6.233333333,,,
19.73333333,14.97923497,,3.866666667,2.433333333,,,
3.9,2.752459016,,5.433333333,2.5,,,
23.23333333,20.38087432,,4.233333333,3.166666667,,,
1.966666667,2.442076503,,6.533333333,4.8,,,
1.633333333,1.666120219,,2.533333333,2.1,,,
4.8,3.980327869,,6.2,5.266666667,,,
29.13333333,25.73989071,,2.5,2.333333333,,,
3.466666667,3.073224044,,4.1,3.333333333,,,
2.433333333,2.203825137,,4.033333333,3.066666667,,,
1.766666667,1.832240437,,7.266666667,4.933333333,,,
4.4,3.891803279,,3.333333333,2.633333333,,,
2.166666667,1.93715847,,5.166666667,3.433333333,,,
11.96666667,10.14699454,,2.833333333,2.066666667,,,
2.166666667,2.084699454,,12.26666667,8.2,,,
8.8,7.603278689,,3.166666667,2.433333333,,,
13.46666667,10.49945355,,3.533333333,2.333333333,,,
7.266666667,6.41420765,,1.766666667,1.633333333,,,
13.56666667,11.61584699,,2.2,1.666666667,,,
9.7,8.159016393,,2.566666667,1.966666667,,,
2.333333333,2.136612022,,2.6,2.233333333,,,
1.666666667,1.666666667,,2.333333333,2,,,
4.566666667,3.927322404,,14.23333333,10.13333333,,,
6.933333333,5.556284153,,6.9,5.733333333,,,
5.533333333,5.041530055,,2.9,2.366666667,,,
2.1,2.050819672,,3.166666667,2.033333333,,,
2.8,2.537704918,,2.966666667,3.4,,,
4.433333333,3.793989071,,13.3,9.266666667,,,
3.333333333,2.890710383,,2.8,2.233333333,,,
4.733333333,4.110382514,,39.26666667,29.96666667,,,
3.033333333,2.459562842,,9.666666667,8.433333333,,,
2.366666667,2.251912568,,4.733333333,3.466666667,,,
4.333333333,3.907103825,,30.26666667,13.8,,,
52.26666667,48.10273224,,12.06666667,5.866666667,,,
3.3,2.447540984,,6.3,4.6,,,
1.866666667,1.735519126,,3.966666667,2.566666667,,,
16.43333333,15.03989071,,4.4,3.666666667,,,
2.433333333,2.171038251,,3.366666667,3.133333333,,,
3.966666667,3.606010929,,3.833333333,2.566666667,,,
5.233333333,4.561202186,,3.166666667,1.666666667,,,
2.866666667,2.555191257,,6.066666667,4.433333333,,,
2.766666667,2.291256831,,2.5,1.833333333,,,
1.966666667,1.819125683,,4,2.666666667,,,
4.166666667,3.724043716,,5.066666667,3.566666667,,,
3.966666667,3.36010929,,9.433333333,5.133333333,,,
3.133333333,2.690710383,,7.966666667,5.4,,,
5.666666667,5.027322404,,2.766666667,2.233333333,,,
4.466666667,3.942076503,,2.5,2.133333333,,,
1.733333333,1.700546448,,5.866666667,4.166666667,,,
11.9,10.86721311,,3.133333333,2.266666667,,,
18.46666667,15.35191257,,6.4,4.733333333,,,
4.9,4.27704918,,2.666666667,2.033333333,,,
2.233333333,1.872677596,,2.566666667,1.733333333,,,
5.933333333,5.179234973,,4.266666667,3.466666667,,,
2.4,2.268852459,,18.46666667,10.9,,,
8.2,6.773770492,,4.633333333,3.333333333,,,
2.766666667,2.291256831,,7.066666667,4.8,,,
2.966666667,2.556830601,,34.93333333,23.23333333,,,
6.766666667,5.815846995,,12.43333333,8.4,,,
3.733333333,3.175956284,,1.633333333,1.866666667,,,
11.36666667,9.809289617,,2.3,1.9,,,
5,4.442622951,,2.533333333,1.766666667,,,
2.833333333,2.472677596,,3.3,2.5,,,
2.466666667,2.138797814,,3.033333333,2.666666667,,,
3.166666667,3.00273224,,2.866666667,2,,,
4.033333333,3.57431694,,1.833333333,1.933333333,,,
4.5,3.532786885,,3.533333333,3.3,,,
4.333333333,3.726775956,,8.066666667,3.433333333,,,
,,,10.2,7.8,,,
,,,8.733333333,4.866666667,,,
,,,2.366666667,2.166666667,,,
,,,2.766666667,2.5,,,
,,,6.966666667,5.166666667,,,
,,,2.833333333,2.466666667,,,
,,,58.4,50,,,
,,,89.3,51.23333333,,,
,,,4,3.033333333,,,
,,,3.033333333,2.733333333,,,
,,,2.933333333,2.066666667,,,
,,,4.2,3.5,,,
,,,3.333333333,2.3,,,
,,,2.3,2.033333333,,,
,,,2.2,1.9,,,
,,,2.3,1.633333333,,,
,,,3.8,2.833333333,,,
,,,6.133333333,4.9,,,
,,,2.4,1.633333333,,,
,,,6.9,5.033333333,,,
,,,4,2.933333333,,,
,,,4.533333333,3.233333333,,,
,,,1.933333333,1.9,,,
,,,18.46666667,13.06666667,,,
,,,2.333333333,2.233333333,,,
,,,4.066666667,2.233333333,,,
,,,2.966666667,2.533333333,,,
,,,7.466666667,2.7,,,
,,,4.5,3.066666667,,,
,,,2.5,2.466666667,,,
,,,2.1,1.766666667,,,
,,,31.03333333,17.7,,,
,,,6.1,3.566666667,,,
,,,2.033333333,1.933333333,,,
,,,9.166666667,8.433333333,,,
,,,2.666666667,2.233333333,,,
,,,11.76666667,9,,,
,,,20.3,13.33333333,,,
,,,1.766666667,1.533333333,,,
,,,6.266666667,3.6,,,
