ID,Test_1,Test_2,Test_3,Test_4,Test_5,Test_6,Test_7,Test_8,Test_9,Test_10,Test_11,Test_12,Test_13,Test_14,Test_15,Test_16,Test_17,Test_18,Test_19,Test_20,Test_21,Test_22,Test_23,Test_24,Test_25,Test_26,Test_27,Test_28,Test_29,Test_30,Test_31,Test_32,Test_33,Test_34,Test_35,Test_36,Test_37,Test_38,Test_39,Test_40,Test_41,Test_42,Test_43,Test_44,Test_45,Test_46,Test_47,Test_48,Test_49,Test_50,Test_51,Test_52,Test_53,Test_54,Test_55,Test_56,Test_57,Test_58,Test_59,Test_60,Test_61,Test_62,Test_63,Test_64,Test_65,Test_66,Test_67,Test_68,Test_69,Test_70,Test_71,Test_72,Test_73,Test_74,Test_75,Test_76,Test_77,Test_78,Test_79,Test_80,Test_81,Test_82,Test_83,Test_84,Test_85,Test_86,Test_87,Test_88,Test_89,Test_90
chr2:88801099-88804880,785.648815,736.7387033,1456.399053,1078.748652,1315.933765,1107.828656,1345.241209,780.0312012,466.4800746,638.3948928,927.6975706,2125.721227,1910.534291,1670.229824,586.0519633,1115.137998,872.7760994,1230.444718,1339.659503,1287.47471,1565.377532,976.4830336,1770.901296,683.1119545,758.5974376,1835.82481,991.0802775,1849.315068,1881.846898,1555.091978,762.8294036,1120.056003,1421.211583,1452.432825,2007.312352,1204.819277,1291.274673,1145.3296,1277.955272,1335.969647,985.6725455,1998.600979,2059.732235,1045.369015,1360.891384,1047.211799,1631.587535,1211.264762,736.4222154,1865.355265,988.9799378,875.5034145,1049.568246,1540.199199,1697.552695,2093.589091,2217.818045,2244.192394,1785.950523,2685.836164,453.9264639,808.5163725,763.285946,488.8780249,251.5248695,462.5703492,413.9929621,590.8070424,994.6442234,515.9426272,501.2890289,161.4074732,0,669.702652,394.6849099,287.1500359,200.6554746,272.5538294,457.1637561,1767.703026,0,298.8047809,1099.120703,0,0,894.2144326,1020.147921,436.5144323,252.4614996,529.5675199
chr11:114580132-114583021,851.1195496,798.1335953,728.1995267,647.2491909,164.4917206,507.7548006,411.045925,390.0156006,866.3201386,729.5941632,289.9054908,354.2868711,197.6414784,334.0459647,293.0259816,613.3258991,604.2296073,615.2223589,893.1063355,674.3915149,1381.21547,488.2415168,372.8213254,379.5066414,337.1544167,786.7820614,660.720185,479.4520548,739.2969958,872.3686706,762.8294036,490.0245012,621.7800675,726.2164125,430.1383612,166.1819693,230.584763,572.6648002,255.5910543,320.6327152,422.4310909,99.93004897,542.0347986,278.7650707,680.4456919,349.0705995,652.6350139,706.5711113,736.4222154,593.5221299,635.7728172,350.2013658,238.5382377,821.4395729,518.6966568,622.4183783,471.8761797,121.307697,463.0242096,1263.922901,0,0,0,0,0,0,0,354.4842255,0,0,0,0,0,0,526.2465465,0,0,272.5538294,640.0292585,207.9650619,511.5961801,0,0,902.3641942,192.3816853,0,510.0739607,0,0,794.3512798
chr19:21974729-21988909,589.2366112,1105.108055,910.2494083,1725.997843,932.11975,969.3500739,934.1952842,1326.053042,866.3201386,0,927.6975706,961.6357931,2371.69774,1536.611438,6055.870287,446.0551993,1477.005707,1582.000352,390.7340218,1226.166391,1104.972376,1383.350964,652.4373194,910.8159393,842.8860418,1223.883207,858.9362405,2054.794521,1142.549903,1782.666414,1248.266297,700.0350018,710.6057914,816.9934641,860.2767223,1080.1828,1291.274673,1145.3296,830.6709265,801.5817881,1020.875136,1199.160588,1409.290476,1254.442818,1701.11423,1658.085348,652.6350139,706.5711113,184.1055539,1187.04426,988.9799378,1751.006829,620.199418,821.4395729,1461.781487,1131.669779,1132.502831,1152.423121,1455.218944,1184.927719,778.1596524,0,572.4644595,0,0,154.1901164,0,590.8070424,1147.666412,0,358.0635921,161.4074732,0,133.9405304,657.8081831,0,267.5406327,545.1076588,0,0,0,0,399.6802558,360.9456777,673.3358984,983.6358759,382.5554705,654.7716484,589.0768324,617.8287732
chr3:170359699-170361429,130.9414692,368.3693517,182.0498817,431.4994606,219.3222941,369.2762186,261.5746796,468.0187207,266.5600426,182.3985408,347.886589,202.4496407,0,133.6183859,293.0259816,223.0275997,268.5464921,439.4445421,167.4574379,245.2332782,460.4051565,406.8679307,279.615994,227.7039848,421.4430209,262.2606871,132.144037,547.9452055,470.4617246,265.5035084,138.6962552,490.0245012,266.4771718,0,0,207.7274616,415.0525733,0,383.3865815,213.7551435,140.8103636,99.93004897,0,348.4563384,0,261.8029496,0,706.5711113,122.7370359,254.3666271,494.4899689,350.2013658,333.9535328,0,565.8508983,113.1669779,188.7504719,363.9230909,595.3168409,473.9710878,453.9264639,0,381.642973,488.8780249,817.4558259,385.475291,413.9929621,236.322817,688.599847,309.5655763,716.1271842,726.3336292,617.0300288,401.8215912,920.9314564,574.3000718,802.6218982,0,457.1637561,623.8951856,1193.72442,597.6095618,1798.561151,1082.837033,0,1699.007422,382.5554705,654.7716484,673.2306657,617.8287732
chr7:24623663-24668660,261.8829383,245.5795678,0,0,109.6611471,276.957164,0,234.0093604,199.920032,273.5978112,0,151.8372305,131.7609856,267.2367718,0,223.0275997,268.5464921,263.6667253,334.9148758,245.2332782,368.3241252,0,186.4106627,0,0,305.9708016,330.3600925,205.4794521,134.4176356,75.85814527,0,140.0070004,0,272.3311547,143.3794537,207.7274616,184.4678104,381.7765335,127.7955272,106.8775717,316.8233182,249.8251224,0,243.9194369,510.3342689,174.5352998,244.7381302,0,122.7370359,254.3666271,141.2828483,262.6510243,95.41529507,0,282.9254491,226.3339558,283.1257078,303.2692424,0,315.9807252,648.466377,673.7636437,1526.571892,977.7560499,0,231.2851746,0,1299.775493,153.0221882,515.9426272,501.2890289,564.9261561,514.1916907,1205.464774,394.6849099,287.1500359,601.9664237,817.6614881,548.5965073,0,852.6603001,199.2031873,0,0,577.1450558,804.7929894,255.0369804,218.2572161,589.0768324,529.5675199
chr7:35010468-35018596,261.8829383,429.7642436,273.0748225,431.4994606,328.9834412,276.957164,298.9424909,312.0124805,133.2800213,638.3948928,289.9054908,101.2248203,131.7609856,400.8551577,0,167.2706997,268.5464921,263.6667253,390.7340218,183.9249586,460.4051565,162.7471723,279.615994,227.7039848,252.8658125,174.8404581,264.288074,136.9863014,201.6264534,113.7872179,277.3925104,350.0175009,177.6514479,0,143.3794537,290.8184462,184.4678104,0,255.5910543,160.3163576,140.8103636,149.8950734,487.8313188,243.9194369,0,436.3382494,0,403.7549208,490.9481436,423.9443785,141.2828483,0,381.6611803,0,94.30848305,282.9174447,235.9380898,424.5769394,198.438947,552.9662691,583.6197393,404.2581862,667.8752027,651.8373666,314.4060869,462.5703492,0,708.9684509,459.0665647,412.7541017,501.2890289,726.3336292,617.0300288,1004.553978,657.8081831,574.3000718,468.1961073,545.1076588,731.4620097,311.9475928,852.6603001,398.4063745,199.8401279,360.9456777,673.3358984,0,765.1109411,654.7716484,589.0768324,264.7837599
chr18:44949881-44953340,392.8244075,613.9489194,546.149645,0,383.8140147,415.4357459,523.1493591,156.0062402,333.2000533,273.5978112,405.8676871,506.1241016,263.5219711,534.4735436,683.7272905,446.0551993,268.5464921,791.0001758,502.3723137,674.3915149,460.4051565,325.4943445,279.615994,227.7039848,590.0202293,262.2606871,528.576148,410.9589041,201.6264534,379.2907263,832.1775312,140.0070004,355.3028957,816.9934641,358.4486343,415.4549231,230.584763,318.1471112,319.4888179,267.1939294,563.2414546,449.6852203,650.4417584,348.4563384,510.3342689,349.0705995,734.2143906,504.693651,613.6851795,847.888757,423.8485448,175.1006829,286.2458852,410.7197864,330.0796907,509.2514004,471.8761797,363.9230909,661.4631565,315.9807252,0,0,0,325.9186833,0,154.1901164,620.9894432,0,765.1109411,206.3770509,358.0635921,0,0,0,789.3698198,0,200.6554746,0,0,727.8777165,0,0,299.7601918,360.9456777,0,178.8428865,0,218.2572161,0,441.3062665
chr9:110972073-110973558,1833.180568,1412.082515,1638.448935,970.8737864,1096.611471,1200.14771,1233.137775,1794.071763,1532.720245,1276.789786,1739.432945,2176.333637,1515.251334,2271.51256,3711.662434,1505.436298,1477.005707,2021.444894,1395.478649,1348.78303,828.7292818,1871.592481,745.6426508,2201.13852,2528.658125,1966.955153,1717.872481,1301.369863,1814.638081,1137.872179,2011.0957,1190.059503,977.0829632,726.2164125,1075.345903,1744.910677,1798.561151,890.8119114,1597.444089,1335.969647,1443.306227,1748.775857,1409.290476,1428.670988,2381.559922,1309.014748,1142.111274,1917.835874,2086.52961,2204.510768,1836.677027,1575.906146,667.9070655,1026.799466,1320.318763,2602.840491,1651.566629,1091.769273,793.7557878,1026.937357,1167.239479,404.2581862,190.8214865,244.4390125,377.2873043,385.475291,0,1299.775493,153.0221882,515.9426272,644.5144658,403.5186829,514.1916907,267.8810608,1184.05473,0,0,272.5538294,640.0292585,1143.80784,341.0641201,697.2111554,599.5203837,0,480.9542132,804.7929894,382.5554705,381.9501282,420.769166,353.0450132
chr9:16435555-16437524,261.8829383,184.1846758,364.0997633,431.4994606,493.4751618,646.2333826,336.3103023,390.0156006,333.2000533,455.996352,347.886589,253.0620508,329.4024639,400.8551577,2441.88318,446.0551993,1007.049345,263.6667253,502.3723137,490.4665563,736.6482505,162.7471723,326.2186597,151.8026565,505.7316251,131.1303436,198.2160555,136.9863014,268.8352712,417.219799,346.740638,350.0175009,355.3028957,453.8852578,860.2767223,623.1823847,230.584763,190.8882667,1022.364217,427.510287,422.4310909,349.7551714,325.2208792,592.3757753,850.5571149,610.8735492,244.7381302,0,245.4740718,423.9443785,918.3385137,875.5034145,238.5382377,924.1195195,282.9254491,169.7504668,377.5009438,0,727.6094722,236.9855439,972.6995655,0,0,0,0,0,0,590.8070424,1606.732976,0,0,0,0,133.9405304,263.1232733,0,0,0,0,0,0,0,0,0,0,268.2643298,0,163.6929121,420.769166,0
chr8:47279862-47294030,261.8829383,184.1846758,273.0748225,431.4994606,274.1528676,230.7976366,411.045925,468.0187207,199.920032,364.7970816,347.886589,354.2868711,329.4024639,133.6183859,390.7013088,278.7844996,268.5464921,615.2223589,0,367.8499172,184.1620626,488.2415168,372.8213254,303.6053131,252.8658125,393.3910307,132.144037,616.4383562,268.8352712,265.5035084,346.740638,0,355.3028957,635.4393609,0,415.4549231,322.8186681,254.517689,255.5910543,267.1939294,211.2155455,149.8950734,108.4069597,348.4563384,425.2785575,174.5352998,163.1587535,302.8161906,184.1055539,423.9443785,0,350.2013658,286.2458852,308.0398398,377.2339322,226.3339558,330.3133258,121.307697,330.7315783,0,453.9264639,1212.774559,1335.750405,814.7967082,565.9309564,616.7604657,620.9894432,1417.936902,229.5332823,825.5082035,644.5144658,403.5186829,205.6766763,870.6134476,789.3698198,1005.025126,535.0812655,681.3845735,1005.760263,311.9475928,852.6603001,298.8047809,499.6003197,0,577.1450558,357.685773,637.5924509,381.9501282,1430.615165,441.3062665
chr6:130926605-130956499,1440.356161,1534.872299,1183.324231,1186.623517,1754.578353,2261.816839,1158.402152,2106.084243,1332.800213,1367.989056,2145.300632,1822.046766,2174.056262,1670.229824,4883.766361,2063.005297,1544.14233,2285.111619,837.2871895,2636.25774,552.4861878,976.4830336,1071.86131,1214.421252,1938.637896,1835.82481,1057.152296,1438.356164,1411.385174,606.8651621,1872.399445,630.0315016,1332.385859,907.7705156,1075.345903,1744.910677,1245.15772,1590.735556,2492.01278,1389.408433,1760.129546,1399.020686,1246.680037,1742.281692,1275.835672,1221.747098,1386.849404,1211.264762,1595.581467,763.0998813,988.9799378,963.0537559,1049.568246,924.1195195,1650.398453,1471.170712,1793.129483,849.1538788,2315.121048,1421.913263,1102.392841,404.2581862,381.642973,0,565.9309564,539.6654074,620.9894432,708.9684509,535.5776588,515.9426272,572.9017474,645.6298927,205.6766763,468.7918564,394.6849099,287.1500359,133.7703164,272.5538294,274.2982536,207.9650619,682.1282401,199.2031873,0,541.4185165,0,268.2643298,510.0739607,327.3858242,168.3076664,176.5225066
chr5:128131067-128141981,130.9414692,306.9744597,273.0748225,539.3743258,274.1528676,369.2762186,224.2068682,0,266.5600426,273.5978112,173.9432945,101.2248203,197.6414784,0,0,334.5413995,201.4098691,0,111.6382919,306.5415977,0,162.7471723,93.20533134,0,0,218.5505726,0,205.4794521,0,113.7872179,138.6962552,140.0070004,266.4771718,0,143.3794537,83.09098463,230.584763,0,127.7955272,320.6327152,316.8233182,99.93004897,162.6104396,209.0738031,170.111423,261.8029496,244.7381302,201.8774604,429.5796257,169.5777514,141.2828483,262.6510243,95.41529507,205.3598932,0,396.0844226,94.37523594,181.9615455,264.5852626,0,129.6932754,808.5163725,286.2322297,162.9593416,503.049739,462.5703492,1241.978886,945.2912679,841.6220352,1135.07378,214.8381553,726.3336292,308.5150144,602.7323868,0,1866.475233,200.6554746,545.1076588,365.7310048,519.9126547,852.6603001,697.2111554,699.4404476,721.8913554,192.3816853,268.2643298,0,491.0787363,589.0768324,264.7837599
chr5:84060300-84066606,392.8244075,920.9233792,1092.29929,323.6245955,712.7974559,507.7548006,448.4137364,1014.040562,932.9601493,729.5941632,811.7353743,607.348922,988.2073918,400.8551577,1758.15589,669.082799,469.9563612,703.1112674,502.3723137,1164.858071,828.7292818,1057.85662,372.8213254,455.4079696,252.8658125,699.3618323,264.288074,479.4520548,739.2969958,910.2977432,554.7850208,280.0140007,532.9543436,453.8852578,645.2075418,623.1823847,461.1695259,890.8119114,383.3865815,748.1430022,1091.280318,649.5453183,650.4417584,662.067043,850.5571149,698.1411991,571.0556371,302.8161906,429.5796257,423.9443785,353.2071207,1751.006829,477.0764754,513.399733,660.1593813,339.5009336,660.6266516,242.6153939,992.1947348,947.9421755,194.5399131,0,0,0,0,154.1901164,413.9929621,0,0,0,214.8381553,0,0,0,526.2465465,0,267.5406327,0,0,0,0,298.8047809,299.7601918,0,0,268.2643298,0,0,252.4614996,0
chr2:199308760-199328910,916.5902841,859.5284872,1183.324231,755.1240561,712.7974559,461.5952733,411.045925,1638.065523,999.6001599,638.3948928,637.7920798,759.1861524,922.326899,534.4735436,488.3766361,947.8672986,402.8197382,527.3334505,837.2871895,980.9331126,552.4861878,895.1094475,978.6559791,531.3092979,674.3088334,568.2314888,1123.224315,958.9041096,604.8793602,531.0070169,832.1775312,700.0350018,977.0829632,544.6623094,788.5869955,914.0008309,830.1051467,1654.364978,766.7731629,320.6327152,739.2544091,699.5103428,542.0347986,313.6107046,2041.337076,698.1411991,326.3175069,302.8161906,1043.264805,508.7332542,635.7728172,350.2013658,954.1529507,1642.879146,801.6221059,735.5853562,283.1257078,303.2692424,661.4631565,710.9566316,778.1596524,0,190.8214865,0,754.5746086,539.6654074,0,354.4842255,229.5332823,309.5655763,572.9017474,1049.148576,0,0,789.3698198,0,468.1961073,0,1920.087775,0,0,0,399.6802558,0,192.3816853,178.8428865,382.5554705,163.6929121,420.769166,264.7837599
chr2:173358712-173359491,327.3536729,184.1846758,0,755.1240561,164.4917206,276.957164,261.5746796,0,266.5600426,182.3985408,115.9621963,151.8372305,131.7609856,200.4275788,0,390.2982994,402.8197382,175.7778168,223.2765839,183.9249586,368.3241252,0,233.0133284,531.3092979,0,437.1011452,132.144037,205.4794521,268.8352712,265.5035084,208.0443828,350.0175009,444.1286196,363.1082062,143.3794537,83.09098463,322.8186681,0,0,160.3163576,140.8103636,149.8950734,325.2208792,139.3825354,255.1671345,523.6058993,0,201.8774604,184.1055539,423.9443785,141.2828483,0,333.9535328,513.399733,0,113.1669779,188.7504719,121.307697,198.438947,236.9855439,389.0798262,943.2691012,667.8752027,407.3983541,817.4558259,539.6654074,1034.982405,354.4842255,0,412.7541017,286.4508737,726.3336292,617.0300288,1004.553978,657.8081831,287.1500359,1471.47348,408.8307441,548.5965073,519.9126547,0,498.0079681,599.5203837,360.9456777,384.7633705,0,0,1582.364817,0,0
chr2:71396141-71418639,523.7658767,675.3438114,546.149645,323.6245955,548.3057353,784.7119645,635.2527932,702.0280811,733.0401173,1003.191974,637.7920798,556.7365118,329.4024639,601.2827365,781.4026177,557.5689992,469.9563612,703.1112674,390.7340218,306.5415977,0,325.4943445,512.6293224,607.2106262,505.7316251,437.1011452,528.576148,0,739.2969958,341.3616537,485.4368932,560.0280014,888.2572393,635.4393609,716.8972686,623.1823847,461.1695259,445.4059557,638.9776358,641.2654304,598.4440455,499.6502448,650.4417584,696.9126768,0,436.3382494,489.4762604,706.5711113,368.2111077,423.9443785,706.4142413,350.2013658,429.3688278,308.0398398,424.3881737,396.0844226,755.0018875,727.8461818,463.0242096,315.9807252,324.2331885,539.010915,667.8752027,0,377.2873043,539.6654074,413.9929621,0,0,206.3770509,572.9017474,0,0,0,0,430.7250538,0,0,365.7310048,0,0,398.4063745,0,1443.782711,0,0,0,0,168.3076664,617.8287732
chr16:27213585-27215008,327.3536729,368.3693517,728.1995267,862.9989213,822.4586029,323.1166913,672.6206046,234.0093604,333.2000533,364.7970816,637.7920798,506.1241016,461.1634495,734.9011224,390.7013088,334.5413995,201.4098691,263.6667253,390.7340218,490.4665563,276.2430939,569.6151029,605.8346537,379.5066414,590.0202293,393.3910307,264.288074,479.4520548,268.8352712,341.3616537,485.4368932,350.0175009,888.2572393,635.4393609,1003.656176,457.0004155,507.2864785,636.2942224,511.1821086,320.6327152,316.8233182,399.7201959,325.2208792,383.3019723,595.3899804,261.8029496,326.3175069,706.5711113,429.5796257,763.0998813,211.9242724,437.7517072,477.0764754,0,330.0796907,169.7504668,188.7504719,606.5384849,661.4631565,473.9710878,259.3865508,0,0,0,251.5248695,462.5703492,827.9859242,236.322817,306.0443764,0,286.4508737,0,0,0,263.1232733,0,0,0,0,207.9650619,0,398.4063745,0,0,192.3816853,536.5286596,382.5554705,381.9501282,589.0768324,441.3062665
chr14:99257471-99257839,196.4122037,184.1846758,273.0748225,755.1240561,383.8140147,138.478582,336.3103023,312.0124805,333.2000533,0,231.9243926,354.2868711,131.7609856,0,293.0259816,390.2982994,268.5464921,175.7778168,111.6382919,306.5415977,0,569.6151029,372.8213254,531.3092979,337.1544167,262.2606871,264.288074,205.4794521,201.6264534,75.85814527,554.7850208,490.0245012,266.4771718,363.1082062,143.3794537,166.1819693,276.7017156,254.517689,319.4888179,160.3163576,176.0129546,0,0,418.1476061,340.222846,174.5352998,244.7381302,0,184.1055539,169.5777514,353.2071207,437.7517072,238.5382377,0,0,282.9174447,283.1257078,242.6153939,264.5852626,0,907.8529278,808.5163725,477.0537162,1711.073087,251.5248695,616.7604657,0,708.9684509,765.1109411,1341.450831,501.2890289,322.8149463,514.1916907,870.6134476,920.9314564,1435.750179,1070.162531,272.5538294,274.2982536,831.8602475,511.5961801,697.2111554,899.2805755,721.8913554,480.9542132,1520.164535,382.5554705,0,504.9229992,353.0450132
chr10:94030683-94032252,1505.826895,491.1591356,1820.498817,1294.498382,1096.611471,1061.669129,784.7240387,1014.040562,1132.880181,1732.786138,811.7353743,607.348922,1712.892812,668.0919294,683.7272905,1115.137998,1477.005707,1406.222535,1116.382919,1532.707988,1104.972376,895.1094475,1071.86131,1669.829222,1180.040459,1005.332634,1717.872481,1575.342466,1545.802809,1099.943106,1040.221914,490.0245012,1687.688755,1270.878722,716.8972686,872.4553386,968.4560044,699.9236447,958.4664537,961.8981457,950.4699546,899.3704407,1246.680037,871.1408461,850.5571149,1745.352998,1223.690651,706.5711113,1166.001841,1102.255384,423.8485448,787.953073,1288.106483,1950.918986,801.6221059,1131.669779,1179.690449,788.5000303,992.1947348,1105.932538,453.9264639,0,0,162.9593416,377.2873043,231.2851746,0,472.6456339,459.0665647,515.9426272,572.9017474,242.1112097,514.1916907,535.7621216,0,287.1500359,735.73674,272.5538294,1005.760263,0,1875.85266,498.0079681,0,0,0,268.2643298,382.5554705,218.2572161,252.4614996,882.6125331
chr22:41808875-41813822,0,184.1846758,0,539.3743258,164.4917206,138.478582,261.5746796,0,133.2800213,547.1956224,231.9243926,253.0620508,131.7609856,334.0459647,0,0,134.2732461,263.6667253,334.9148758,0,276.2430939,0,0,303.6053131,168.5772084,218.5505726,330.3600925,273.9726027,201.6264534,265.5035084,208.0443828,210.0105005,444.1286196,816.9934641,0,124.6364769,276.7017156,381.7765335,255.5910543,160.3163576,105.6077727,199.8600979,379.424359,209.0738031,340.222846,523.6058993,407.8968837,0,184.1055539,169.5777514,282.5656965,350.2013658,0,410.7197864,188.6169661,169.7504668,188.7504719,181.9615455,264.5852626,473.9710878,778.1596524,0,0,488.8780249,440.1685217,385.475291,1241.978886,472.6456339,306.0443764,619.1311526,0,645.6298927,719.8683669,736.6729172,789.3698198,1148.600144,936.3922146,953.9384028,0,623.8951856,0,199.2031873,499.6003197,360.9456777,480.9542132,357.685773,765.1109411,600.2073444,252.4614996,441.3062665
chr3:197104903-197119530,392.8244075,245.5795678,273.0748225,215.7497303,219.3222941,461.5952733,224.2068682,0,0,273.5978112,173.9432945,404.8992813,131.7609856,267.2367718,195.3506544,334.5413995,268.5464921,615.2223589,111.6382919,245.2332782,368.3241252,244.1207584,326.2186597,0,337.1544167,349.6809162,198.2160555,136.9863014,336.044089,303.4325811,208.0443828,350.0175009,266.4771718,272.3311547,358.4486343,207.7274616,138.3508578,318.1471112,638.9776358,213.7551435,281.6207273,399.7201959,216.8139195,174.2281692,340.222846,349.0705995,244.7381302,302.8161906,0,508.7332542,282.5656965,262.6510243,381.6611803,513.399733,141.4627246,226.3339558,188.7504719,121.307697,463.0242096,394.9759065,648.466377,539.010915,381.642973,1222.195062,377.2873043,462.5703492,1034.982405,827.1298594,382.5554705,412.7541017,644.5144658,1129.852312,308.5150144,669.702652,920.9314564,1148.600144,1003.277373,545.1076588,182.8655024,207.9650619,1023.19236,0,899.2805755,360.9456777,1058.099269,268.2643298,637.5924509,218.2572161,168.3076664,264.7837599
chr7:677229-711527,261.8829383,429.7642436,273.0748225,0,109.6611471,138.478582,373.6781137,0,133.2800213,0,0,0,197.6414784,267.2367718,0,278.7844996,0,0,279.0957298,0,0,162.7471723,186.4106627,227.7039848,252.8658125,0,0,479.4520548,201.6264534,265.5035084,138.6962552,210.0105005,0,0,0,0,92.23390518,190.8882667,0,213.7551435,0,0,0,0,170.111423,261.8029496,244.7381302,302.8161906,245.4740718,169.5777514,141.2828483,350.2013658,95.41529507,410.7197864,94.30848305,113.1669779,0,121.307697,0,157.9903626,2010.245769,404.2581862,572.4644595,733.3170374,251.5248695,0,0,1772.421127,459.0665647,1341.450831,429.6763105,887.7411024,514.1916907,1205.464774,657.8081831,430.7250538,535.0812655,408.8307441,457.1637561,623.8951856,682.1282401,597.6095618,399.6802558,721.8913554,480.9542132,0,1912.777353,272.8215202,1009.845998,0
chr14:34551714-34554912,1505.826895,1227.897839,2548.698343,431.4994606,1480.425485,877.0310192,1681.551512,6708.268331,4464.880714,1276.789786,985.6786688,4555.116915,1449.370841,2271.51256,3613.987107,3010.872595,604.2296073,1845.667077,893.1063355,1471.399669,1749.539595,1057.85662,3448.59726,2656.54649,2360.080917,699.3618323,726.7922035,3150.684932,3360.44089,2237.815285,1664.355062,350.0175009,3197.726061,1089.324619,788.5869955,1204.819277,2813.134108,5408.500891,3961.661342,855.0205739,844.8621819,3347.65664,2764.377473,1672.590424,3487.284171,1396.282398,897.3731441,3936.610477,1472.844431,593.5221299,1554.111331,525.3020487,1478.937074,2361.638772,1226.01028,905.335823,1038.127595,1395.038515,1521.36526,1737.893988,778.1596524,1347.527287,286.2322297,0,125.7624348,154.1901164,0,1063.452676,765.1109411,412.7541017,286.4508737,242.1112097,308.5150144,602.7323868,920.9314564,1292.175162,200.6554746,272.5538294,548.5965073,727.8777165,682.1282401,298.8047809,399.6802558,1082.837033,288.5725279,0,382.5554705,1418.671905,841.5383321,617.8287732
chr19:11120092-11120522,261.8829383,0,0,0,274.1528676,0,74.73562273,234.0093604,133.2800213,0,0,202.4496407,0,0,0,0,201.4098691,0,334.9148758,0,0,488.2415168,139.807997,227.7039848,0,262.2606871,198.2160555,342.4657534,0,75.85814527,138.6962552,140.0070004,0,181.5541031,143.3794537,124.6364769,138.3508578,0,127.7955272,213.7551435,211.2155455,149.8950734,162.6104396,69.69126768,170.111423,0,163.1587535,302.8161906,245.4740718,254.3666271,0,0,0,0,282.9254491,226.3339558,94.37523594,121.307697,0,0,259.3865508,673.7636437,286.2322297,162.9593416,440.1685217,0,413.9929621,0,306.0443764,722.3196781,859.352621,403.5186829,205.6766763,133.9405304,526.2465465,1005.025126,535.0812655,408.8307441,274.2982536,727.8777165,852.6603001,0,199.8401279,721.8913554,480.9542132,715.3715461,637.5924509,545.6430403,925.6921653,176.5225066
chr5:74634684-74636498,458.2951421,122.7897839,0,323.6245955,0,323.1166913,0,234.0093604,333.2000533,0,0,101.2248203,197.6414784,0,0,390.2982994,335.6831151,263.6667253,111.6382919,0,0,0,279.615994,151.8026565,0,174.8404581,0,410.9589041,0,75.85814527,0,140.0070004,266.4771718,181.5541031,215.0691806,0,230.584763,190.8882667,191.6932907,267.1939294,176.0129546,199.8600979,162.6104396,69.69126768,0,261.8029496,244.7381302,0,245.4740718,0,0,175.1006829,333.9535328,0,141.4627246,282.9174447,0,121.307697,198.438947,0,1556.319305,943.2691012,477.0537162,1140.715392,0,231.2851746,827.9859242,708.9684509,459.0665647,515.9426272,572.9017474,564.9261561,719.8683669,736.6729172,394.6849099,1148.600144,535.0812655,1090.215318,274.2982536,207.9650619,852.6603001,597.6095618,399.6802558,360.9456777,192.3816853,357.685773,765.1109411,600.2073444,757.3844989,353.0450132
chr5:128138597-128152805,196.4122037,0,364.0997633,215.7497303,383.8140147,230.7976366,149.4712455,234.0093604,133.2800213,273.5978112,115.9621963,0,527.0439423,0,0,446.0551993,268.5464921,175.7778168,167.4574379,367.8499172,0,162.7471723,186.4106627,227.7039848,168.5772084,0,132.144037,136.9863014,0,417.219799,0,350.0175009,444.1286196,0,0,83.09098463,415.0525733,254.517689,127.7955272,0,211.2155455,149.8950734,162.6104396,243.9194369,510.3342689,610.8735492,0,0,368.2111077,0,0,0,477.0764754,0,330.0796907,169.7504668,141.5628539,181.9615455,330.7315783,236.9855439,194.5399131,808.5163725,477.0537162,325.9186833,503.049739,231.2851746,0,0,382.5554705,722.3196781,143.2254368,564.9261561,411.3533525,535.7621216,526.2465465,1005.025126,267.5406327,817.6614881,274.2982536,623.8951856,0,896.4143426,299.7601918,1082.837033,0,178.8428865,382.5554705,327.3858242,0,617.8287732
chr10:97436417-97437750,720.1780804,798.1335953,1092.29929,755.1240561,932.11975,784.7119645,971.5630955,1014.040562,932.9601493,1003.191974,1507.508552,1062.860613,790.5659134,1536.611438,1562.805235,557.5689992,1074.185968,1142.555809,837.2871895,367.8499172,552.4861878,1383.350964,512.6293224,607.2106262,1601.483479,743.0719468,594.6481665,1095.890411,537.6705424,834.439598,1386.962552,910.0455023,444.1286196,453.8852578,645.2075418,872.4553386,1245.15772,827.1824892,766.7731629,1015.336932,844.8621819,949.3354652,379.424359,871.1408461,1190.779961,959.9441487,489.4762604,1413.142223,736.4222154,678.3110056,706.4142413,875.5034145,572.4917704,410.7197864,895.930589,961.9193119,943.7523594,849.1538788,595.3168409,394.9759065,389.0798262,0,286.2322297,244.4390125,565.9309564,308.3802328,0,590.8070424,688.599847,309.5655763,286.4508737,403.5186829,0,0,920.9314564,717.8750897,267.5406327,681.3845735,548.5965073,623.8951856,511.5961801,398.4063745,299.7601918,0,577.1450558,715.3715461,510.0739607,436.5144323,504.9229992,176.5225066
chr1:95143891-95173889,720.1780804,552.5540275,1274.349172,1294.498382,657.9668823,646.2333826,709.988416,156.0062402,599.760096,1003.191974,289.9054908,506.1241016,790.5659134,601.2827365,683.7272905,836.3534987,469.9563612,439.4445421,390.7340218,1103.549752,1012.891344,325.4943445,932.0533134,227.7039848,590.0202293,655.6517178,726.7922035,753.4246575,672.088178,644.7942348,762.8294036,420.0210011,1243.560135,1452.432825,430.1383612,540.0914001,553.4034311,827.1824892,511.1821086,427.510287,457.6336818,549.6152693,758.8487181,836.2952122,1275.835672,523.6058993,244.7381302,201.8774604,552.3166616,423.9443785,777.0556654,612.8523901,524.7841229,1129.479413,565.8508983,622.4183783,519.0637977,606.5384849,727.6094722,1342.918082,324.2331885,673.7636437,286.2322297,162.9593416,1006.099478,308.3802328,0,236.322817,382.5554705,0,286.4508737,161.4074732,205.6766763,401.8215912,0,0,133.7703164,0,0,0,511.5961801,796.812749,799.3605116,0,384.7633705,0,0,218.2572161,252.4614996,353.0450132
chr17:82900651-82911789,196.4122037,429.7642436,182.0498817,0,109.6611471,0,373.6781137,312.0124805,133.2800213,0,463.8487853,151.8372305,329.4024639,200.4275788,195.3506544,167.2706997,268.5464921,263.6667253,223.2765839,0,0,0,326.2186597,0,0,262.2606871,330.3600925,136.9863014,201.6264534,227.5744358,485.4368932,280.0140007,355.3028957,181.5541031,430.1383612,166.1819693,415.0525733,318.1471112,255.5910543,160.3163576,281.6207273,149.8950734,216.8139195,69.69126768,170.111423,698.1411991,407.8968837,302.8161906,245.4740718,169.5777514,211.9242724,350.2013658,286.2458852,0,424.3881737,113.1669779,235.9380898,424.5769394,264.5852626,473.9710878,259.3865508,673.7636437,667.8752027,325.9186833,503.049739,1310.61599,0,945.2912679,765.1109411,825.5082035,1217.416213,645.6298927,822.7067051,1473.345834,263.1232733,574.3000718,869.5070564,817.6614881,548.5965073,831.8602475,0,298.8047809,399.6802558,360.9456777,384.7633705,268.2643298,637.5924509,436.5144323,589.0768324,353.0450132
chr20:56381433-56384324,392.8244075,245.5795678,0,539.3743258,0,323.1166913,261.5746796,624.024961,466.4800746,547.1956224,289.9054908,354.2868711,0,200.4275788,0,0,201.4098691,175.7778168,0,122.6166391,368.3241252,325.4943445,186.4106627,759.0132827,0,305.9708016,198.2160555,342.4657534,201.6264534,455.1488716,0,140.0070004,444.1286196,0,286.7589074,373.9094308,368.9356207,0,0,213.7551435,0,149.8950734,0,243.9194369,0,0,163.1587535,201.8774604,122.7370359,169.5777514,0,525.3020487,429.3688278,410.7197864,282.9254491,0,519.0637977,242.6153939,0,0,194.5399131,269.5054575,1431.161149,488.8780249,1760.674087,1079.330815,0,0,0,1031.885254,501.2890289,887.7411024,411.3533525,870.6134476,526.2465465,717.8750897,802.6218982,545.1076588,1005.760263,311.9475928,1534.78854,498.0079681,799.3605116,0,673.3358984,625.9501028,510.0739607,709.3359524,0,176.5225066
chr13:24222819-24224582,196.4122037,184.1846758,273.0748225,323.6245955,164.4917206,230.7976366,373.6781137,234.0093604,399.840064,364.7970816,173.9432945,0,0,200.4275788,0,223.0275997,134.2732461,0,279.0957298,245.2332782,276.2430939,0,186.4106627,0,168.5772084,174.8404581,198.2160555,0,134.4176356,189.6453632,138.6962552,280.0140007,266.4771718,181.5541031,143.3794537,83.09098463,138.3508578,254.517689,383.3865815,0,70.40518182,0,108.4069597,139.3825354,0,436.3382494,244.7381302,504.693651,184.1055539,423.9443785,0,175.1006829,143.1229426,0,141.4627246,169.7504668,283.1257078,0,264.5852626,157.9903626,843.0062901,0,572.4644595,814.7967082,314.4060869,925.1406985,1448.975367,590.8070424,306.0443764,825.5082035,644.5144658,1049.148576,308.5150144,870.6134476,0,0,735.73674,681.3845735,182.8655024,1143.80784,0,498.0079681,399.6802558,0,577.1450558,447.1072163,0,272.8215202,168.3076664,264.7837599
chr20:51674153-51690819,130.9414692,245.5795678,364.0997633,431.4994606,328.9834412,369.2762186,261.5746796,156.0062402,333.2000533,455.996352,289.9054908,151.8372305,263.5219711,334.0459647,293.0259816,278.7844996,201.4098691,263.6667253,614.0106056,183.9249586,184.1620626,0,139.807997,0,421.4430209,305.9708016,528.576148,205.4794521,201.6264534,151.7162905,277.3925104,210.0105005,355.3028957,0,286.7589074,207.7274616,276.7017156,254.517689,127.7955272,106.8775717,316.8233182,349.7551714,433.6278389,104.5369015,0,261.8029496,0,0,429.5796257,254.3666271,0,350.2013658,143.1229426,0,377.2339322,226.3339558,235.9380898,242.6153939,198.438947,315.9807252,324.2331885,0,954.1074325,651.8373666,691.6933912,1773.186339,620.9894432,1654.259719,153.0221882,309.5655763,358.0635921,1049.148576,0,200.9107956,1315.616366,574.3000718,535.0812655,272.5538294,1097.193015,0,511.5961801,0,299.7601918,0,865.7175837,357.685773,637.5924509,381.9501282,1262.307498,353.0450132
chr2:196912882-196923125,130.9414692,368.3693517,364.0997633,0,109.6611471,415.4357459,0,312.0124805,399.840064,0,347.886589,354.2868711,263.5219711,334.0459647,195.3506544,390.2982994,201.4098691,0,111.6382919,306.5415977,184.1620626,0,326.2186597,455.4079696,168.5772084,349.6809162,528.576148,136.9863014,268.8352712,189.6453632,0,140.0070004,710.6057914,0,0,166.1819693,0,381.7765335,255.5910543,213.7551435,352.0259091,199.8600979,108.4069597,209.0738031,255.1671345,523.6058993,0,504.693651,429.5796257,0,0,0,333.9535328,924.1195195,0,169.7504668,283.1257078,0,0,236.9855439,194.5399131,539.010915,381.642973,488.8780249,188.6436521,616.7604657,1034.982405,0,459.0665647,515.9426272,0,564.9261561,514.1916907,870.6134476,0,430.7250538,133.7703164,408.8307441,274.2982536,311.9475928,341.0641201,1394.422311,399.6802558,0,288.5725279,268.2643298,255.0369804,4583.401539,336.6153328,617.8287732
chr9:122280443-122291840,261.8829383,184.1846758,0,0,109.6611471,92.31905465,186.8390568,0,333.2000533,0,347.886589,202.4496407,0,0,195.3506544,223.0275997,134.2732461,351.5556337,279.0957298,245.2332782,0,0,326.2186597,227.7039848,337.1544167,87.42022904,132.144037,205.4794521,268.8352712,265.5035084,138.6962552,0,0,0,143.3794537,166.1819693,230.584763,381.7765335,0,320.6327152,176.0129546,149.8950734,216.8139195,209.0738031,255.1671345,0,163.1587535,0,184.1055539,254.3666271,282.5656965,0,95.41529507,513.399733,141.4627246,282.9174447,235.9380898,121.307697,132.2926313,394.9759065,453.9264639,269.5054575,572.4644595,570.3576958,125.7624348,462.5703492,827.9859242,472.6456339,765.1109411,412.7541017,286.4508737,322.8149463,822.7067051,669.702652,0,717.8750897,535.0812655,545.1076588,640.0292585,0,341.0641201,298.8047809,499.6003197,0,577.1450558,268.2643298,255.0369804,327.3858242,420.769166,176.5225066
chr10:48401612-48410168,261.8829383,552.5540275,819.2244675,862.9989213,657.9668823,600.0738552,373.6781137,156.0062402,199.920032,638.3948928,463.8487853,506.1241016,197.6414784,334.0459647,781.4026177,501.8120992,469.9563612,439.4445421,223.2765839,551.7748759,0,162.7471723,419.4239911,303.6053131,337.1544167,262.2606871,198.2160555,547.9452055,604.8793602,227.5744358,346.740638,350.0175009,355.3028957,181.5541031,716.8972686,623.1823847,276.7017156,254.517689,575.0798722,641.2654304,528.0388637,249.8251224,542.0347986,627.2214092,850.5571149,610.8735492,571.0556371,302.8161906,368.2111077,339.1555028,353.2071207,525.3020487,524.7841229,1232.159359,424.3881737,169.7504668,471.8761797,242.6153939,463.0242096,1026.937357,259.3865508,0,0,407.3983541,377.2873043,462.5703492,0,236.322817,229.5332823,0,358.0635921,0,205.6766763,602.7323868,263.1232733,0,200.6554746,0,0,0,0,0,0,360.9456777,0,0,0,163.6929121,336.6153328,264.7837599
chrX:131749306-131794466,0,0,0,0,0,0,0,0,0,0,0,0,0,0,0,0,0,0,0,0,0,0,0,0,0,0,0,136.9863014,0,0,0,0,0,0,0,0,0,0,0,0,0,0,0,0,0,0,0,0,0,0,0,0,0,0,0,0,0,0,0,0,389.0798262,404.2581862,2003.625608,8066.487411,503.049739,385.475291,827.9859242,354.4842255,153.0221882,0,0,161.4074732,1336.898396,803.6431824,1841.862913,0,200.6554746,1499.046062,0,207.9650619,341.0641201,796.812749,2098.321343,0,2116.198538,894.2144326,892.6294313,0,0,0
chr9:135881633-135883078,1113.002488,1903.24165,2002.548698,2912.621359,2357.714662,1707.902511,1532.080266,1716.068643,1799.280288,2462.380301,1681.451847,2075.108817,1119.968377,2071.084981,2148.857199,1115.137998,2014.098691,2021.444894,2679.319006,1839.249586,1933.701657,2034.339653,1584.490633,1897.533207,2022.9265,1529.854008,2246.448629,2260.273973,1545.802809,2389.531576,1040.221914,1680.084004,2131.817374,2178.649237,2580.830167,1412.546739,2167.496772,1845.253245,1980.830671,1496.286004,1619.319182,1498.950734,1192.476557,1533.207889,2041.337076,2268.958897,1550.008158,2826.284445,1472.844431,2628.455147,1907.318452,1488.355805,1765.182959,2875.038505,1414.627246,2376.506535,1745.941865,1758.961606,1785.950523,1342.918082,3890.798262,3503.570947,2862.322297,3096.227491,1634.911652,5319.559016,7658.869799,8271.298594,4973.221117,4540.295119,5657.404755,2743.927044,3187.988482,5960.353603,4999.342192,7465.900933,6420.975186,2998.092123,3017.28079,4991.161485,3581.173261,3286.85259,3697.042366,4872.766649,3655.25202,2682.643298,7013.51696,4365.144323,3534.460995,2647.837599
chr8:127890589-127890998,130.9414692,184.1846758,273.0748225,0,109.6611471,184.6381093,149.4712455,234.0093604,266.5600426,0,115.9621963,202.4496407,329.4024639,467.6643506,293.0259816,278.7844996,134.2732461,0,279.0957298,183.9249586,184.1620626,0,326.2186597,227.7039848,168.5772084,131.1303436,264.288074,342.4657534,0,341.3616537,0,350.0175009,621.7800675,453.8852578,215.0691806,83.09098463,276.7017156,0,0,106.8775717,140.8103636,149.8950734,0,174.2281692,0,523.6058993,0,302.8161906,0,169.5777514,282.5656965,262.6510243,190.8305901,0,235.7712076,282.9174447,283.1257078,424.5769394,0,236.9855439,907.8529278,269.5054575,1526.571892,3259.186833,377.2873043,1387.711048,413.9929621,2245.066761,1530.221882,3921.163967,1360.64165,1856.185941,925.5450432,1875.167426,1052.493093,2297.200287,3544.913384,408.8307441,1828.655024,2807.528335,1534.78854,697.2111554,899.2805755,1263.309872,961.9084263,447.1072163,510.0739607,1145.850385,757.3844989,441.3062665
chr7:100812747-100813208,654.7073458,368.3693517,1092.29929,215.7497303,822.4586029,415.4357459,672.6206046,390.0156006,466.4800746,820.7934337,985.6786688,253.0620508,329.4024639,267.2367718,195.3506544,669.082799,671.3662303,439.4445421,781.4680435,674.3915149,460.4051565,406.8679307,466.0266567,834.914611,590.0202293,262.2606871,594.6481665,753.4246575,470.4617246,341.3616537,624.1331484,560.0280014,888.2572393,363.1082062,286.7589074,540.0914001,415.0525733,636.2942224,638.9776358,587.8266446,492.8362727,349.7551714,487.8313188,418.1476061,595.3899804,610.8735492,652.6350139,908.4485717,920.5277693,678.3110056,423.8485448,175.1006829,906.4453032,205.3598932,235.7712076,792.1688451,519.0637977,424.5769394,396.8778939,552.9662691,1556.319305,1886.538202,1431.161149,977.7560499,1006.099478,1002.235757,1655.971848,1181.614085,841.6220352,928.6967289,930.9653394,2421.112097,1542.575072,1339.405304,1184.05473,1579.325197,2942.94696,1907.876806,1188.625766,2495.580742,1193.72442,1792.828685,1099.120703,721.8913554,1923.816853,1967.271752,2805.406784,2891.908114,1598.922831,529.5675199
chr7:24623666-24668660,523.7658767,491.1591356,0,862.9989213,712.7974559,507.7548006,186.8390568,624.024961,533.1200853,364.7970816,347.886589,556.7365118,197.6414784,400.8551577,390.7013088,167.2706997,604.2296073,1054.666901,167.4574379,306.5415977,828.7292818,650.9886891,93.20533134,151.8026565,842.8860418,524.5213742,462.5041295,273.9726027,672.088178,341.3616537,208.0443828,490.0245012,355.3028957,363.1082062,358.4486343,581.6368924,368.9356207,254.517689,383.3865815,374.0715011,246.4181364,699.5103428,216.8139195,278.7650707,935.6128264,0,163.1587535,302.8161906,368.2111077,254.3666271,423.8485448,175.1006829,238.5382377,0,424.3881737,622.4183783,707.8142695,242.6153939,595.3168409,236.9855439,518.7731016,2290.796389,3625.608243,2362.910454,754.5746086,848.0456403,827.9859242,945.2912679,153.0221882,1857.393458,716.1271842,887.7411024,308.5150144,1741.226895,1052.493093,430.7250538,1203.932847,1771.599891,1188.625766,311.9475928,852.6603001,298.8047809,799.3605116,360.9456777,1635.244325,804.7929894,892.6294313,600.2073444,504.9229992,1147.396293
chr6:158583954-158589782,523.7658767,429.7642436,819.2244675,0,383.8140147,507.7548006,560.5171705,312.0124805,466.4800746,182.3985408,231.9243926,759.1861524,263.5219711,734.9011224,488.3766361,501.8120992,738.5028533,263.6667253,446.5531677,490.4665563,368.3241252,1139.230206,605.8346537,303.6053131,252.8658125,437.1011452,726.7922035,410.9589041,336.044089,303.4325811,485.4368932,770.0385019,444.1286196,453.8852578,645.2075418,457.0004155,415.0525733,381.7765335,511.1821086,374.0715011,457.6336818,299.7901469,487.8313188,348.4563384,595.3899804,436.3382494,326.3175069,201.8774604,122.7370359,508.7332542,423.8485448,700.4027316,667.9070655,718.7596262,518.6966568,565.8348894,283.1257078,727.8461818,463.0242096,157.9903626,324.2331885,943.2691012,1144.928919,1385.154404,754.5746086,1002.235757,620.9894432,708.9684509,918.1331293,825.5082035,1432.254368,1614.074732,719.8683669,535.7621216,2499.671096,861.4501077,1203.932847,681.3845735,365.7310048,935.8427784,511.5961801,498.0079681,1199.040767,1624.25555,480.9542132,715.3715461,1020.147921,1364.107601,757.3844989,706.0900265
chr5:69174877-69175537,0,429.7642436,546.149645,862.9989213,328.9834412,276.957164,373.6781137,390.0156006,266.5600426,273.5978112,463.8487853,101.2248203,197.6414784,133.6183859,0,557.5689992,402.8197382,263.6667253,893.1063355,306.5415977,460.4051565,244.1207584,419.4239911,303.6053131,337.1544167,524.5213742,528.576148,753.4246575,470.4617246,606.8651621,693.481276,700.0350018,621.7800675,363.1082062,143.3794537,124.6364769,322.8186681,699.9236447,319.4888179,320.6327152,211.2155455,0,216.8139195,452.9932399,425.2785575,436.3382494,0,403.7549208,306.8425898,423.9443785,282.5656965,262.6510243,429.3688278,513.399733,377.2339322,226.3339558,283.1257078,0,264.5852626,552.9662691,518.7731016,943.2691012,1431.161149,1222.195062,1383.386782,385.475291,1448.975367,945.2912679,382.5554705,412.7541017,787.7399026,1371.963522,1028.383381,937.5837128,0,1579.325197,869.5070564,1362.769147,1097.193015,415.9301237,682.1282401,1195.219124,699.4404476,1263.309872,1250.480954,983.6358759,1147.666412,927.5931685,168.3076664,882.6125331
chr4:186706563-186709845,1833.180568,1227.897839,819.2244675,1294.498382,932.11975,969.3500739,747.3562273,780.0312012,1332.800213,911.9927041,1217.603061,556.7365118,724.6854206,1068.947087,2148.857199,1003.624198,1611.278953,878.8890842,948.9254814,919.6247931,1933.701657,325.4943445,699.0399851,1442.125237,505.7316251,1223.883207,1255.368352,1643.835616,537.6705424,568.9360895,416.0887656,910.0455023,532.9543436,907.7705156,573.5178149,1204.819277,830.1051467,827.1824892,766.7731629,748.1430022,844.8621819,649.5453183,867.2556778,975.6777476,2636.727056,1221.747098,1305.270028,807.5098415,1104.633323,678.3110056,1130.262786,963.0537559,572.4917704,924.1195195,754.4678644,905.335823,519.0637977,485.2307879,1058.34105,552.9662691,6873.743596,3638.323676,1526.571892,3422.146175,1006.099478,3392.182561,3725.936659,5199.101973,2830.910482,4333.918068,1074.190776,2259.704624,3393.665158,2143.048486,2104.986186,2153.625269,2942.94696,2725.538294,5485.965073,1663.720495,3581.173261,1593.625498,3397.282174,3068.03826,3078.106964,1341.321649,2167.814333,2837.34381,2356.30733,1235.657546
chr20:35653528-35659014,458.2951421,491.1591356,182.0498817,0,274.1528676,369.2762186,186.8390568,390.0156006,466.4800746,0,231.9243926,354.2868711,790.5659134,467.6643506,390.7013088,334.5413995,335.6831151,439.4445421,111.6382919,0,644.5672192,244.1207584,139.807997,227.7039848,758.5974376,305.9708016,396.432111,273.9726027,336.044089,189.6453632,138.6962552,350.0175009,0,635.4393609,215.0691806,249.2729539,184.4678104,381.7765335,383.3865815,160.3163576,176.0129546,399.7201959,271.0173993,418.1476061,0,261.8029496,244.7381302,302.8161906,306.8425898,254.3666271,706.4142413,0,381.6611803,0,188.6169661,622.4183783,283.1257078,606.5384849,396.8778939,315.9807252,324.2331885,808.5163725,572.4644595,488.8780249,440.1685217,154.1901164,413.9929621,827.1298594,306.0443764,206.3770509,286.4508737,645.6298927,1234.060058,2210.018752,1052.493093,430.7250538,735.73674,272.5538294,548.5965073,623.8951856,1534.78854,298.8047809,699.4404476,721.8913554,577.1450558,178.8428865,1275.184902,654.7716484,1009.845998,794.3512798
chr2:214767482-214781509,458.2951421,0,0,431.4994606,328.9834412,184.6381093,186.8390568,156.0062402,0,182.3985408,231.9243926,101.2248203,0,0,293.0259816,111.5137998,201.4098691,351.5556337,223.2765839,183.9249586,368.3241252,162.7471723,372.8213254,455.4079696,421.4430209,218.5505726,264.288074,479.4520548,201.6264534,303.4325811,208.0443828,210.0105005,621.7800675,453.8852578,0,166.1819693,276.7017156,0,638.9776358,106.8775717,211.2155455,149.8950734,162.6104396,313.6107046,340.222846,261.8029496,244.7381302,302.8161906,184.1055539,0,141.2828483,262.6510243,238.5382377,205.3598932,235.7712076,169.7504668,283.1257078,242.6153939,132.2926313,315.9807252,324.2331885,404.2581862,954.1074325,488.8780249,503.049739,925.1406985,827.9859242,590.8070424,306.0443764,206.3770509,716.1271842,322.8149463,308.5150144,937.5837128,263.1232733,574.3000718,936.3922146,817.6614881,457.1637561,207.9650619,682.1282401,597.6095618,799.3605116,360.9456777,288.5725279,715.3715461,255.0369804,709.3359524,504.9229992,706.0900265
chr17:82563354-82568201,0,184.1846758,273.0748225,0,219.3222941,0,448.4137364,156.0062402,199.920032,273.5978112,173.9432945,151.8372305,0,267.2367718,293.0259816,278.7844996,0,263.6667253,223.2765839,183.9249586,184.1620626,244.1207584,186.4106627,227.7039848,252.8658125,131.1303436,330.3600925,205.4794521,268.8352712,113.7872179,554.7850208,0,0,0,215.0691806,166.1819693,0,254.517689,127.7955272,267.1939294,140.8103636,149.8950734,216.8139195,0,170.111423,0,163.1587535,302.8161906,122.7370359,0,211.9242724,0,95.41529507,0,282.9254491,226.3339558,424.6885617,303.2692424,198.438947,0,0,539.010915,190.8214865,488.8780249,440.1685217,308.3802328,827.9859242,472.6456339,612.0887529,206.3770509,501.2890289,242.1112097,514.1916907,267.8810608,526.2465465,1005.025126,468.1961073,408.8307441,0,831.8602475,0,398.4063745,499.6003197,541.4185165,384.7633705,357.685773,1147.666412,436.5144323,252.4614996,0
chr16:30483827-30484263,523.7658767,245.5795678,728.1995267,647.2491909,438.6445882,323.1166913,635.2527932,468.0187207,266.5600426,273.5978112,521.8298835,506.1241016,263.5219711,668.0919294,0,446.0551993,604.2296073,1230.444718,669.8297516,613.0831954,368.3241252,976.4830336,605.8346537,151.8026565,590.0202293,568.2314888,330.3600925,342.4657534,470.4617246,303.4325811,208.0443828,630.0315016,266.4771718,181.5541031,1003.656176,457.0004155,507.2864785,699.9236447,255.5910543,427.510287,387.2285,599.5802938,596.2382785,557.5301415,170.111423,261.8029496,571.0556371,807.5098415,859.1592513,932.6776327,988.9799378,787.953073,667.9070655,513.399733,471.5424152,792.1688451,424.6885617,727.8461818,463.0242096,315.9807252,129.6932754,0,0,162.9593416,125.7624348,154.1901164,0,236.322817,0,0,429.6763105,0,0,200.9107956,394.6849099,0,267.5406327,0,365.7310048,1039.825309,0,0,0,0,0,804.7929894,892.6294313,109.1286081,252.4614996,176.5225066
chr14:96833467-96860735,327.3536729,1166.502947,273.0748225,539.3743258,493.4751618,415.4357459,560.5171705,780.0312012,399.840064,364.7970816,521.8298835,404.8992813,658.8049279,601.2827365,195.3506544,892.1103987,939.9127224,351.5556337,948.9254814,919.6247931,828.7292818,325.4943445,699.0399851,683.1119545,758.5974376,961.6225195,660.720185,753.4246575,537.6705424,493.0779442,485.4368932,770.0385019,888.2572393,907.7705156,358.4486343,623.1823847,691.7542889,381.7765335,638.9776358,534.3878587,563.2414546,549.6152693,704.6452382,418.1476061,595.3899804,523.6058993,897.3731441,1413.142223,736.4222154,254.3666271,141.2828483,262.6510243,477.0764754,924.1195195,471.5424152,452.6679115,519.0637977,909.8077273,661.4631565,552.9662691,778.1596524,1347.527287,1812.804122,977.7560499,1006.099478,1618.996222,2276.961292,1181.614085,1377.199694,1754.204932,572.9017474,2663.223307,925.5450432,1674.25663,1184.05473,1148.600144,3076.717276,953.9384028,1462.924019,2079.650619,1364.25648,697.2111554,1398.880895,0,1346.671797,357.685773,1530.221882,545.6430403,1346.461331,706.0900265
chr13:21167988-21168399,982.0610187,429.7642436,637.1745858,0,438.6445882,415.4357459,298.9424909,312.0124805,533.1200853,364.7970816,347.886589,151.8372305,461.1634495,133.6183859,0,557.5689992,268.5464921,0,502.3723137,122.6166391,276.2430939,406.8679307,279.615994,607.2106262,758.5974376,480.8112597,594.6481665,342.4657534,403.2529068,341.3616537,277.3925104,280.0140007,0,181.5541031,0,207.7274616,368.9356207,572.6648002,638.9776358,427.510287,316.8233182,0,0,174.2281692,510.3342689,349.0705995,163.1587535,403.7549208,552.3166616,0,211.9242724,0,667.9070655,410.7197864,330.0796907,565.8348894,424.6885617,242.6153939,198.438947,552.9662691,778.1596524,1212.774559,1431.161149,977.7560499,1446.268,925.1406985,1034.982405,708.9684509,1071.155318,722.3196781,1718.705242,726.3336292,1131.221719,736.6729172,920.9314564,1148.600144,1605.243796,817.6614881,640.0292585,1559.737964,1023.19236,896.4143426,599.5203837,1985.201227,2116.198538,625.9501028,0,763.9002565,168.3076664,617.8287732
chr12:120154970-120155719,130.9414692,429.7642436,910.2494083,755.1240561,219.3222941,507.7548006,896.8274728,780.0312012,333.2000533,455.996352,463.8487853,556.7365118,527.0439423,334.0459647,293.0259816,501.8120992,738.5028533,351.5556337,837.2871895,490.4665563,644.5672192,569.6151029,559.2319881,303.6053131,590.0202293,568.2314888,396.432111,410.9589041,537.6705424,493.0779442,624.1331484,420.0210011,621.7800675,726.2164125,716.8972686,540.0914001,415.0525733,763.5530669,511.1821086,694.7042163,492.8362727,549.6152693,975.6626375,313.6107046,340.222846,872.6764988,734.2143906,1009.387302,429.5796257,678.3110056,847.6970896,262.6510243,620.199418,821.4395729,518.6966568,339.5009336,471.8761797,970.4615758,595.3168409,236.9855439,1232.086116,943.2691012,2862.322297,2688.829137,1131.861913,1079.330815,1862.96833,2363.22817,918.1331293,2270.14756,1861.930679,1775.482205,2056.766763,1741.226895,1973.424549,4163.67552,1605.243796,1907.876806,1462.924019,1455.755433,2216.91678,1095.61753,3297.36211,1263.309872,2116.198538,2324.957525,2040.295843,1418.671905,504.9229992,882.6125331
chr12:69251129-69262562,0,184.1846758,273.0748225,323.6245955,219.3222941,138.478582,261.5746796,390.0156006,399.840064,364.7970816,753.7542761,253.0620508,461.1634495,467.6643506,390.7013088,334.5413995,469.9563612,263.6667253,725.6488976,306.5415977,276.2430939,406.8679307,279.615994,379.5066414,505.7316251,393.3910307,330.3600925,821.9178082,0,417.219799,485.4368932,350.0175009,177.6514479,181.5541031,286.7589074,290.8184462,368.9356207,254.517689,319.4888179,160.3163576,528.0388637,299.7901469,325.2208792,278.7650707,255.1671345,0,571.0556371,605.6323811,429.5796257,423.9443785,0,175.1006829,190.8305901,718.7596262,94.30848305,282.9174447,896.5647414,181.9615455,132.2926313,394.9759065,843.0062901,539.010915,190.8214865,814.7967082,880.3370433,308.3802328,0,472.6456339,0,309.5655763,930.9653394,1936.889678,411.3533525,2009.107956,526.2465465,574.3000718,1939.669587,681.3845735,548.5965073,1143.80784,1364.25648,199.2031873,499.6003197,721.8913554,769.5267411,268.2643298,765.1109411,1091.286081,1178.153665,529.5675199
chr1:113848540-113855049,392.8244075,736.7387033,728.1995267,431.4994606,219.3222941,276.957164,373.6781137,234.0093604,666.4001066,1094.391245,579.8109816,202.4496407,527.0439423,467.6643506,390.7013088,278.7844996,335.6831151,439.4445421,669.8297516,245.2332782,644.5672192,569.6151029,372.8213254,455.4079696,337.1544167,349.6809162,396.432111,616.4383562,470.4617246,265.5035084,416.0887656,910.0455023,266.4771718,453.8852578,215.0691806,290.8184462,322.8186681,636.2942224,383.3865815,427.510287,387.2285,449.6852203,379.424359,522.6845076,680.4456919,261.8029496,407.8968837,504.693651,429.5796257,763.0998813,635.7728172,350.2013658,524.7841229,924.1195195,613.0051398,396.0844226,377.5009438,363.9230909,529.1705252,710.9566316,259.3865508,0,0,162.9593416,251.5248695,0,0,236.322817,153.0221882,0,0,242.1112097,0,267.8810608,394.6849099,0,200.6554746,0,640.0292585,207.9650619,0,0,299.7601918,902.3641942,192.3816853,268.2643298,255.0369804,218.2572161,0,353.0450132
chr1:113829592-113834439,1505.826895,736.7387033,1092.29929,2265.372168,1644.917206,1477.104874,1718.919323,936.0374415,1066.240171,1367.989056,1043.659767,1012.248203,1647.01232,1870.657402,976.7532721,1784.220797,1342.732461,1054.666901,1395.478649,980.9331126,644.5672192,1790.218895,1258.271973,1518.026565,1854.349292,1267.593321,1255.368352,1369.863014,940.9234492,1327.517542,970.8737864,1610.080504,1687.688755,544.6623094,1147.03563,1246.364769,1199.040767,1845.253245,1341.853035,1229.092075,1302.495864,1299.090637,1355.086997,1672.590424,1360.891384,1919.888297,1223.690651,1211.264762,1166.001841,1441.410887,1200.90421,1838.55717,1765.182959,2156.278879,1367.473004,792.1688451,1274.065685,606.5384849,1521.36526,1026.937357,389.0798262,943.2691012,1144.928919,0,817.4558259,539.6654074,413.9929621,354.4842255,918.1331293,1238.262305,286.4508737,484.2224195,0,535.7621216,1184.05473,574.3000718,267.5406327,272.5538294,914.3275121,519.9126547,0,498.0079681,1199.040767,1082.837033,480.9542132,804.7929894,1275.184902,1091.286081,336.6153328,706.0900265
chr1:103565435-103575540,392.8244075,245.5795678,273.0748225,970.8737864,767.6280294,507.7548006,485.7815478,702.0280811,466.4800746,820.7934337,1217.603061,657.9613321,1383.490349,801.7103153,586.0519633,724.8396989,537.0929842,878.8890842,1060.563773,1471.399669,460.4051565,650.9886891,372.8213254,379.5066414,337.1544167,874.2022904,991.0802775,342.4657534,201.6264534,644.7942348,693.481276,280.0140007,1065.908687,544.6623094,501.828088,1163.273785,645.6373363,1018.070756,894.5686901,961.8981457,668.8492273,799.4403917,542.0347986,592.3757753,0,698.1411991,244.7381302,706.5711113,920.5277693,508.7332542,635.7728172,525.3020487,381.6611803,718.7596262,707.3136229,565.8348894,377.5009438,667.1923334,661.4631565,789.9518129,389.0798262,673.7636437,381.642973,0,188.6436521,539.6654074,413.9929621,0,306.0443764,928.6967289,358.0635921,161.4074732,0,334.851326,394.6849099,287.1500359,0,681.3845735,0,519.9126547,341.0641201,697.2111554,199.8401279,0,0,0,0,381.9501282,589.0768324,441.3062665
chr1:95143891-95151419,2095.063507,1964.636542,2912.798107,1833.872708,1480.425485,1938.700148,1980.494002,1872.074883,3132.080501,4012.767898,1217.603061,1417.147485,3162.263654,2405.130946,2637.233835,3066.629495,1946.962068,1142.555809,2344.404131,1777.941267,1749.539595,2034.339653,2003.914624,2656.54649,2781.523938,2578.896757,3105.38487,1986.30137,1881.846898,2768.822302,2080.443828,2100.105005,2753.597442,3358.750908,2007.312352,1495.637723,2075.262867,2736.065157,2492.01278,2084.112649,1548.914,749.4753672,2981.191392,1637.744791,2551.671345,1919.888297,2610.540055,2119.713334,1841.055539,1780.56639,2966.939814,1313.255122,2146.844139,4004.517918,2074.786627,2037.005602,2689.694224,1577.000061,1322.926313,3870.763883,583.6197393,1482.280016,1526.571892,977.7560499,1509.149217,462.5703492,827.9859242,1063.452676,1530.221882,619.1311526,644.5144658,403.5186829,2159.605101,1540.3161,789.3698198,574.3000718,267.5406327,1499.046062,1005.760263,207.9650619,1193.72442,1394.422311,2198.241407,721.8913554,577.1450558,268.2643298,510.0739607,1145.850385,1262.307498,3089.143866
