Seq_ID,WHO,age,NYHA,SBP,HR,sixmwt,ntprobnp,mRAP,PVR,REVEL,REVEAL_sub_groups,COMPERA_2.0
GDM20220907-V_AGGAGTCC,IPAH,34,2,135,78,398,1239,12,15.95,7,moderate,high
GDM20220907-V_CTAGTACG,IPAH,28,2,118,104,471,2331,9,10.63,7,moderate,high
GDM20220907-V_GCTCAGGA,IPAH,27,1,106,67,470,504,5,10.29,5,low,intermediate
GDM20220909-I_CCTCTCTG,IPAH,36,2,109,97,300,2704,12,17.67,10,moderate,high
GDM20220909-I_CTCTCTAT,IPAH,32,3,100,100,100,4687,16,16.37,12,high,high
GDM20220909-I_GCGTAAGA,IPAH,43,1,140,69,558,104,6,5.62,1,low,low
GDM20220909-I_TAGATCGC,IPAH,28,1,102,75,348,177,2,11.41,3,low,intermediate
GDM20220909-I_TCCTCTAC,IPAH,26,2,99,77,378,1759,6,12.67,8,moderate,high
GDM20220909-I_TCTCTCCG,IPAH,31,1,104,72,603,179,4,7.56,2,low,low
GDM20220909-II_AGCGTAGC,IPAH,23,2,93,93,540,6524,3,21.12,7,moderate,high
GDM20220909-II_CATGCCTA,IPAH,61,1,117,68,240,859,5,14.37,6,low,intermediate
GDM20220909-II_CCTCTCTG,IPAH,46,2,119,75,340,981.2,8,15.35,6,low,intermediate
GDM20220909-II_GTAGAGAG,IPAH,25,2,97,90,459,2169,5,9.45,7,moderate,high
GDM20220909-II_TTCTGCCT,IPAH,35,2,94,91,468,6611,12,13.31,7,moderate,high
GDM20220911-I_AAGGAGTA,IPAH,31,2,95,102,120,923,10,18.64,10,moderate,high
GDM20220911-I_ACTGCATA,IPAH,21,1,94,88,353,1130.1,14,10.16,7,moderate,high
GDM20220911-I_AGAGTAGA,IPAH,46,1,129,92,516,5726,7,10.31,5,low,high
GDM20220911-I_CTAGTACG,IPAH,28,2,102,114,414,223,3,11.17,5,low,intermediate
GDM20220911-I_CTCTCTAT,IPAH,36,1,90,95,525,843,9,14.01,5,low,intermediate
GDM20220911-I_GCGTAAGA,IPAH,27,2,109,86,392,822,10,10.55,7,moderate,intermediate
GDM20220911-I_TAGATCGC,IPAH,25,2,109,87,450,687,7,15.69,6,low,intermediate
GDM20220911-I_TCGCCTTA,IPAH,24,2,93,79,437,77,6,15.3,4,low,intermediate
GDM20220911-I_TCTCTCCG,IPAH,37,1,101,71,482,980,4,13.18,5,low,intermediate
GDM20220911-I_TTCTGCCT,IPAH,28,1,110,81,415,76.2,5,9.85,2,low,intermediate
GDM20220913-I_AAGGAGTA,IPAH,33,2,103,75,470,108,9,10.87,3,low,low
GDM20220913-I_AGGAGTCC,IPAH,30,1,107,75,426,2357,5,14.34,7,moderate,high
GDM20220913-I_CCTCTCTG,IPAH,29,1,123,102,438,1051,11,16.48,6,low,intermediate
GDM20220913-I_GCTCAGGA,IPAH,38,1,107,88,540,60,3,4.73,1,low,low
GDM20220913-I_GTAAGGAG,IPAH,35,2,90,107,396,3653,10,9.93,9,moderate,high
GDM20220913-I_GTAGAGAG,IPAH,34,2,117,92,310,4497,8,15.45,8,moderate,high
GDM20220913-I_TCCTCTAC,IPAH,37,1,100,80,555,17,7,9.28,2,low,low
GDM20220913-I_TCTCTCCG,IPAH,26,2,106,106,312,2111,19,22.26,10,moderate,high
GDM20221104-I_AGAGTAGA,IPAH,33,2,110,98,406,2134,8,16.54,8,moderate,high
GDM20221104-I_AGGAGTCC,IPAH,35,1,97,84,546,2225,17,17.21,6,low,high
GDM20221104-I_CATGCCTA,IPAH,26,2,105,101,102,2290,0,10.61,11,high,high
GDM20221104-I_CTAGTACG,IPAH,50,1,154,84,352,2712,16,14.99,6,low,high
GDM20221104-I_CTCTCTAT,IPAH,24,1,87,92,564,1894,5,10.26,6,low,high
GDM20221104-I_GCTCAGGA,IPAH,26,1,110,81,426,3094,3,5.35,6,low,high
GDM20221104-I_TAGATCGC,IPAH,38,1,93,72,531,110,8,5.4,2,low,low
GDM20221104-I_TCGCCTTA,IPAH,27,1,91,76,498,68,4,9.55,2,low,low
GDM20221114-I_AGAGTAGA,IPAH,31,2,109,85,386,1466,5,8.29,8,moderate,high
GDM20221114-I_CTAAGCCT,IPAH,36,2,103,71,420,444,4,8.6,7,moderate,intermediate
GDM20221114-I_GCGTAAGA,IPAH,29,2,118,102,495,3790.6,13,15.62,7,moderate,high
GDM20221114-I_TCTCTCCG,IPAH,35,1,139,66,379,315,6,14.41,5,low,intermediate
GDM20221114-II_AAGGAGTA,IPAH,24,1,106,97,468,1538,6,12.27,7,moderate,high
GDM20221114-II_CCTCTCTG,IPAH,26,2,63,79,300,3252,12,27.65,9,moderate,high
GDM20221114-II_CTAAGCCT,IPAH,28,2,101,83,280,1159,5,28.57,9,moderate,high
GDM20221114-II_GTAAGGAG,IPAH,34,2,130,90,490,1182,7,32.62,6,low,high
GDM20221114-II_TCTCTCCG,IPAH,33,2,123,75,363,1016,7,13.56,6,low,intermediate
GDM20221114-III_GCTCAGGA,IPAH,32,2,91,91,344,1635,10,12.1,8,moderate,high
GDM20221114-III_TCCTCTAC,IPAH,27,1,117,87,496,2282,5,9.75,5,low,high
GDM20221114-IV_TCGCCTTA,IPAH,34,2,83,96,360,7106,11,12.88,8,moderate,high
GDM20221129-I_AGCGTAGC,IPAH,43,4,109,90,50,1153,2,14.39,12,high,high
GDM20221129-I_CTAGTACG,IPAH,22,1,104,67,485,264,6,6.91,2,low,low
GDM20221129-I_CTCTCTAT,IPAH,25,1,107,70,519,331,9,11.59,5,low,intermediate
GDM20221129-I_GCGTAAGA,IPAH,40,2,90,71,330,613,3,19.12,7,moderate,intermediate
GDM20221129-I_TCGCCTTA,IPAH,31,2,90,82,492,1089,11,12.29,6,low,intermediate
GDM20221206-I_ACTGCATA,IPAH,32,2,93,76,420,43,9,12.4,4,low,intermediate
GDM20221206-I_AGAGTAGA,IPAH,34,1,96,72,372,48,10,6.11,3,low,intermediate
GDM20221206-I_CTAAGCCT,IPAH,32,1,107,81,393,1130,14,7.5,7,moderate,high
GDM20221206-I_CTCTCTAT,IPAH,29,2,98,78,180,6005,16,11.19,9,moderate,high
GDM20221206-I_GCGTAAGA,IPAH,30,1,122,80,458,287,8,18.5,1,low,low
GDM20221206-I_TAGATCGC,IPAH,35,1,126,82,376,166,8,9.69,2,low,intermediate
GDM20221206-I_TCTCTCCG,IPAH,26,1,104,80,540,66,6,2.84,1,low,low
GDM20230501-I_CCTCTCTG,IPAH,37,1,104,75,330,16,9,5.26,3,low,intermediate
GDM20230501-I_GCGTAAGA,IPAH,55,2,94,66,480,1159,2,13.07,7,moderate,high
GDM20230501-II_AGAGTAGA,IPAH,32,1,101,62,441,468,6,12.81,5,low,intermediate
GDM20230501-II_CTCTCTAT,IPAH,31,2,92,82,420,1080,11,11.14,7,moderate,intermediate
GDM20230501-IV_CATGCCTA,IPAH,43,2,115,103,360,2575,14,18.97,8,moderate,high
GDM20230501-IV_GTAAGGAG,IPAH,27,2,131,86,303,1008,9,16.35,7,moderate,intermediate
GDM20230501-V_ACTGCATA,IPAH,29,2,118,94,492,468,13,8.42,5,low,intermediate
GDM20230501-V_CTCTCTAT,IPAH,39,2,109,84,540,97.9,7,8.02,3,low,low
GDM20230501-V_TAGATCGC,IPAH,35,2,135,79,444,1245,4,5.94,6,low,high
GDM20230501-V_TCTCTCCG,IPAH,46,1,99,64,543,363,2,4.7,4,low,intermediate
GDM20230502-I_TCGCCTTA,IPAH,30,1,96,68,417,2511,8,9.94,7,moderate,high
GDM20230502-II_CAGCCTCG,IPAH,41,4,120,77,510,1186,13,13.5,8,moderate,high
GDM20230502-II_CATGCCTA,IPAH,38,2,115,69,390,192,7,7.16,3,low,intermediate
GDM20230502-II_CCTCTCTG,IPAH,23,2,101,86,406,1172,9,14.72,8,moderate,high
GDM20230502-II_GTAAGGAG,IPAH,37,2,103,77,360,4360,9,12.06,8,moderate,high
GDM20230502-II_TCCTCTAC,IPAH,39,2,0,0,410,375.5,3,8.21,7,moderate,intermediate
GDM20230502-III_AGCGTAGC,IPAH,25,2,98,64,240,959,4,14.71,8,moderate,intermediate
GDM20230502-III_AGGAGTCC,IPAH,46,2,96,66,516,1567,0,7.99,7,moderate,high
GDM20230502-III_CATGCCTA,IPAH,22,1,109,86,615,199,9,10.3,2,low,low
GDM20230502-III_CCTCTCTG,IPAH,30,2,112,69,609,678,3,5,5,low,intermediate
GDM20230502-III_CTAGTACG,IPAH,45,3,90,65,522,2104,0,0,7,moderate,high
GDM20230502-III_GCGTAAGA,IPAH,26,2,119,99,523,295,3,9,3,low,low
GDM20230502-III_TCGCCTTA,IPAH,52,3,113,77,475,2890,12,11.27,7,moderate,high
GDM20230502-III_TTCTGCCT,IPAH,39,1,101,101,486,3754,5,12.04,7,moderate,high
GDM20230502-IV_CTAGTACG,IPAH/HPAH,26,2,99,77,378,1759,6,12.67,8,moderate,high
GDM20230502-IV_TCGCCTTA,IPAH/HPAH,29,1,119,80,630,147,9,5.67,1,low,low
GDM20230502-V_AAGGAGTA,IPAH/HPAH,34,2,103,77,360,4360,9,12.06,8,moderate,high
GDM20230502-V_ACTGCATA,IPAH/HPAH,27,1,106,67,470,504,5,10.29,5,low,intermediate
GDM20230502-V_AGCGTAGC,IPAH/HPAH,38,2,90,71,330,613,3,19.12,7,moderate,intermediate
GDM20230502-V_CCTCTCTG,IPAH/HPAH,32,1,104,72,603,179,4,7.56,2,low,low
GDM20230502-V_CTAAGCCT,IPAH/HPAH,28,1,102,75,348,177,2,11.41,3,low,intermediate
GDM20230502-V_CTCTCTAT,IPAH/HPAH,23,2,93,93,540,6524,3,21.12,7,moderate,high
GDM20230502-V_GTAAGGAG,IPAH/HPAH,35,2,94,91,468,6611,12,13.31,7,moderate,high
GDM20230502-V_TAGATCGC,IPAH/HPAH,43,2,119,75,340,981.2,8,15.35,6,low,intermediate
GDM20230502-V_TCTCTCCG,IPAH/HPAH,52,2,135,101,495,24,6,11.78,3,low,low
GDM20230512-I_ACTGCATA,IPAH/HPAH,37,1,101,71,482,980,4,13.18,5,low,intermediate
GDM20230512-I_CTAAGCCT,HPAH,33,2,121,94,390,554,6,16.09,8,moderate,intermediate
GDM20230512-I_GTAGAGAG,IPAH/HPAH,18,2,94,111,333,101,4,11.38,5,low,intermediate
GDM20230512-I_TCCTCTAC,IPAH/HPAH,16,2,112,68,520,19,4,6.06,2,low,low
GDM20230512-I_TCTCTCCG,IPAH/HPAH,29,1,98,80,588,16,3,2.99,1,low,low
GDM20230512-II_TAGATCGC,IPAH/HPAH,34,1,100,80,555,17,7,9.28,2,low,low
GDM20230512-II_TTCTGCCT,IPAH/HPAH,6,2,105,140,342,179,11,7.38,5,low,intermediate
GDM20230512-III_ACTGCATA,IPAH/HPAH,28,1,92,76,360,1568,13,10.36,7,moderate,high
GDM20230512-III_CATGCCTA,IPAH/HPAH,29,2,112,107,381,1733,3,14.29,8,moderate,high
GDM20230512-III_GCGTAAGA,IPAH/HPAH,29,2,108,101,225,1751,14,27.34,10,moderate,high
GDM20230512-III_GTAAGGAG,IPAH/HPAH,29,2,104,83,420,49,5,8.29,4,low,intermediate
GDM20230512-III_GTAGAGAG,HPAH,28,1,156,86,492,68,5,15.19,3,low,low
GDM20230512-III_TCTCTCCG,IPAH/HPAH,25,2,102,114,414,223,3,11.17,5,low,intermediate
GDM20230512-IV_CATGCCTA,IPAH/HPAH,18,2,110,67,510,1120,6,2.84,5,low,high
GDM20230512-IV_GCTCAGGA,IPAH/HPAH,11,2,115,66,408,643,6,12.53,6,low,intermediate
GDM20230512-IV_GTAAGGAG,IPAH/HPAH,29,1,123,110,450,897,10,16.18,5,low,intermediate
GDM20230512-IV_GTAGAGAG,HPAH,8,2,92,90,480,172,10,10.53,5,low,low
GDM20230512-IV_TCTCTCCG,IPAH/HPAH,39,1,123,75,607,147,3,7.92,1,low,low
GDM20230512-IV_TTCTGCCT,IPAH/HPAH,28,2,95,80,360,1219,1,4.29,7,moderate,high
GDM20230512-V_AGCGTAGC,IPAH/HPAH,10,2,90,114,480,693,5,18.73,7,moderate,intermediate
GDM20230512-V_CCTCTCTG,IPAH/HPAH,29,2,95,102,120,923,10,18.64,10,moderate,high
GDM20230512-V_CTCTCTAT,IPAH/HPAH,35,1,90,95,525,843,9,14.01,5,low,intermediate
GDM20230512-V_TTCTGCCT,IPAH/HPAH,28,2,108,109,420,1266,7,13.52,9,moderate,high
GDM20230512-VI_AGCGTAGC,IPAH/HPAH,32,2,135,78,398,1239,12,15.95,7,moderate,high
GDM20230512-VI_CTAAGCCT,IPAH/HPAH,6,2,112,71,360,387,7,10.09,6,low,intermediate
GDM20230512-VI_CTCTCTAT,IPAH/HPAH,39,2,118,80,488,191,7,7.69,2,low,low
GDM20230512-VI_GCGTAAGA,IPAH/HPAH,39,1,107,88,540,60,3,4.73,1,low,low
GDM20230512-VI_GTAGAGAG,IPAH/HPAH,28,2,118,104,471,2331,9,10.63,7,moderate,high
GDM20230512-VI_TCTCTCCG,HPAH,26,2,107,83,370,583,5,26.91,9,moderate,intermediate
GDM20230530-I_ACTGCATA,IPAH/HPAH,29,1,98,80,588,16,3,2.99,1,low,low
GDM20230530-I_CCTCTCTG,IPAH/HPAH,19,2,120,75,429,885,8,22.94,6,low,intermediate
GDM20230530-I_CTAAGCCT,IPAH/HPAH,31,1,91,73,410,3429,6,13.86,7,moderate,high
GDM20230530-I_CTAGTACG,IPAH/HPAH,24,1,99,75,420,452,8,17.62,6,low,intermediate
GDM20230530-I_CTCTCTAT,IPAH/HPAH,27,1,117,87,496,2282,5,9.75,5,low,high
GDM20230530-I_GCGTAAGA,IPAH/HPAH,37,1,102,59,538,15,9,6.08,2,low,low
GDM20230530-I_GTAAGGAG,IPAH/HPAH,21,2,89,115,153,6043,7,17.22,11,high,high
GDM20230530-I_TCGCCTTA,IPAH/HPAH,23,2,119,99,523,295,3,9,3,low,low
GDM20230530-II_ACTGCATA,IPAH/HPAH,18,1,94,88,353,1130.1,14,10.16,7,moderate,high
GDM20230530-II_AGAGTAGA,IPAH/HPAH,29,1,113,111,570,57,4,5.38,2,low,low
GDM20230530-II_CCTCTCTG,HPAH,34,1,130,58,323,163,5,8.33,4,low,intermediate
GDM20230530-II_CTAAGCCT,IPAH/HPAH,29,1,123,102,438,1051,11,16.48,6,low,intermediate
GDM20230530-II_GTAGAGAG,IPAH/HPAH,31,3,97,86,372,2230,8,0,8,moderate,high
GDM20230530-III_CAGCCTCG,IPAH/HPAH,10,2,102,88,408,132,3,5.82,4,low,intermediate
GDM20230530-III_CATGCCTA,IPAH/HPAH,36,2,109,97,300,2704,12,17.67,10,moderate,high
GDM20230530-III_CTAGTACG,IPAH/HPAH,39,1,85,92,465,3437,8,13.74,6,low,high
GDM20230530-III_GTAAGGAG,IPAH/HPAH,25,2,109,87,450,687,7,15.69,6,low,intermediate
GDM20230530-III_GTAGAGAG,IPAH/HPAH,28,2,91,77,376,1885,18,28.28,8,moderate,high
GDM20230530-III_TCCTCTAC,IPAH/HPAH,38,2,92,75,384,2927,13,8.82,8,moderate,high
GDM20230530-IV_AGAGTAGA,IPAH/HPAH,32,2,103,75,470,108,9,10.87,3,low,low
GDM20230530-IV_AGCGTAGC,IPAH/HPAH,26,2,135,78,394,1641.826085,21,22.16,8,moderate,high
GDM20230530-IV_GCGTAAGA,IPAH/HPAH,40,1,117,67,486,62,8,3.98,0,low,low
GDM20230530-IV_TAGATCGC,IPAH/HPAH,45,2,112,82,427,1226,15,20.1,7,moderate,high
GDM20230530-IV_TCCTCTAC,IPAH/HPAH,63,2,125,81,357,788,11,27.87,6,low,intermediate
GDM20230607-I_AAGGAGTA,IPAH/HPAH,30,1,110,88,475,327,12,5.94,4,low,intermediate
GDM20230607-I_GCTCAGGA,IPAH/HPAH,27,1,98,66,530,41,5,8.64,2,low,low
GDM20230607-I_TAGATCGC,IPAH/HPAH,26,1,110,62,541,15,0,9.49,1,low,low
GDM20230607-I_TTCTGCCT,IPAH/HPAH,24,2,98,56,415,114,5,8.47,4,low,intermediate
GDM20231124-1_TCCTCTAC,IPAH,37,1,102,59,538,15,9,6.08,2,low,low
GDM20231124-10_CCTCTCTG,IPAH,41,2,130,82,375,227,12,14.66,3,low,intermediate
GDM20231124-10_TCCTCTAC,IPAH,23,3,0,0,474,1075,3,14.66,7,moderate,intermediate
GDM20231124-11_AGAGTAGA,IPAH,43,1,155,62,480,978,8,13.24,4,low,intermediate
GDM20231124-11_CCTCTCTG,IPAH,57,1,132,91,532,842,8,5.29,4,low,intermediate
GDM20231124-2_TAGATCGC,IPAH,45,1,133,66,519,926,14,14.37,4,low,intermediate
GDM20231124-3_AGGAGTCC,IPAH,48,2,137,77,420,735.1,4,8.27,6,low,intermediate
GDM20231124-3_CTAGTACG,IPAH,40,1,123,67,540,44,5,5.73,1,low,low
GDM20231124-3_GCTCAGGA,IPAH,20,1,93,84,552,1760,3,18.35,6,low,high
GDM20231124-3_TCGCCTTA,IPAH,27,1,100,72,490,184,3,18.41,2,low,low
GDM20231124-7_CAGCCTCG,IPAH,25,1,109,74,426,2835,3,18.32,7,moderate,high
GDM20231124-8_CTAAGCCT,IPAH,24,2,104,83,450,1162.8,5,15.12,7,moderate,high
GDM20231124-9_AGCGTAGC,IPAH,29,1,131,82,600,40,7,5.89,1,low,low
GDM20231124-9_CATGCCTA,IPAH,45,1,97,63,468,196,4,8.69,2,low,low
GDM20231124-9_GTAAGGAG,IPAH,23,2,100,105,390,3213,14,17.34,9,moderate,high
GDM20231201-2_CTCTCTAT,IPAH,54,2,119,73,510,720,4,8.94,5,low,intermediate
GDM20231201-3_AGCGTAGC,IPAH,21,2,110,112,550,7273,7,20.88,7,moderate,high
GDM20231208-1_AGGAGTCC,SLE-PH,33,2,90,86,485,18,2,4.39,3,low,low
GDM20231208-1_CAGCCTCG,SLE-PH,47,2,101,78,297,503.4,10,18.65,9,moderate,intermediate
GDM20231208-1_GCTCAGGA,SLE-PH,34,3,114,104,595,74,7,9.72,5,low,intermediate
GDM20231208-2_AGCGTAGC,CHD-ASD-PH,18,1,121,95,549,87,9,6.38,1,low,low
GDM20231208-2_CTAAGCCT,SLE-PH,59,2,128,100,420,108,0,0,4,low,intermediate
GDM20231208-3_GCGTAAGA,SLE-PH,29,1,100,72,564,122,3,3.05,2,low,low
GDM20231208-3_TAGATCGC,SLE-PH,46,1,143,87,270,727,4,7.25,7,moderate,intermediate
GDM20231208-4_CTCTCTAT,CHD-ASD-PH,27,2,85,73,354,3463,6,8.05,8,moderate,high
GDM20231208-4_TCTCTCCG,CHD-ASD-PH,27,2,100,66,450,2198,0,22.35,7,moderate,high
GDM20231215-1_AGCGTAGC,CHD-ASD-PH,31,1,117,78,471,257,9,5.38,1,low,low
GDM20231215-2_CAGCCTCG,CHD-ASD-PH,42,1,112,82,480,172,8,7.31,1,low,low
GDM20231215-2_GCGTAAGA,CHD-ASD-PH,23,2,126,59,440,508,9,21.33,5,low,intermediate
GDM20231215-2_TCCTCTAC,CHD-ASD-PH,42,2,105,63,393,1559,7,11,8,moderate,high
GDM20231215-3_AGAGTAGA,CHD-ASD-PH,25,2,105,89,483,216,10,12.41,3,low,low
GDM20231215-3_AGCGTAGC,CHD-ASD-PH,29,1,112,80,455,423,9,3.8,3,low,intermediate
GDM20231215-3_CTAGTACG,CHD-ASD-PH,43,1,126,65,360,368,7,14.17,5,low,intermediate
GDM20231215-3_CTCTCTAT,CHD-ASD-PH,28,2,102,65,300,5100,0,0,8,moderate,high
GDM20231215-3_GCTCAGGA,CHD-ASD-PH,25,1,117,86,505,272,9,7.03,1,low,low
GDM20231215-3_TCGCCTTA,CHD-ASD-PH,39,1,151,68,510,970,13,9.07,4,low,intermediate
GDM20231215-4_ACTGCATA,CHD-ASD-PH,34,1,99,71,540,125,4,6.64,2,low,low
GDM20231215-4_CAGCCTCG,CHD-ASD-PH,23,1,98,64,540,234,4,10.3,2,low,low
GDM20231215-4_CTAAGCCT,CHD-ASD-PH,23,1,114,83,530,935,5,14.29,4,low,intermediate
GDM20231222-1_CTAGTACG,CHD-ASD-PH,43,1,126,65,360,368,7,14.17,5,low,intermediate
GDM20231222-1_TCGCCTTA,CHD-ASD-PH,25,2,110,98,406,2134,8,16.54,8,moderate,high
GDM20231222-2_CAGCCTCG,SLE-PH,32,4,96,96,50,25000,0,0,12,high,high
GDM20231222-2_GTAAGGAG,SLE-PH,36,1,107,80,390,102.2,12,5.74,4,low,intermediate
GDM20231222-3_AGAGTAGA,CHD-ASD-PH,57,2,143,105,459,15,6,6.91,3,low,low
GDM20231222-3_AGCGTAGC,CHD-ASD-PH,21,1,99,94,507,99,10,4.23,1,low,low
GDM20231222-3_CTAAGCCT,CHD-ASD-PH,29,1,145,96,495,36,5,4,0,low,low
GDM20231222-3_TAGATCGC,CHD-ASD-PH,33,2,115,72,432,3939,8,13.37,7,moderate,high
GDM20231222-3_TCTCTCCG,CHD-ASD-PH,29,2,103,96,444,1062,5,13.33,6,low,intermediate
GDM20231222-4_CAGCCTCG,CHD-ASD-PH,50,1,150,65,430,47,6,8.57,2,low,intermediate
GDM20231222-4_CATGCCTA,CHD-ASD-PH,40,1,124,82,408,391,12,7.21,5,low,intermediate
GDM20231222-4_GCTCAGGA,CHD-ASD-PH,42,1,136,88,506,430,5,8.02,4,low,intermediate
GDM20231222-5_CATGCCTA,CHD-ASD-PH,44,1,120,84,393,444,8,4.35,4,low,intermediate
GDM20231229-2_AGCGTAGC,CHD-ASD-PH,22,1,102,105,468,275,9,6.2,3,low,low
GDM20231229-2_CCTCTCTG,CHD-ASD-PH,28,2,120,69,470,311.9,0,0,4,low,intermediate
GDM20231229-2_TTCTGCCT,CHD-ASD-PH,41,1,141,83,460,367,3,7.83,4,low,intermediate
GDM20231229-3_AGAGTAGA,CHD-ASD-PH,39,1,109,79,440,489,8,6.37,5,low,intermediate
GDM20231229-3_CTAAGCCT,CHD-ASD-PH,30,1,148,86,587,57,9,6.89,1,low,low
GDM20231229-3_GCTCAGGA,CHD-ASD-PH,31,1,120,74,487,289,9,8.01,1,low,low
GDM20231229-3_TAGATCGC,CHD-ASD-PH,38,2,111,77,345,395.6,11,5.92,6,low,intermediate
