Seq_ID,∑÷¿‡,–‘±,ƒÍ¡‰,¡˘mwt,–ƒπ¶ƒ‹∑÷º∂,”“–ƒµºπ‹sbp,”“–ƒµºπ‹hr,”“–ƒ∑ø—π,∑Œ—™π‹◊Ë¡¶,–’√˚...8,ntprobnp
GDM20220907-V_CTAGTACG,IPAH,2,28,471,2,118,104,9,10.63,XXX,2331
GDM20220907-V_TTCTGCCT,IPAH,1,44,0,2,95,89,16,17.12,XXX,1770
GDM20221104-I_AGCGTAGC,IPAH,2,73,0,2,92,72,7,5.93,XXX,73
GDM20221104-I_TCGCCTTA,IPAH,2,27,498,1,91,76,4,9.55,XXX,68
GDM20221104-I_CTAGTACG,IPAH,2,50,352,1,154,84,16,14.99,XXX,2712
GDM20231124-3_TCGCCTTA,IPAH,1,27,490,1,100,72,3,18.41,XXX,184
GDM20221104-I_GCTCAGGA,IPAH,2,26,426,1,110,81,3,5.35,XXX,3094
GDM20221104-I_AGGAGTCC,IPAH,2,35,546,1,97,84,17,17.21,XXX,2225
GDM20221104-I_CATGCCTA,IPAH,2,26,102,2,105,101,0,10.61,XXX,2290
GDM20221104-I_TAGATCGC,IPAH,2,38,531,1,93,72,8,5.4,XXX,110
GDM20221104-I_CTCTCTAT,IPAH,2,24,564,1,87,92,5,10.26,XXX,1894
GDM20221104-I_AGAGTAGA,IPAH,2,33,406,2,110,98,8,16.54,XXX,2134
GDM20231124-3_CTAGTACG,IPAH,1,40,540,1,123,67,5,5.73,XXX,44
GDM20231124-3_TTCTGCCT,IPAH,1,44,0,2,121,86,26,20.45,XXX,0
GDM20231124-3_GCTCAGGA,IPAH,1,20,552,1,93,84,3,18.35,XXX,1760
GDM20221114-I_ACTGCATA,IPAH,2,70,0,2,103,107,8,18.37,XXX,3720
GDM20221114-I_AAGGAGTA,IPAH,2,34,0,3,110,110,17,27.99,XXX,0
GDM20221114-I_CTAAGCCT,IPAH,2,36,420,2,103,71,4,8.6,XXX,444
GDM20221114-I_TCTCTCCG,IPAH,2,35,379,1,139,66,6,14.41,XXX,315
GDM20221114-I_GCGTAAGA,IPAH,2,29,495,2,118,102,13,15.62,XXX,3790.6
GDM20221114-I_CTCTCTAT,IPAH,2,26,0,2,120,94,3,13.61,XXX,1661
GDM20221114-I_AGAGTAGA,IPAH,2,31,386,2,109,85,5,8.29,XXX,1466
GDM20221114-II_CCTCTCTG,IPAH,2,26,300,2,63,79,12,27.65,XXX,3252
GDM20221114-II_CAGCCTCG,IPAH,2,25,0,0,105,91,5,2.57,XXX,0
GDM20231201-2_TAGATCGC,IPAH,1,34,0,2,102,115,19,25.42,XXX,5086
GDM20221114-II_GTAAGGAG,IPAH,2,34,490,2,130,90,7,32.62,XXX,1182
GDM20221114-II_TCCTCTAC,IPAH,2,50,0,2,130,81,16,16.43,XXX,1254
GDM20221114-II_ACTGCATA,IPAH,2,33,0,3,97,105,7,26.7,XXX,0
GDM20221114-II_AAGGAGTA,IPAH,2,24,468,1,106,97,6,12.27,XXX,1538
GDM20231201-2_CTCTCTAT,IPAH,1,54,510,2,119,73,4,8.94,XXX,720
GDM20221114-II_CTAAGCCT,IPAH,2,28,280,2,101,83,5,28.57,XXX,1159
GDM20221114-II_TCTCTCCG,IPAH,2,33,363,2,123,75,7,13.56,XXX,1016
GDM20231201-2_AGAGTAGA,IPAH,1,26,0,0,109,76,1,10.75,XXX,0
GDM20221114-III_GCTCAGGA,IPAH,2,32,344,2,91,91,10,12.1,XXX,1635
GDM20221114-III_AGGAGTCC,IPAH,2,26,0,1,109,66,6,6.93,XXX,332
GDM20231201-3_AGCGTAGC,IPAH,1,21,550,2,110,112,7,20.88,XXX,7273
GDM20220907-V_GCTCAGGA,IPAH,2,27,470,1,106,67,5,10.29,XXX,504
GDM20220907-V_AGGAGTCC,IPAH,2,34,398,2,135,78,12,15.95,XXX,1239
GDM20220909-I_CCTCTCTG,IPAH,2,36,300,2,109,97,12,17.67,XXX,2704
GDM20220909-I_CAGCCTCG,IPAH,2,29,0,0,0,0,0,0,XXX,0
GDM20220909-I_TCCTCTAC,IPAH,2,26,378,2,99,77,6,12.67,XXX,1759
GDM20220909-I_ACTGCATA,IPAH,2,28,0,2,90,94,22,18.62,XXX,2078
GDM20220909-I_TCTCTCCG,IPAH,2,31,603,1,104,72,4,7.56,XXX,179
GDM20220909-I_GCGTAAGA,IPAH,2,43,558,1,140,69,6,5.62,XXX,104
GDM20220909-I_TAGATCGC,IPAH,2,28,348,1,102,75,2,11.41,XXX,177
GDM20220909-I_CTCTCTAT,IPAH,1,32,100,3,100,100,16,16.37,XXX,4687
GDM20220909-I_AGAGTAGA,IPAH,2,43,0,1,115,87,2,9.42,XXX,41
GDM20220909-II_AGCGTAGC,IPAH,2,23,540,2,93,93,3,21.12,XXX,6524
GDM20220909-II_TCGCCTTA,IPAH,2,31,0,2,97,86,8,0,XXX,0
GDM20220909-II_CTAGTACG,IPAH,2,40,0,2,105,68,3,13,XXX,0
GDM20220909-II_TTCTGCCT,IPAH,2,35,468,2,94,91,12,13.31,XXX,6611
GDM20220909-II_GCTCAGGA,IPAH,2,46,0,3,0,0,0,0,XXX,0
GDM20220909-II_AGGAGTCC,IPAH,2,26,0,0,130,88,2,8.77,XXX,0
GDM20220909-II_CATGCCTA,IPAH,2,61,240,1,117,68,5,14.37,XXX,859
GDM20220909-II_GTAGAGAG,IPAH,2,25,459,2,97,90,5,9.45,XXX,2169
GDM20220909-II_CCTCTCTG,IPAH,2,46,340,2,119,75,8,15.35,XXX,981.2
GDM20220909-II_CAGCCTCG,IPAH,2,24,0,3,103,109,12,7.62,XXX,0
GDM20220909-II_GTAAGGAG,IPAH,2,37,0,4,0,0,0,0,XXX,0
GDM20220909-II_TCCTCTAC,IPAH,2,35,0,2,104,90,7,21.32,XXX,0
GDM20220911-I_ACTGCATA,IPAH,1,21,353,1,94,88,14,10.16,XXX,1130.1
GDM20220911-I_AAGGAGTA,IPAH,2,31,120,2,95,102,10,18.64,XXX,923
GDM20220911-I_CTAAGCCT,IPAH,2,27,0,0,0,0,0,0,XXX,0
GDM20220911-I_TCTCTCCG,IPAH,2,37,482,1,101,71,4,13.18,XXX,980
GDM20220911-I_GCGTAAGA,IPAH,2,27,392,2,109,86,10,10.55,XXX,822
GDM20220911-I_TAGATCGC,IPAH,2,25,450,2,109,87,7,15.69,XXX,687
GDM20220911-I_CTCTCTAT,IPAH,2,36,525,1,90,95,9,14.01,XXX,843
GDM20220911-I_AGAGTAGA,IPAH,1,46,516,1,129,92,7,10.31,XXX,5726
GDM20220911-I_AGCGTAGC,IPAH,2,25,0,0,0,0,0,0,XXX,0
GDM20220911-I_TCGCCTTA,IPAH,2,24,437,2,93,79,6,15.3,XXX,77
GDM20220911-I_CTAGTACG,IPAH,2,28,414,2,102,114,3,11.17,XXX,223
GDM20220911-I_TTCTGCCT,IPAH,2,28,415,1,110,81,5,9.85,XXX,76.2
GDM20220913-I_GCTCAGGA,IPAH,2,38,540,1,107,88,3,4.73,XXX,60
GDM20220913-I_AGGAGTCC,IPAH,1,30,426,1,107,75,5,14.34,XXX,2357
GDM20220913-I_CATGCCTA,IPAH,2,28,360,3,92,76,13,10.36,XXX,0
GDM20220913-I_GTAGAGAG,IPAH,2,34,310,2,117,92,8,15.45,XXX,4497
GDM20220913-I_CCTCTCTG,IPAH,2,29,438,1,123,102,11,16.48,XXX,1051
GDM20220913-I_CAGCCTCG,IPAH,1,35,0,2,139,81,10,4.85,XXX,0
GDM20220913-I_GTAAGGAG,IPAH,2,35,396,2,90,107,10,9.93,XXX,3653
GDM20221114-III_CAGCCTCG,IPAH,2,38,0,3,133,106,9,16.89,XXX,4345
GDM20221114-III_GTAAGGAG,IPAH,2,35,0,3,101,68,16,9.94,XXX,0
GDM20231124-7_CTAGTACG,IPAH,1,39,0,2,99,67,9,7.75,XXX,5639
GDM20221114-III_TCCTCTAC,IPAH,2,27,496,1,117,87,5,9.75,XXX,2282
GDM20231124-9_GTAAGGAG,IPAH,1,23,390,2,100,105,14,17.34,XXX,3213
GDM20221114-IV_AGCGTAGC,IPAH,2,24,0,0,140,84,2,3.1,XXX,0
GDM20231124-7_CAGCCTCG,IPAH,1,25,426,1,109,74,3,18.32,XXX,2835
GDM20221114-IV_TCGCCTTA,IPAH,2,34,360,2,83,96,11,12.88,XXX,7106
GDM20231124-7_GTAAGGAG,HPAH,1,34,0,1,123,74,7,23.34,XXX,938
GDM20231124-10_TCCTCTAC,IPAH,1,23,474,3,0,0,3,14.66,XXX,1075
GDM20231124-11_ACTGCATA,IPAH,1,50,0,3,118,77,5,8.36,XXX,0
GDM20221129-I_GCGTAAGA,IPAH,2,40,330,2,90,71,3,19.12,XXX,613
GDM20221129-I_TAGATCGC,IPAH,2,28,570,2,112,136,6,10.38,XXX,0
GDM20231124-8_CTAAGCCT,IPAH,1,24,450,2,104,83,5,15.12,XXX,1162.8
GDM20231124-11_AGAGTAGA,IPAH,1,43,480,1,155,62,8,13.24,XXX,978
GDM20221129-I_CTCTCTAT,IPAH,2,25,519,1,107,70,9,11.59,XXX,331
GDM20221129-I_AGAGTAGA,IPAH,2,36,0,3,103,82,9,8.11,XXX,0
GDM20221129-I_AGCGTAGC,IPAH,2,43,50,4,109,90,2,14.39,XXX,1153
GDM20220913-I_ACTGCATA,IPAH,2,26,0,0,99,82,11,13.8,XXX,0
GDM20220913-I_TCCTCTAC,IPAH,2,37,555,1,100,80,7,9.28,XXX,17
GDM20220913-I_AAGGAGTA,IPAH,2,33,470,2,103,75,9,10.87,XXX,108
GDM20220913-I_CTAAGCCT,IPAH,2,24,0,2,0,0,0,0,XXX,0
GDM20220913-I_TCTCTCCG,IPAH,2,26,312,2,106,106,19,22.26,XXX,2111
GDM20221129-I_TCGCCTTA,IPAH,2,31,492,2,90,82,11,12.29,XXX,1089
GDM20221129-I_CTAGTACG,IPAH,2,22,485,1,104,67,6,6.91,XXX,264
GDM20221129-I_TTCTGCCT,IPAH,2,37,380,3,97,82,10,9.01,XXX,0
GDM20221206-I_ACTGCATA,IPAH,2,32,420,2,93,76,9,12.4,XXX,43
GDM20221206-I_AAGGAGTA,IPAH,2,25,0,3,107,63,4,9.27,XXX,0
GDM20221206-I_CTAAGCCT,IPAH,2,32,393,1,107,81,14,7.5,XXX,1130
GDM20231124-2_ACTGCATA,IPAH,1,27,0,1,141,81,7,13.67,XXX,363
GDM20231124-2_TAGATCGC,IPAH,1,45,519,1,133,66,14,14.37,XXX,926
GDM20221206-I_TCTCTCCG,IPAH,2,26,540,1,104,80,6,2.84,XXX,66
GDM20221206-I_GCGTAAGA,IPAH,2,30,458,1,122,80,8,18.5,XXX,287
GDM20231124-9_AGCGTAGC,IPAH,1,29,600,1,131,82,7,5.89,XXX,40
GDM20221206-I_TAGATCGC,IPAH,2,35,376,1,126,82,8,9.69,XXX,166
GDM20221206-I_CTCTCTAT,IPAH,2,29,180,2,98,78,16,11.19,XXX,6005
GDM20221206-I_AGAGTAGA,IPAH,2,34,372,1,96,72,10,6.11,XXX,48
GDM20231124-2_AGAGTAGA,IPAH,1,44,0,4,97,79,12,17.98,XXX,0
GDM20231124-9_CATGCCTA,IPAH,1,45,468,1,97,63,4,8.69,XXX,196
GDM20230501-I_CCTCTCTG,IPAH,2,37,330,1,104,75,9,5.26,XXX,16
GDM20230501-I_CAGCCTCG,IPAH,2,30,0,3,0,0,0,0,XXX,2681
GDM20230501-I_GTAAGGAG,IPAH,2,26,0,2,79,104,5,13.19,XXX,2704
GDM20230501-I_ACTGCATA,IPAH,2,27,0,2,104,71,2,9.19,XXX,0
GDM20230501-I_GCGTAAGA,IPAH,2,55,480,2,94,66,2,13.07,XXX,1159
GDM20230501-I_TAGATCGC,IPAH,2,34,0,2,109,97,6,3.48,XXX,0
GDM20230501-II_CTCTCTAT,IPAH,2,31,420,2,92,82,11,11.14,XXX,1080
GDM20230501-II_AGAGTAGA,IPAH,2,32,441,1,101,62,6,12.81,XXX,468
GDM20230501-II_AGCGTAGC,IPAH,2,29,0,0,104,84,10,9.67,XXX,0
GDM20230501-II_TCGCCTTA,IPAH,2,36,0,2,104,93,1,6.83,XXX,0
GDM20230501-II_TTCTGCCT,IPAH,2,40,0,1,116,77,4,5.56,XXX,0
GDM20231124-3_AGGAGTCC,IPAH,1,48,420,2,137,77,4,8.27,XXX,735.1
GDM20230501-II_GCTCAGGA,IPAH,2,37,0,2,114,79,11,9.37,XXX,0
GDM20230501-IV_AGGAGTCC,IPAH,2,27,0,0,119,101,7,9.88,XXX,0
GDM20230501-IV_CATGCCTA,IPAH,2,43,360,2,115,103,14,18.97,XXX,2575
GDM20230501-IV_GTAGAGAG,IPAH,2,44,0,3,126,64,2,5.77,XXX,0
GDM20230501-IV_CCTCTCTG,IPAH,2,35,0,2,107,90,5,3.63,XXX,0
GDM20230501-IV_CAGCCTCG,IPAH,2,29,462,3,109,59,2,16.72,XXX,0
GDM20230501-IV_GTAAGGAG,IPAH,2,27,303,2,131,86,9,16.35,XXX,1008
GDM20230501-V_ACTGCATA,IPAH,2,29,492,2,118,94,13,8.42,XXX,468
GDM20230501-V_AAGGAGTA,IPAH,2,52,307,2,136,76,2,12.78,XXX,0
GDM20230501-V_CTAAGCCT,IPAH,2,35,0,2,117,89,13,5.03,XXX,0
GDM20231124-9_CCTCTCTG,IPAH,1,36,0,4,0,0,0,0,XXX,6000
GDM20230501-V_TCTCTCCG,IPAH,2,46,543,1,99,64,2,4.7,XXX,363
GDM20230501-V_TAGATCGC,IPAH,2,35,444,2,135,79,4,5.94,XXX,1245
GDM20231124-11_CCTCTCTG,IPAH,1,57,532,1,132,91,8,5.29,XXX,842
GDM20230501-V_CTCTCTAT,IPAH,2,39,540,2,109,84,7,8.02,XXX,97.9
GDM20230502-I_AGAGTAGA,IPAH,2,33,0,1,119,70,6,13.23,XXX,615
GDM20230502-I_AGCGTAGC,IPAH,2,52,0,2,144,93,10,16.16,XXX,0
GDM20230502-I_TCGCCTTA,IPAH,2,30,417,1,96,68,8,9.94,XXX,2511
GDM20230502-I_CTAGTACG,IPAH,2,38,0,1,100,113,15,10.49,XXX,1126
GDM20230502-I_TTCTGCCT,IPAH,2,37,0,2,153,106,5,11.2,XXX,246
GDM20230502-I_GCTCAGGA,IPAH,2,36,0,1,111,76,7,8.14,XXX,150
GDM20230502-I_AGGAGTCC,IPAH,2,30,0,3,86,98,7,17.82,XXX,0
GDM20231124-10_CCTCTCTG,IPAH,1,41,375,2,130,82,12,14.66,XXX,227
GDM20230502-II_CATGCCTA,IPAH,2,38,390,2,115,69,7,7.16,XXX,192
GDM20230502-II_GTAGAGAG,CHD-ASD-PH,2,27,0,2,96,71,8,18.57,XXX,0
GDM20230502-II_CCTCTCTG,IPAH,2,23,406,2,101,86,9,14.72,XXX,1172
GDM20231124-10_CAGCCTCG,IPAH,1,33,570,2,106,78,9,14.73,XXX,0
GDM20230502-II_CAGCCTCG,IPAH,2,41,510,4,120,77,13,13.5,XXX,1186
GDM20230502-II_GTAAGGAG,IPAH,2,37,360,2,103,77,9,12.06,XXX,4360
GDM20230502-II_TCCTCTAC,IPAH,2,39,410,2,0,0,3,8.21,XXX,375.5
GDM20230502-II_ACTGCATA,IPAH,2,45,0,2,116,64,6,10.77,XXX,287
GDM20231124-1_GTAAGGAG,IPAH,1,36,0,2,93,54,5,20.74,XXX,1522
GDM20230502-III_GCGTAAGA,IPAH,2,26,523,2,119,99,3,9,XXX,295
GDM20230502-III_CTCTCTAT,IPAH,2,33,0,2,96,105,7,18.33,XXX,2263
GDM20230502-III_AGAGTAGA,IPAH,2,50,0,2,106,88,4,16.24,XXX,4910
GDM20230502-III_AGCGTAGC,IPAH,2,25,240,2,98,64,4,14.71,XXX,959
GDM20230502-III_TCGCCTTA,IPAH,2,52,475,3,113,77,12,11.27,XXX,2890
GDM20230502-III_CTAGTACG,IPAH,2,45,522,3,90,65,0,0,XXX,2104
GDM20230502-III_TTCTGCCT,IPAH,2,39,486,1,101,101,5,12.04,XXX,3754
GDM20230502-III_GCTCAGGA,IPAH,2,32,0,2,86,93,11,20.42,XXX,8543
GDM20230502-III_AGGAGTCC,IPAH,2,46,516,2,96,66,0,7.99,XXX,1567
GDM20231124-1_TCCTCTAC,IPAH,1,37,538,1,102,59,9,6.08,XXX,15
GDM20230502-III_CATGCCTA,IPAH,2,22,615,1,109,86,9,10.3,XXX,199
GDM20230502-III_GTAGAGAG,IPAH,2,19,0,0,119,93,5,4.03,XXX,0
GDM20230502-III_CCTCTCTG,IPAH,2,30,609,2,112,69,3,5,XXX,678
GDM20230502-III_CAGCCTCG,IPAH,2,28,0,2,79,70,3,18.02,XXX,2816
GDM20230530-I_TCGCCTTA,IPAH/HPAH,2,23,523,2,119,99,3,9,XXX,295
GDM20230530-IV_CATGCCTA,IPAH/HPAH,2,24,0,2,94,85,7,13.44,XXX,5098
GDM20230512-VI_CTAAGCCT,IPAH/HPAH,2,6,360,2,112,71,7,10.09,XXX,387
GDM20230512-VI_TCTCTCCG,HPAH,2,26,370,2,107,83,5,26.91,XXX,583
GDM20230502-V_CAGCCTCG,IPAH/HPAH,2,40,0,2,105,68,3,13,XXX,0
GDM20230530-III_CAGCCTCG,IPAH/HPAH,2,10,408,2,102,88,3,5.82,XXX,132
GDM20230530-I_CAGCCTCG,IPAH/HPAH,2,29,0,2,107,81,2,16.62,XXX,0
GDM20230512-III_CTAAGCCT,IPAH/HPAH,1,10,0,2,121,74,6,7.76,XXX,0
GDM20230530-II_AGAGTAGA,IPAH/HPAH,2,29,570,1,113,111,4,5.38,XXX,57
GDM20230530-II_CATGCCTA,IPAH/HPAH,2,47,0,2,106,74,13,25.69,XXX,2714
GDM20230502-V_AGCGTAGC,IPAH/HPAH,2,38,330,2,90,71,3,19.12,XXX,613
GDM20230512-I_AAGGAGTA,IPAH/HPAH,1,46,0,3,129,92,7,10.31,XXX,0
GDM20230512-V_CCTCTCTG,IPAH/HPAH,2,29,120,2,95,102,10,18.64,XXX,923
GDM20230512-V_TCGCCTTA,IPAH/HPAH,2,11‘¬,0,3,0,0,0,0,XXX,0
GDM20230512-V_AGCGTAGC,IPAH/HPAH,2,10,480,2,90,114,5,18.73,XXX,693
GDM20230512-V_TCCTCTAC,IPAH/HPAH,1,15,460,2,114,64,6,3.48,XXX,0
GDM20230512-III_AAGGAGTA,IPAH/HPAH,1,5,0,0,100,145,12,20.11,XXX,0
GDM20230512-I_TCCTCTAC,IPAH/HPAH,1,16,520,2,112,68,4,6.06,XXX,19
GDM20230530-I_TTCTGCCT,IPAH/HPAH,2,28,471,3,118,104,9,10.63,XXX,0
GDM20230530-IV_GCTCAGGA,IPAH/HPAH,2,16,535,2,110,75,1,8.78,XXX,0
GDM20230512-I_CTAGTACG,CHD-ASD-PH,2,4,0,0,99,113,7,0,XXX,0
GDM20230502-IV_AGGAGTCC,IPAH/HPAH,2,14‘¬,0,0,0,147,0,0,XXX,0
GDM20230530-II_ACTGCATA,IPAH/HPAH,1,18,353,1,94,88,14,10.16,XXX,1130.1
GDM20230530-II_TCCTCTAC,IPAH/HPAH,2,12,0,0,102,78,7,26.41,XXX,0
GDM20230530-I_CTCTCTAT,IPAH/HPAH,2,27,496,1,117,87,5,9.75,XXX,2282
GDM20230512-IV_GTAAGGAG,IPAH/HPAH,2,29,450,1,123,110,10,16.18,XXX,897
GDM20230512-IV_TCGCCTTA,IPAH/HPAH,2,34,550,2,112,96,4,9.35,XXX,0
GDM20230607-I_TAGATCGC,IPAH/HPAH,2,26,541,1,110,62,0,9.49,XXX,15
GDM20230512-IV_CTAGTACG,IPAH/HPAH,2,16,0,3,92,94,8,17.74,XXX,0
GDM20230512-I_CTAAGCCT,HPAH,2,33,390,2,121,94,6,16.09,XXX,554
GDM20230530-III_TCGCCTTA,IPAH/HPAH,2,3,0,2,98,98,5,15.27,XXX,4423
GDM20230530-I_AGCGTAGC,IPAH/HPAH,1,27,0,2,103,90,4,12.06,XXX,1880
GDM20230512-II_CTCTCTAT,IPAH/HPAH,1,7,0,2,0,0,0,0,XXX,218.1
GDM20230530-IV_TCCTCTAC,IPAH/HPAH,2,63,357,2,125,81,11,27.87,XXX,788
GDM20230530-II_CTCTCTAT,IPAH/HPAH,2,40,495,3,98,60,14,10,XXX,0
GDM20230512-VI_TCGCCTTA,IPAH/HPAH,2,23,495,1,109,74,6,0,XXX,0
GDM20230530-III_GTAGAGAG,IPAH/HPAH,2,28,376,2,91,77,18,28.28,XXX,1885
GDM20230512-II_CTAGTACG,IPAH/HPAH,2,28,0,2,90,108,14,20.77,XXX,4575
GDM20230530-II_CAGCCTCG,HPAH,1,40,405,2,117,82,4,14.6,XXX,0
GDM20230530-I_CCTCTCTG,IPAH/HPAH,2,19,429,2,120,75,8,22.94,XXX,885
GDM20230512-VI_AGAGTAGA,IPAH/HPAH,2,11,0,3,92,75,8,8.5,XXX,0
GDM20230512-V_TTCTGCCT,IPAH/HPAH,2,28,420,2,108,109,7,13.52,XXX,1266
GDM20230530-II_AGGAGTCC,IPAH/HPAH,2,27,0,2,87,105,2,23.83,XXX,5798
GDM20230512-III_TAGATCGC,IPAH/HPAH,2,31,0,2,122,92,14,20.71,XXX,1641.826085
GDM20230607-I_TTCTGCCT,IPAH/HPAH,2,24,415,2,98,56,5,8.47,XXX,114
GDM20230512-IV_GCTCAGGA,IPAH/HPAH,1,11,408,2,115,66,6,12.53,XXX,643
GDM20230512-II_AGAGTAGA,IPAH/HPAH,2,35,0,2,104,90,7,21.32,XXX,0
GDM20230512-IV_CCTCTCTG,IPAH/HPAH,2,52,476,3,0,0,0,0,XXX,0
GDM20230502-IV_CTAGTACG,IPAH/HPAH,2,26,378,2,99,77,6,12.67,XXX,1759
GDM20230607-I_CTCTCTAT,IPAH/HPAH,1,4,0,0,103,108,9,18.02,XXX,0
GDM20230607-I_GCTCAGGA,IPAH/HPAH,2,27,530,1,98,66,5,8.64,XXX,41
GDM20230512-III_CTCTCTAT,IPAH/HPAH,1,27,0,4,115,70,4,3.75,XXX,0
GDM20230530-I_GTAAGGAG,IPAH/HPAH,2,21,153,2,89,115,7,17.22,XXX,6043
GDM20230512-VI_GCGTAAGA,IPAH/HPAH,2,39,540,1,107,88,3,4.73,XXX,60
GDM20230530-IV_TAGATCGC,IPAH/HPAH,1,45,427,2,112,82,15,20.1,XXX,1226
GDM20230530-IV_AGAGTAGA,IPAH/HPAH,2,32,470,2,103,75,9,10.87,XXX,108
GDM20230530-I_ACTGCATA,IPAH/HPAH,2,29,588,1,98,80,3,2.99,XXX,16
GDM20230530-II_GTAAGGAG,HPAH,2,30,510,3,106,96,8,12.18,XXX,0
GDM20230502-V_GTAGAGAG,IPAH/HPAH,1,39,445,3,139,71,19,3.44,XXX,0
GDM20230512-III_GCGTAAGA,IPAH/HPAH,2,29,225,2,108,101,14,27.34,XXX,1751
GDM20230530-IV_AGCGTAGC,IPAH/HPAH,1,26,394,2,135,78,21,22.16,XXX,1641.826085
GDM20230512-V_CATGCCTA,IPAH/HPAH,2,12,380,3,107,79,19,25.32,XXX,0
GDM20230512-III_ACTGCATA,IPAH/HPAH,2,28,360,1,92,76,13,10.36,XXX,1568
GDM20230530-II_AAGGAGTA,IPAH/HPAH,2,22,437,3,93,79,6,15.3,XXX,0
GDM20230512-III_AGAGTAGA,IPAH/HPAH,1,25,672,2,103,72,5,5.02,XXX,0
GDM20230502-V_GCGTAAGA,IPAH/HPAH,2,23,0,3,102,78,13,8.46,XXX,1901
GDM20230530-II_CCTCTCTG,HPAH,2,34,323,1,130,58,5,8.33,XXX,163
GDM20230512-III_TCCTCTAC,IPAH/HPAH,1,7,0,0,0,0,0,0,XXX,0
GDM20230502-V_AGAGTAGA,IPAH/HPAH,2,9,0,0,115,104,6,4.23,XXX,0
GDM20230512-IV_ACTGCATA,IPAH/HPAH,2,48,0,2,111,84,6,20.37,XXX,5127
GDM20230530-I_GCGTAAGA,IPAH/HPAH,1,37,538,1,102,59,9,6.08,XXX,15
GDM20230530-III_CTAAGCCT,IPAH/HPAH,2,3,0,3,0,0,0,0,XXX,7642
GDM20230530-III_CTAGTACG,IPAH/HPAH,2,39,465,1,85,92,8,13.74,XXX,3437
GDM20230607-I_AGAGTAGA,CHD-ASD-PH,2,61,405,2,93,81,3,8,XXX,0
GDM20230512-III_CATGCCTA,IPAH/HPAH,2,29,381,2,112,107,3,14.29,XXX,1733
GDM20230512-VI_AGCGTAGC,IPAH/HPAH,2,32,398,2,135,78,12,15.95,XXX,1239
GDM20230530-III_ACTGCATA,IPAH/HPAH,2,6,0,0,116,96,6,30.05,XXX,0
GDM20230512-I_CAGCCTCG,IPAH/HPAH,2,25,0,0,99,82,11,13.8,XXX,0
GDM20230530-IV_TTCTGCCT,IPAH/HPAH,2,38,0,2,120,88,24,11.78,XXX,3361
GDM20230530-I_AAGGAGTA,IPAH/HPAH,1,13,0,0,120,96,2,13.73,XXX,2451
GDM20230512-I_TCTCTCCG,IPAH/HPAH,2,29,588,1,98,80,3,2.99,XXX,16
GDM20230512-IV_AGGAGTCC,IPAH/HPAH,1,30,380,3,116,65,12,18.9,XXX,0
GDM20230502-V_AAGGAGTA,IPAH/HPAH,2,34,360,2,103,77,9,12.06,XXX,4360
GDM20230512-V_AGGAGTCC,IPAH/HPAH,2,30,440,3,114,73,4,5.78,XXX,0
GDM20230502-V_TCTCTCCG,IPAH/HPAH,2,52,495,2,135,101,6,11.78,XXX,24
GDM20230530-III_TCTCTCCG,IPAH/HPAH,2,37,0,4,75,74,9,19.8,XXX,0
GDM20230530-I_CTAAGCCT,IPAH/HPAH,1,31,410,1,91,73,6,13.86,XXX,3429
GDM20230512-VI_GTAGAGAG,IPAH/HPAH,2,28,471,2,118,104,9,10.63,XXX,2331
GDM20230512-I_ACTGCATA,IPAH/HPAH,2,37,482,1,101,71,4,13.18,XXX,980
GDM20230502-V_CCTCTCTG,IPAH/HPAH,2,32,603,1,104,72,4,7.56,XXX,179
GDM20230502-V_TAGATCGC,IPAH/HPAH,2,43,340,2,119,75,8,15.35,XXX,981.2
GDM20230530-II_GCGTAAGA,IPAH/HPAH,2,43,0,1,115,87,2,9.42,XXX,41
GDM20230530-II_GCTCAGGA,IPAH/HPAH,2,26,0,0,130,88,2,8.77,XXX,0
GDM20230502-IV_AGCGTAGC,IPAH/HPAH,2,28,467,2,100,80,10,13.9,XXX,0
GDM20230512-IV_TTCTGCCT,IPAH/HPAH,2,28,360,2,95,80,1,4.29,XXX,1219
GDM20230502-IV_TTCTGCCT,HPAH,2,33,567,3,99,66,3,8.18,XXX,0
GDM20230512-V_GTAGAGAG,IPAH/HPAH,2,46,0,3,92,67,7,7.54,XXX,0
GDM20230530-II_CTAAGCCT,IPAH/HPAH,2,29,438,1,123,102,11,16.48,XXX,1051
GDM20230530-IV_GTAGAGAG,HPAH,2,33,345,3,102,125,7,21.63,XXX,0
GDM20230502-V_GTAAGGAG,IPAH/HPAH,2,35,468,2,94,91,12,13.31,XXX,6611
GDM20230502-V_TCGCCTTA,IPAH/HPAH,2,50,0,2,106,88,4,16.24,XXX,4910
GDM20230502-V_CTCTCTAT,IPAH/HPAH,2,23,540,2,93,93,3,21.12,XXX,6524
GDM20230530-II_GTAGAGAG,IPAH/HPAH,2,31,372,3,97,86,8,0,XXX,2230
GDM20230512-V_GCGTAAGA,IPAH/HPAH,2,25,0,0,103,100,3,7.68,XXX,0
GDM20230607-I_TCGCCTTA,HPAH,2,27,0,2,112,75,4,7.71,XXX,0
GDM20230512-III_CAGCCTCG,IPAH/HPAH,1,35,0,2,139,81,10,4.85,XXX,0
GDM20230512-I_GCTCAGGA,IPAH/HPAH,1,23,0,2,119,84,10,32.98,XXX,2128
GDM20230512-III_GTAGAGAG,HPAH,1,28,492,1,156,86,5,15.19,XXX,68
GDM20230512-I_GTAGAGAG,IPAH/HPAH,2,18,333,2,94,111,4,11.38,XXX,101
GDM20230530-I_AGAGTAGA,IPAH/HPAH,2,48,522,3,0,0,0,0,XXX,0
GDM20230530-III_TCCTCTAC,IPAH/HPAH,2,38,384,2,92,75,13,8.82,XXX,2927
GDM20230512-VI_GCTCAGGA,IPAH/HPAH,1,44,0,2,95,89,16,17.12,XXX,1770
GDM20230530-IV_GCGTAAGA,IPAH/HPAH,2,40,486,1,117,67,8,3.98,XXX,62
GDM20230512-V_CTAGTACG,IPAH/HPAH,2,8,0,1,102,80,6,14.29,XXX,0
GDM20230512-VI_CTCTCTAT,IPAH/HPAH,2,39,488,2,118,80,7,7.69,XXX,191
GDM20230607-I_AAGGAGTA,IPAH/HPAH,1,30,475,1,110,88,12,5.94,XXX,327
GDM20230530-III_CATGCCTA,IPAH/HPAH,2,36,300,2,109,97,12,17.67,XXX,2704
GDM20230502-IV_GCTCAGGA,IPAH/HPAH,1,9,0,0,98,71,10,23.66,XXX,0
GDM20230512-V_AGAGTAGA,IPAH/HPAH,2,17,480,3,97,68,4,19.17,XXX,0
GDM20230512-II_AGCGTAGC,IPAH/HPAH,2,15,0,4,94,75,3,19.24,XXX,0
GDM20230530-IV_CTCTCTAT,IPAH/HPAH,2,28,0,2,90,94,22,18.62,XXX,2078
GDM20230512-IV_CATGCCTA,IPAH/HPAH,2,18,510,2,110,67,6,2.84,XXX,1120
GDM20230530-I_TAGATCGC,IPAH/HPAH,2,40,0,2,105,106,15,13.25,XXX,3471
GDM20230530-I_CTAGTACG,IPAH/HPAH,2,24,420,1,99,75,8,17.62,XXX,452
GDM20230607-I_CTAGTACG,IPAH/HPAH,2,20,0,0,119,93,5,4.03,XXX,0
GDM20230502-V_ACTGCATA,IPAH/HPAH,2,27,470,1,106,67,5,10.29,XXX,504
GDM20230530-I_TCTCTCCG,IPAH/HPAH,1,37,0,2,102,92,9,15.78,XXX,3469
GDM20230607-I_AGCGTAGC,IPAH/HPAH,2,15,0,0,119,74,5,16.18,XXX,0
GDM20230530-III_CCTCTCTG,IPAH/HPAH,2,3.5,354,2,122,117,7,13.64,XXX,0
GDM20230502-IV_TCGCCTTA,IPAH/HPAH,2,29,630,1,119,80,9,5.67,XXX,147
GDM20230512-V_CTCTCTAT,IPAH/HPAH,2,35,525,1,90,95,9,14.01,XXX,843
GDM20230512-I_CCTCTCTG,IPAH/HPAH,2,31,0,2,102,55,7,8.78,XXX,711
GDM20230502-V_CTAAGCCT,IPAH/HPAH,2,28,348,1,102,75,2,11.41,XXX,177
GDM20230530-III_GTAAGGAG,IPAH/HPAH,2,25,450,2,109,87,7,15.69,XXX,687
GDM20230512-IV_GTAGAGAG,HPAH,2,8,480,2,92,90,10,10.53,XXX,172
GDM20230502-IV_CATGCCTA,HPAH,2,58,0,2,94,86,7,7.71,XXX,45
GDM20230512-IV_AGCGTAGC,IPAH/HPAH,1,3,0,3,85,138,8,8.11,XXX,0
GDM20230512-II_TAGATCGC,IPAH/HPAH,2,34,555,1,100,80,7,9.28,XXX,17
GDM20230512-IV_TCTCTCCG,IPAH/HPAH,2,39,607,1,123,75,3,7.92,XXX,147
GDM20230512-III_TCTCTCCG,IPAH/HPAH,2,25,414,2,102,114,3,11.17,XXX,223
GDM20230512-III_GTAAGGAG,IPAH/HPAH,1,29,420,2,104,83,5,8.29,XXX,49
GDM20230512-II_TTCTGCCT,IPAH/HPAH,1,6,342,2,105,140,11,7.38,XXX,179
GDM20231208-1_TTCTGCCT,SLE-PH,2,30,0,1,110,90,12,14.4,XXX,3177.5
GDM20231208-1_GCTCAGGA,SLE-PH,2,34,595,3,114,104,7,9.72,XXX,74
GDM20231208-1_AGGAGTCC,SLE-PH,2,33,485,2,90,86,2,4.39,XXX,18
GDM20231222-2_CCTCTCTG,SLE-PH,2,30,0,0,109,103,5,16.25,XXX,0
GDM20231208-1_CATGCCTA,SLE-PH,2,40,0,4,0,0,0,0,XXX,4672
GDM20231208-1_CCTCTCTG,SLE-PH,2,47,0,0,170,99,5,2.14,XXX,0
GDM20231208-1_CAGCCTCG,SLE-PH,2,47,297,2,101,78,10,18.65,XXX,503.4
GDM20231208-1_GTAAGGAG,SLE-PH,2,19,0,3,93,119,20,16.01,XXX,5461
GDM20231222-2_CAGCCTCG,SLE-PH,2,32,50,4,96,96,0,0,XXX,25000
GDM20231208-1_TCCTCTAC,SLE-PH,2,26,0,3,105,91,0,0,XXX,6177
GDM20231208-1_ACTGCATA,SLE-PH,2,46,0,2,107,91,10,15.79,XXX,1719
GDM20231208-2_CTAAGCCT,SLE-PH,2,59,420,2,128,100,0,0,XXX,108
GDM20231222-2_GTAAGGAG,SLE-PH,2,36,390,1,107,80,12,5.74,XXX,102.2
GDM20231208-3_TCTCTCCG,SLE-PH,2,32,0,3,108,80,0,0,XXX,1576
GDM20231208-3_GCGTAAGA,SLE-PH,2,29,564,1,100,72,3,3.05,XXX,122
GDM20231208-3_TAGATCGC,SLE-PH,2,46,270,1,143,87,4,7.25,XXX,727
GDM20231208-2_CTCTCTAT,CHD-ASD-PH,2,23,0,2,114,80,13,9.67,XXX,0
GDM20231222-5_ACTGCATA,CHD-ASD-PH,1,46,0,0,123,76,11,10.31,XXX,0
GDM20231208-2_AGCGTAGC,CHD-ASD-PH,2,18,549,1,121,95,9,6.38,XXX,87
GDM20231222-3_CTAAGCCT,CHD-ASD-PH,1,29,495,1,145,96,5,4,XXX,36
GDM20231222-3_TCTCTCCG,CHD-ASD-PH,2,29,444,2,103,96,5,13.33,XXX,1062
GDM20231208-2_CATGCCTA,CHD-ASD-PH,1,54,0,0,107,89,23,2.24,XXX,0
GDM20231208-3_CCTCTCTG,CHD-ASD-PH,2,18,0,0,123,87,13,21.7,XXX,0
GDM20231208-2_CAGCCTCG,CHD-ASD-PH,2,15,0,0,145,84,8,0.63,XXX,0
GDM20231222-3_TAGATCGC,CHD-ASD-PH,2,33,432,2,115,72,8,13.37,XXX,3939
GDM20231208-3_GTAAGGAG,CHD-ASD-PH,2,50,0,0,140,77,7,5.36,XXX,0
GDM20231222-3_CTCTCTAT,CHD-ASD-PH,2,44,0,0,127,92,10,0.37,XXX,0
GDM20231222-3_AGAGTAGA,CHD-ASD-PH,2,57,459,2,143,105,6,6.91,XXX,15
GDM20231208-4_TCTCTCCG,CHD-ASD-PH,2,27,450,2,100,66,0,22.35,XXX,2198
GDM20231208-2_GCGTAAGA,CHD-ASD-PH,2,41,0,0,98,81,8,21.38,XXX,0
GDM20231222-3_AGCGTAGC,CHD-ASD-PH,2,21,507,1,99,94,10,4.23,XXX,99
GDM20231222-4_TCGCCTTA,CHD-ASD-PH,1,60,0,0,112,67,18,8.44,XXX,0
GDM20231222-5_TTCTGCCT,CHD-ASD-PH,2,22,540,2,130,81,6,0,XXX,0
GDM20231208-4_TAGATCGC,CHD-ASD-PH,2,16,0,3,114,84,10,70.64,XXX,2748
GDM20231208-4_CTCTCTAT,CHD-ASD-PH,2,27,354,2,85,73,6,8.05,XXX,3463
GDM20231222-4_GCTCAGGA,CHD-ASD-PH,2,42,506,1,136,88,5,8.02,XXX,430
GDM20231215-1_AGAGTAGA,CHD-ASD-PH,1,7,0,2,101,95,5,0,XXX,585
GDM20231215-1_AGCGTAGC,CHD-ASD-PH,2,31,471,1,117,78,9,5.38,XXX,257
GDM20231222-5_AGGAGTCC,CHD-ASD-PH,2,45,0,0,125,91,14,0.6,XXX,0
GDM20231215-1_TCGCCTTA,CHD-ASD-PH,1,62,0,0,176,40,17,1.85,XXX,0
GDM20231215-1_TTCTGCCT,CHD-ASD-PH,2,43,0,2,109,77,8,13.22,XXX,1609
GDM20231222-5_CATGCCTA,CHD-ASD-PH,2,44,393,1,120,84,8,4.35,XXX,444
GDM20231222-4_CCTCTCTG,CHD-ASD-PH,2,25,0,3,159,93,12,9.1,XXX,0
GDM20231222-4_CAGCCTCG,CHD-ASD-PH,1,50,430,1,150,65,6,8.57,XXX,47
GDM20231215-1_GCTCAGGA,CHD-ASD-PH,2,21,0,1,110,80,11,8.24,XXX,166
GDM20231215-1_AGGAGTCC,CHD-ASD-PH,2,39,0,2,128,78,8,2.39,XXX,0
GDM20231215-1_CATGCCTA,CHD-ASD-PH,2,2,0,3,100,80,0,48.3,XXX,0
GDM20231215-2_CCTCTCTG,CHD-ASD-PH,1,27,0,0,129,64,8,6.33,XXX,0
GDM20231229-3_ACTGCATA,CHD-ASD-PH,2,33,348,2,0,0,0,0,XXX,0
GDM20231215-2_CAGCCTCG,CHD-ASD-PH,2,42,480,1,112,82,8,7.31,XXX,172
GDM20231215-2_GTAAGGAG,CHD-ASD-PH,2,23,0,1,128,96,6,11.25,XXX,426
GDM20231215-2_TCCTCTAC,CHD-ASD-PH,2,42,393,2,105,63,7,11,XXX,1559
GDM20231215-2_ACTGCATA,CHD-ASD-PH,2,39,0,0,114,81,13,13.7,XXX,0
GDM20231229-1_GTAAGGAG,CHD-ASD-PH,2,33,0,0,121,95,11,0.47,XXX,0
GDM20231229-1_TCCTCTAC,CHD-ASD-PH,2,63,0,0,101,79,7,2.48,XXX,0
GDM20231229-3_CTAAGCCT,CHD-ASD-PH,1,30,587,1,148,86,9,6.89,XXX,57
GDM20231215-2_CTAAGCCT,CHD-ASD-PH,2,29,0,2,108,75,7,8,XXX,981
GDM20231229-1_CTAAGCCT,CHD-ASD-PH,2,23,0,0,100,106,5,8.75,XXX,0
GDM20231229-1_TCTCTCCG,CHD-ASD-PH,2,32,0,1,123,94,13,1.23,XXX,0
GDM20231229-1_GCGTAAGA,CHD-ASD-PH,1,6,0,2,101,86,0,0,XXX,3582
GDM20231215-2_TCTCTCCG,CHD-ASD-PH,2,43,0,0,119,144,21,2.37,XXX,0
GDM20231229-3_TCTCTCCG,CHD-ASD-PH,2,18,0,1,107,71,4,22.01,XXX,807
GDM20231215-2_GCGTAAGA,CHD-ASD-PH,2,23,440,2,126,59,9,21.33,XXX,508
GDM20231229-1_TAGATCGC,CHD-ASD-PH,2,3,0,0,77,119,6,12.44,XXX,0
GDM20231215-3_TAGATCGC,CHD-ASD-PH,2,6,0,0,84,98,8,19.6,XXX,0
GDM20231215-3_CTCTCTAT,CHD-ASD-PH,2,28,300,2,102,65,0,0,XXX,5100
GDM20231215-3_AGAGTAGA,CHD-ASD-PH,2,25,483,2,105,89,10,12.41,XXX,216
GDM20231215-3_AGCGTAGC,CHD-ASD-PH,2,29,455,1,112,80,9,3.8,XXX,423
GDM20231215-3_TCGCCTTA,CHD-ASD-PH,2,39,510,1,151,68,13,9.07,XXX,970
GDM20231215-3_CTAGTACG,CHD-ASD-PH,2,43,360,1,126,65,7,14.17,XXX,368
GDM20231229-1_CTCTCTAT,CHD-ASD-PH,2,46,0,0,97,87,4,2.91,XXX,0
GDM20231215-3_TTCTGCCT,CHD-ASD-PH,2,61,0,0,125,85,10,2.98,XXX,0
GDM20231229-3_GCGTAAGA,CHD-ASD-PH,2,33,458,2,137,92,7,6.91,XXX,0
GDM20231229-1_AGAGTAGA,CHD-ASD-PH,2,26,0,1,84,68,9,3.17,XXX,349
GDM20231229-3_TAGATCGC,CHD-ASD-PH,2,38,345,2,111,77,11,5.92,XXX,395.6
GDM20231215-3_GCTCAGGA,CHD-ASD-PH,2,25,505,1,117,86,9,7.03,XXX,272
GDM20231229-2_AGCGTAGC,CHD-ASD-PH,2,22,468,1,102,105,9,6.2,XXX,275
GDM20231229-2_TCGCCTTA,CHD-ASD-PH,2,34,0,1,110,73,7,4.43,XXX,429
GDM20231215-4_AGGAGTCC,CHD-ASD-PH,2,30,0,2,125,68,0,12.47,XXX,0
GDM20231215-4_CATGCCTA,CHD-ASD-PH,2,27,0,0,0,0,0,0,XXX,0
GDM20231229-2_CTAGTACG,CHD-ASD-PH,2,26,0,0,105,72,5,2.61,XXX,0
GDM20231229-2_TTCTGCCT,CHD-ASD-PH,2,41,460,1,141,83,3,7.83,XXX,367
GDM20231229-3_CTCTCTAT,CHD-ASD-PH,2,36,0,1,126,88,3,14.49,XXX,2918
GDM20231215-4_CCTCTCTG,CHD-ASD-PH,1,59,0,0,103,64,11,1.43,XXX,0
GDM20231215-4_CAGCCTCG,CHD-ASD-PH,2,23,540,1,98,64,4,10.3,XXX,234
GDM20231215-4_GTAAGGAG,CHD-ASD-PH,2,29,0,1,93,100,7,1,XXX,410
GDM20231215-4_TCCTCTAC,CHD-ASD-PH,2,40,0,0,153,78,7,6.65,XXX,0
GDM20231229-3_AGAGTAGA,CHD-ASD-PH,2,39,440,1,109,79,8,6.37,XXX,489
GDM20231229-3_AGCGTAGC,CHD-ASD-PH,2,24,0,1,106,83,7,21.56,XXX,79.6
GDM20231215-4_ACTGCATA,CHD-ASD-PH,2,34,540,1,99,71,4,6.64,XXX,125
GDM20231229-3_TCGCCTTA,CHD-ASD-PH,1,34,0,1,132,92,4,12.85,XXX,39
GDM20231229-2_AGGAGTCC,CHD-ASD-PH,2,22,0,1,108,47,18,6.06,XXX,228
GDM20231229-2_CATGCCTA,CHD-ASD-PH,1,32,0,2,115,80,8,4.44,XXX,154
GDM20231215-4_CTAAGCCT,CHD-ASD-PH,1,23,530,1,114,83,5,14.29,XXX,935
GDM20231222-1_TCTCTCCG,CHD-ASD-PH,2,12,0,3,120,96,0,16.19,XXX,2940
GDM20231229-2_CCTCTCTG,CHD-ASD-PH,2,28,470,2,120,69,0,0,XXX,311.9
GDM20231222-1_GCGTAAGA,CHD-ASD-PH,2,41,0,2,103,76,13,6.54,XXX,470
GDM20231229-3_CTAGTACG,CHD-ASD-PH,1,50,0,1,91,67,8,4.26,XXX,3376
GDM20231222-1_TAGATCGC,CHD-ASD-PH,2,10‘¬,0,2,0,0,0,0,XXX,0
GDM20231222-1_CTCTCTAT,CHD-ASD-PH,1,58,0,0,121,85,15,2.42,XXX,0
GDM20231229-2_CAGCCTCG,CHD-ASD-PH,2,35,0,0,118,87,7,4.74,XXX,0
GDM20231229-3_GTAAGGAG,CHD-ASD-PH,1,42,0,0,86,81,9,8.47,XXX,0
GDM20231222-1_AGAGTAGA,CHD-ASD-PH,2,33,0,0,111,73,7,14.48,XXX,0
GDM20231222-1_AGCGTAGC,CHD-ASD-PH,2,32,0,3,0,0,0,0,XXX,0
GDM20231222-1_TCGCCTTA,CHD-ASD-PH,2,25,406,2,110,98,8,16.54,XXX,2134
GDM20231222-1_CTAGTACG,CHD-ASD-PH,2,43,360,1,126,65,7,14.17,XXX,368
GDM20231222-2_TTCTGCCT,CHD-ASD-PH,2,49,0,0,141,95,5,1.49,XXX,0
GDM20231222-2_GCTCAGGA,CHD-ASD-PH,2,52,0,0,120,92,12,1.41,XXX,0
GDM20231229-3_TTCTGCCT,CHD-ASD-PH,1,46,0,2,120,80,9,0,XXX,952
GDM20231229-3_GCTCAGGA,CHD-ASD-PH,2,31,487,1,120,74,9,8.01,XXX,289
GDM20231222-2_AGGAGTCC,CHD-ASD-PH,2,28,0,1,110,82,8,17.25,XXX,941
GDM20231222-4_CATGCCTA,CHD-ASD-PH,1,40,408,1,124,82,12,7.21,XXX,391
GDM20220907-V_CATGCCTA,Ω°øµ∂‘’’,2,51,0,0,0,0,0,0,XXX,0
GDM20220907-V_GTAGAGAG,Ω°øµ∂‘’’,2,40,0,0,0,0,0,0,XXX,0
GDM20220910-I_AGCGTAGC,Ω°øµ∂‘’’,2,38,0,0,0,0,0,0,XXX,0
GDM20220910-I_TCGCCTTA,Ω°øµ∂‘’’,1,40,0,0,0,0,0,0,XXX,0
GDM20220910-I_CTAGTACG,Ω°øµ∂‘’’,1,32,0,0,0,0,0,0,XXX,0
GDM20220910-I_TTCTGCCT,Ω°øµ∂‘’’,1,35,0,0,0,0,0,0,XXX,0
GDM20220910-I_GCTCAGGA,Ω°øµ∂‘’’,2,34,0,0,0,0,0,0,XXX,0
GDM20220910-I_AGGAGTCC,Ω°øµ∂‘’’,1,21,0,0,0,0,0,0,XXX,0
GDM20220910-I_CATGCCTA,Ω°øµ∂‘’’,1,36,0,0,0,0,0,0,XXX,0
GDM20220910-I_GTAGAGAG,Ω°øµ∂‘’’,2,50,0,0,0,0,0,0,XXX,0
GDM20220910-I_CCTCTCTG,Ω°øµ∂‘’’,1,42,0,0,0,0,0,0,XXX,0
GDM20220910-I_CAGCCTCG,Ω°øµ∂‘’’,1,64,0,0,0,0,0,0,XXX,0
GDM20220910-I_GTAAGGAG,Ω°øµ∂‘’’,1,27,0,0,0,0,0,0,XXX,0
GDM20220910-I_TCCTCTAC,Ω°øµ∂‘’’,1,63,0,0,0,0,0,0,XXX,0
GDM20220910-II_ACTGCATA,Ω°øµ∂‘’’,2,47,0,0,0,0,0,0,XXX,0
GDM20220910-II_AAGGAGTA,Ω°øµ∂‘’’,1,36,0,0,0,0,0,0,XXX,0
GDM20220910-II_CTAAGCCT,Ω°øµ∂‘’’,1,47,0,0,0,0,0,0,XXX,0
GDM20220910-II_TCTCTCCG,Ω°øµ∂‘’’,2,63,0,0,0,0,0,0,XXX,0
GDM20220910-II_GCGTAAGA,Ω°øµ∂‘’’,1,34,0,0,0,0,0,0,XXX,0
GDM20220910-II_TAGATCGC,Ω°øµ∂‘’’,2,41,0,0,0,0,0,0,XXX,0
GDM20220910-II_CTCTCTAT,Ω°øµ∂‘’’,2,47,0,0,0,0,0,0,XXX,0
GDM20220910-II_AGAGTAGA,Ω°øµ∂‘’’,1,43,0,0,0,0,0,0,XXX,0
GDM20220910-II_AGCGTAGC,Ω°øµ∂‘’’,1,32,0,0,0,0,0,0,XXX,0
GDM20220910-II_TCGCCTTA,Ω°øµ∂‘’’,2,35,0,0,0,0,0,0,XXX,0
GDM20220910-II_CTAGTACG,Ω°øµ∂‘’’,2,45,0,0,0,0,0,0,XXX,0
GDM20220910-II_TTCTGCCT,Ω°øµ∂‘’’,1,45,0,0,0,0,0,0,XXX,0
GDM20220911-II_GCTCAGGA,Ω°øµ∂‘’’,2,38,0,0,0,0,0,0,XXX,0
GDM20220911-II_AGGAGTCC,Ω°øµ∂‘’’,2,42,0,0,0,0,0,0,XXX,0
GDM20220911-II_CATGCCTA,Ω°øµ∂‘’’,1,48,0,0,0,0,0,0,XXX,0
GDM20220911-II_GTAGAGAG,Ω°øµ∂‘’’,1,44,0,0,0,0,0,0,XXX,0
GDM20220911-II_CCTCTCTG,Ω°øµ∂‘’’,2,36,0,0,0,0,0,0,XXX,0
GDM20220911-II_CAGCCTCG,Ω°øµ∂‘’’,2,56,0,0,0,0,0,0,XXX,0
GDM20220911-II_GTAAGGAG,Ω°øµ∂‘’’,1,21,0,0,0,0,0,0,XXX,0
GDM20220911-II_TCCTCTAC,Ω°øµ∂‘’’,1,55,0,0,0,0,0,0,XXX,0
GDM20220911-II_ACTGCATA,Ω°øµ∂‘’’,2,35,0,0,0,0,0,0,XXX,0
GDM20220911-II_AAGGAGTA,Ω°øµ∂‘’’,1,29,0,0,0,0,0,0,XXX,0
GDM20220907-V_AGCGTAGC,Ω°øµ∂‘’’,2,47,0,0,0,0,0,0,XXX,0
GDM20220907-V_TCGCCTTA,Ω°øµ∂‘’’,2,27,0,0,0,0,0,0,XXX,0
GDM20231201-1_GCTCAGGA,Ω°øµ∂‘’’,2,44,0,0,0,0,0,0,XXX,0
GDM20221104-I_CCTCTCTG,Ω°øµ∂‘’’,1,71,0,0,0,0,0,0,XXX,0
GDM20231201-1_AGGAGTCC,Ω°øµ∂‘’’,2,36,0,0,0,0,0,0,XXX,0
GDM20231201-1_CATGCCTA,Ω°øµ∂‘’’,2,42,0,0,0,0,0,0,XXX,0
GDM20221104-I_CAGCCTCG,Ω°øµ∂‘’’,1,48,0,0,0,0,0,0,XXX,0
GDM20231201-1_CCTCTCTG,Ω°øµ∂‘’’,2,41,0,0,0,0,0,0,XXX,0
GDM20231201-1_CAGCCTCG,Ω°øµ∂‘’’,2,43,0,0,0,0,0,0,XXX,0
GDM20221104-I_GTAAGGAG,Ω°øµ∂‘’’,1,55,0,0,0,0,0,0,XXX,0
GDM20231201-1_GTAAGGAG,Ω°øµ∂‘’’,2,46,0,0,0,0,0,0,XXX,0
GDM20220917-I_AAGGAGTA,Ω°øµ∂‘’’,1,25,0,0,0,0,0,0,XXX,0
GDM20221104-I_TCCTCTAC,Ω°øµ∂‘’’,1,50,0,0,0,0,0,0,XXX,0
GDM20231201-2_TCCTCTAC,Ω°øµ∂‘’’,2,58,0,0,0,0,0,0,XXX,0
GDM20231201-2_ACTGCATA,Ω°øµ∂‘’’,2,20,0,0,0,0,0,0,XXX,0
GDM20231201-2_CTAAGCCT,Ω°øµ∂‘’’,2,53,0,0,0,0,0,0,XXX,0
GDM20231201-2_TCTCTCCG,Ω°øµ∂‘’’,2,36,0,0,0,0,0,0,XXX,0
GDM20231201-2_GCGTAAGA,Ω°øµ∂‘’’,2,33,0,0,0,0,0,0,XXX,0
GDM20221104-I_ACTGCATA,Ω°øµ∂‘’’,1,42,0,0,0,0,0,0,XXX,0
GDM20221104-I_AAGGAGTA,Ω°øµ∂‘’’,1,33,0,0,0,0,0,0,XXX,0
GDM20220917-I_GCGTAAGA,Ω°øµ∂‘’’,1,32,0,0,0,0,0,0,XXX,0
GDM20221104-I_CTAAGCCT,Ω°øµ∂‘’’,1,55,0,0,0,0,0,0,XXX,0
GDM20220910-II_TCTCTCCG,Ω°øµ∂‘’’,2,63,0,0,0,0,0,0,XXX,0
GDM20231124-6_TCCTCTAC,Ω°øµ∂‘’’,2,55,0,0,0,0,0,0,XXX,0
GDM20220917-I_CTAAGCCT,Ω°øµ∂‘’’,1,22,0,0,0,0,0,0,XXX,0
GDM20231124-6_ACTGCATA,Ω°øµ∂‘’’,2,32,0,0,0,0,0,0,XXX,0
GDM20221114-I_CATGCCTA,Ω°øµ∂‘’’,1,39,0,0,0,0,0,0,XXX,0
GDM20221114-I_GTAGAGAG,Ω°øµ∂‘’’,1,34,0,0,0,0,0,0,XXX,0
GDM20220917-I_CTCTCTAT,Ω°øµ∂‘’’,1,32,0,0,0,0,0,0,XXX,0
GDM20231124-6_CTAAGCCT,Ω°øµ∂‘’’,0,0,0,0,0,0,0,0,XXX,0
GDM20231124-6_TCTCTCCG,Ω°øµ∂‘’’,2,53,0,0,0,0,0,0,XXX,0
GDM20221114-I_CCTCTCTG,Ω°øµ∂‘’’,1,40,0,0,0,0,0,0,XXX,0
GDM20221114-I_CAGCCTCG,Ω°øµ∂‘’’,1,62,0,0,0,0,0,0,XXX,0
GDM20231124-6_CTCTCTAT,Ω°øµ∂‘’’,2,47,0,0,0,0,0,0,XXX,0
GDM20221114-I_GTAAGGAG,Ω°øµ∂‘’’,1,33,0,0,0,0,0,0,XXX,0
GDM20231124-6_AGAGTAGA,Ω°øµ∂‘’’,2,30,0,0,0,0,0,0,XXX,0
GDM20221114-II_AGCGTAGC,Ω°øµ∂‘’’,1,40,0,0,0,0,0,0,XXX,0
GDM20221114-II_TCGCCTTA,Ω°øµ∂‘’’,1,50,0,0,0,0,0,0,XXX,0
GDM20221114-II_CTAGTACG,Ω°øµ∂‘’’,1,40,0,0,0,0,0,0,XXX,0
GDM20231124-6_AGCGTAGC,Ω°øµ∂‘’’,2,45,0,0,0,0,0,0,XXX,0
GDM20221114-II_TTCTGCCT,Ω°øµ∂‘’’,1,42,0,0,0,0,0,0,XXX,0
GDM20231124-6_TCGCCTTA,Ω°øµ∂‘’’,2,53,0,0,0,0,0,0,XXX,0
GDM20231124-7_GCTCAGGA,Ω°øµ∂‘’’,2,55,0,0,0,0,0,0,XXX,0
GDM20231124-7_AGGAGTCC,Ω°øµ∂‘’’,2,32,0,0,0,0,0,0,XXX,0
GDM20231124-7_CATGCCTA,Ω°øµ∂‘’’,2,31,0,0,0,0,0,0,XXX,0
GDM20220917-I_TCTCTCCG,Ω°øµ∂‘’’,1,30,0,0,0,0,0,0,XXX,0
GDM20220911-II_CTAAGCCT,Ω°øµ∂‘’’,2,33,0,0,0,0,0,0,XXX,0
GDM20220911-II_TCTCTCCG,Ω°øµ∂‘’’,1,49,0,0,0,0,0,0,XXX,0
GDM20220913-I_GCGTAAGA,Ω°øµ∂‘’’,1,42,0,0,0,0,0,0,XXX,0
GDM20220913-I_TAGATCGC,Ω°øµ∂‘’’,1,36,0,0,0,0,0,0,XXX,0
GDM20220913-I_CTCTCTAT,Ω°øµ∂‘’’,2,21,0,0,0,0,0,0,XXX,0
GDM20220913-I_AGAGTAGA,Ω°øµ∂‘’’,2,35,0,0,0,0,0,0,XXX,0
GDM20221114-II_GCTCAGGA,Ω°øµ∂‘’’,1,41,0,0,0,0,0,0,XXX,0
GDM20221114-II_CATGCCTA,Ω°øµ∂‘’’,1,43,0,0,0,0,0,0,XXX,0
GDM20221114-II_GTAGAGAG,Ω°øµ∂‘’’,1,50,0,0,0,0,0,0,XXX,0
GDM20220917-I_GCTCAGGA,Ω°øµ∂‘’’,1,27,0,0,0,0,0,0,XXX,0
GDM20221114-II_CTCTCTAT,Ω°øµ∂‘’’,1,47,0,0,0,0,0,0,XXX,0
GDM20221114-II_AGAGTAGA,Ω°øµ∂‘’’,1,54,0,0,0,0,0,0,XXX,0
GDM20231124-1_TTCTGCCT,Ω°øµ∂‘’’,2,46,0,0,0,0,0,0,XXX,0
GDM20220917-I_AGGAGTCC,Ω°øµ∂‘’’,1,22,0,0,0,0,0,0,XXX,0
GDM20221114-III_AGCGTAGC,Ω°øµ∂‘’’,1,37,0,0,0,0,0,0,XXX,0
GDM20231124-1_GCTCAGGA,Ω°øµ∂‘’’,2,31,0,0,0,0,0,0,XXX,0
GDM20221114-III_TCGCCTTA,Ω°øµ∂‘’’,1,34,0,0,0,0,0,0,XXX,0
GDM20221114-III_CTAGTACG,Ω°øµ∂‘’’,1,40,0,0,0,0,0,0,XXX,0
GDM20221114-III_TTCTGCCT,Ω°øµ∂‘’’,1,45,0,0,0,0,0,0,XXX,0
GDM20221114-III_ACTGCATA,Ω°øµ∂‘’’,1,40,0,0,0,0,0,0,XXX,0
GDM20231124-1_AGGAGTCC,Ω°øµ∂‘’’,2,44,0,0,0,0,0,0,XXX,0
GDM20231124-1_CATGCCTA,Ω°øµ∂‘’’,2,40,0,0,0,0,0,0,XXX,0
GDM20220917-I_CATGCCTA,Ω°øµ∂‘’’,1,26,0,0,0,0,0,0,XXX,0
GDM20221114-III_AAGGAGTA,Ω°øµ∂‘’’,1,47,0,0,0,0,0,0,XXX,0
GDM20231124-1_CCTCTCTG,Ω°øµ∂‘’’,2,36,0,0,0,0,0,0,XXX,0
GDM20231124-1_CAGCCTCG,Ω°øµ∂‘’’,2,39,0,0,0,0,0,0,XXX,0
GDM20221114-III_CTCTCTAT,Ω°øµ∂‘’’,1,47,0,0,0,0,0,0,XXX,0
GDM20220917-I_TCCTCTAC,Ω°øµ∂‘’’,1,31,0,0,0,0,0,0,XXX,0
GDM20221114-III_AGAGTAGA,Ω°øµ∂‘’’,1,51,0,0,0,0,0,0,XXX,0
GDM20231201-3_TCGCCTTA,Ω°øµ∂‘’’,2,45,0,0,0,0,0,0,XXX,0
GDM20231201-3_CTAGTACG,Ω°øµ∂‘’’,2,42,0,0,0,0,0,0,XXX,0
GDM20231201-3_TTCTGCCT,Ω°øµ∂‘’’,2,63,0,0,0,0,0,0,XXX,0
GDM20231201-3_GCTCAGGA,Ω°øµ∂‘’’,2,33,0,0,0,0,0,0,XXX,0
GDM20231201-3_AGGAGTCC,Ω°øµ∂‘’’,2,51,0,0,0,0,0,0,XXX,0
GDM20231201-3_CATGCCTA,Ω°øµ∂‘’’,2,25,0,0,0,0,0,0,XXX,0
GDM20220917-I_AGAGTAGA,Ω°øµ∂‘’’,1,32,0,0,0,0,0,0,XXX,0
GDM20231201-3_CCTCTCTG,Ω°øµ∂‘’’,2,37,0,0,0,0,0,0,XXX,0
GDM20231201-3_CAGCCTCG,Ω°øµ∂‘’’,2,47,0,0,0,0,0,0,XXX,0
GDM20221114-V_TCCTCTAC,Ω°øµ∂‘’’,1,49,0,0,0,0,0,0,XXX,0
GDM20231201-3_GTAAGGAG,Ω°øµ∂‘’’,2,40,0,0,0,0,0,0,XXX,0
GDM20221114-V_ACTGCATA,Ω°øµ∂‘’’,1,61,0,0,0,0,0,0,XXX,0
GDM20231201-3_TCCTCTAC,Ω°øµ∂‘’’,2,24,0,0,0,0,0,0,XXX,0
GDM20231201-3_ACTGCATA,Ω°øµ∂‘’’,2,64,0,0,0,0,0,0,XXX,0
GDM20231124-8_TCTCTCCG,Ω°øµ∂‘’’,2,39,0,0,0,0,0,0,XXX,0
GDM20231124-8_GCGTAAGA,Ω°øµ∂‘’’,2,29,0,0,0,0,0,0,XXX,0
GDM20221114-V_AAGGAGTA,Ω°øµ∂‘’’,1,37,0,0,0,0,0,0,XXX,0
GDM20221114-V_CTAAGCCT,Ω°øµ∂‘’’,1,45,0,0,0,0,0,0,XXX,0
GDM20231124-8_TAGATCGC,Ω°øµ∂‘’’,2,51,0,0,0,0,0,0,XXX,0
GDM20231124-10_CTCTCTAT,Ω°øµ∂‘’’,2,38,0,0,0,0,0,0,XXX,0
GDM20221114-V_TCTCTCCG,Ω°øµ∂‘’’,1,39,0,0,0,0,0,0,XXX,0
GDM20231124-11_CTCTCTAT,Ω°øµ∂‘’’,2,52,0,0,0,0,0,0,XXX,0
GDM20221129-I_GCTCAGGA,Ω°øµ∂‘’’,1,38,0,0,0,0,0,0,XXX,0
GDM20231124-8_AGCGTAGC,Ω°øµ∂‘’’,2,44,0,0,0,0,0,0,XXX,0
GDM20221129-I_AGGAGTCC,Ω°øµ∂‘’’,1,37,0,0,0,0,0,0,XXX,0
GDM20221129-I_CATGCCTA,Ω°øµ∂‘’’,1,40,0,0,0,0,0,0,XXX,0
GDM20231201-1_CTAGTACG,Ω°øµ∂‘’’,2,54,0,0,0,0,0,0,XXX,0
GDM20221129-I_GTAGAGAG,Ω°øµ∂‘’’,1,52,0,0,0,0,0,0,XXX,0
GDM20231201-1_TTCTGCCT,Ω°øµ∂‘’’,2,59,0,0,0,0,0,0,XXX,0
GDM20221129-I_CCTCTCTG,Ω°øµ∂‘’’,1,41,0,0,0,0,0,0,XXX,0
GDM20221129-I_CAGCCTCG,Ω°øµ∂‘’’,1,41,0,0,0,0,0,0,XXX,0
GDM20221129-I_GTAAGGAG,Ω°øµ∂‘’’,1,50,0,0,0,0,0,0,XXX,0
GDM20231124-5_TCCTCTAC,Ω°øµ∂‘’’,2,30,0,0,0,0,0,0,XXX,0
GDM20231124-5_ACTGCATA,Ω°øµ∂‘’’,2,44,0,0,0,0,0,0,XXX,0
GDM20220917-I_GTAGAGAG,Ω°øµ∂‘’’,1,29,0,0,0,0,0,0,XXX,0
GDM20221206-I_AGCGTAGC,Ω°øµ∂‘’’,1,40,0,0,0,0,0,0,XXX,0
GDM20231124-5_CTAAGCCT,Ω°øµ∂‘’’,2,46,0,0,0,0,0,0,XXX,0
GDM20221206-I_TCGCCTTA,Ω°øµ∂‘’’,1,49,0,0,0,0,0,0,XXX,0
GDM20221206-I_CTAGTACG,Ω°øµ∂‘’’,1,41,0,0,0,0,0,0,XXX,0
GDM20220917-I_CCTCTCTG,Ω°øµ∂‘’’,1,28,0,0,0,0,0,0,XXX,0
GDM20231124-2_CTAAGCCT,Ω°øµ∂‘’’,2,52,0,0,0,0,0,0,XXX,0
GDM20231124-2_TCTCTCCG,Ω°øµ∂‘’’,2,32,0,0,0,0,0,0,XXX,0
GDM20231124-2_GCGTAAGA,Ω°øµ∂‘’’,2,31,0,0,0,0,0,0,XXX,0
GDM20231124-4_AGCGTAGC,Ω°øµ∂‘’’,2,30,0,0,0,0,0,0,XXX,0
GDM20231124-4_TCGCCTTA,Ω°øµ∂‘’’,2,59,0,0,0,0,0,0,XXX,0
GDM20231124-4_CTAGTACG,Ω°øµ∂‘’’,2,53,0,0,0,0,0,0,XXX,0
GDM20231124-4_TTCTGCCT,Ω°øµ∂‘’’,2,33,0,0,0,0,0,0,XXX,0
GDM20221206-I_TTCTGCCT,Ω°øµ∂‘’’,1,48,0,0,0,0,0,0,XXX,0
GDM20221206-I_AGGAGTCC,Ω°øµ∂‘’’,1,40,0,0,0,0,0,0,XXX,0
GDM20231124-4_GCTCAGGA,Ω°øµ∂‘’’,2,32,0,0,0,0,0,0,XXX,0
GDM20221206-I_CATGCCTA,Ω°øµ∂‘’’,1,56,0,0,0,0,0,0,XXX,0
GDM20231124-4_AGGAGTCC,Ω°øµ∂‘’’,2,74,0,0,0,0,0,0,XXX,0
GDM20231124-4_CATGCCTA,Ω°øµ∂‘’’,2,40,0,0,0,0,0,0,XXX,0
GDM20221206-I_GTAGAGAG,Ω°øµ∂‘’’,1,35,0,0,0,0,0,0,XXX,0
GDM20231124-5_CAGCCTCG,Ω°øµ∂‘’’,2,54,0,0,0,0,0,0,XXX,0
GDM20231124-5_GTAAGGAG,Ω°øµ∂‘’’,2,34,0,0,0,0,0,0,XXX,0
GDM20230501-I_AAGGAGTA,Ω°øµ∂‘’’,1,47,0,0,0,0,0,0,XXX,0
GDM20231124-5_TCTCTCCG,Ω°øµ∂‘’’,2,45,0,0,0,0,0,0,XXX,0
GDM20231124-5_GCGTAAGA,Ω°øµ∂‘’’,2,41,0,0,0,0,0,0,XXX,0
GDM20220917-I_ACTGCATA,Ω°øµ∂‘’’,1,32,0,0,0,0,0,0,XXX,0
GDM20220917-I_CAGCCTCG,Ω°øµ∂‘’’,1,30,0,0,0,0,0,0,XXX,0
GDM20231124-5_TAGATCGC,Ω°øµ∂‘’’,2,42,0,0,0,0,0,0,XXX,0
GDM20231124-3_CTCTCTAT,Ω°øµ∂‘’’,2,26,0,0,0,0,0,0,XXX,0
GDM20220917-I_GTAAGGAG,Ω°øµ∂‘’’,1,26,0,0,0,0,0,0,XXX,0
GDM20231124-3_AGAGTAGA,Ω°øµ∂‘’’,2,39,0,0,0,0,0,0,XXX,0
GDM20231124-9_TCGCCTTA,Ω°øµ∂‘’’,2,41,0,0,0,0,0,0,XXX,0
