"chr","host_gene_name","circAltas_ID","Chro","Start","End","Strand","seq","len","host_gene_id","host_gene_entrezgene_id","HA_vs_NC_baseMean","HA_vs_NC_log2FoldChange","HA_vs_NC_lfcSE","HA_vs_NC_stat","HA_vs_NC_pvalue","HA_vs_NC_padj","SA_vs_NC_baseMean","SA_vs_NC_log2FoldChange","SA_vs_NC_lfcSE","SA_vs_NC_stat","SA_vs_NC_pvalue","SA_vs_NC_padj","MA_vs_NC_baseMean","MA_vs_NC_log2FoldChange","MA_vs_NC_lfcSE","MA_vs_NC_stat","MA_vs_NC_pvalue","MA_vs_NC_padj","rpm_MA2","rpm_MA4","rpm_MA5","rpm_MA7","rpm_SA25","rpm_SA28","rpm_SA30","rpm_SA32","rpm_HA17","rpm_HA18","rpm_HA19","rpm_N-1","rpm_N-2","rpm_N-3","rpm_N-4","MA2","MA4","MA5","MA7","SA25","SA28","SA30","SA32","HA17","HA18","HA19","N-1","N-2","N-3","N-4"
"chr1:139943398-139956356","Ntrk3","rno-Ntrk3_0005","chr1",139943398,139956356,"-","ATGTTCAACACATCAAGAGGAGAGACATCGTGTTGAAGAGAGAACTGGGTGAGGGAGCCTTTGGAAAGGTCTTCCTGGCTGAGTGCTACAATCTAAGCCCCACCAAAGACAAGATGCTTGTGGCAGTGAAGGCCCTGAAGGATCCCACCTTGGCTGCCAGGAAGGATTTCCAGAGGGAGGCCGAGCTGCTCACTAACCTGCAGCATGAGCATATTGTCAAATTCTATGGGGTCTGTGGTGATGGGGATCCACTCATCATGGTCTTTGAATACATGAAGCATGGAGACCTGAACAAGTTCCTCAGGGCCCATGGGCCAGATGCGATGATCCTTGTGGATGGACAGCCACGCCAGGCCAAGGGGGAGCTAGGACTCTCCCAGATGCTCCACATCGCCAGTCAGATAGCCTCCGGCATGGTGTACTTGGCCTCCCAGCACTTTGTGCACCGGGACCTGGCCACCAGGAACTGCCTAGTTGGAGCCAACCTTCTAGTGAAGATTGGAGATTTTGGCATGTCCAGGGACGTCTACAGTACTGATTACTACAGG",548,"ENSRNOG00000018674",29613,25.9587558758295,-1.71228512420955,0.392196766265624,-4.36588282079274,1.26610344770964e-05,0.00236515916302689,20.7021611919351,-1.53885712188349,0.365740096952738,-4.20751548628355,2.58193714391618e-05,0.00474642233373938,22.2648239786923,-1.55694804414221,0.371300354373076,-4.19323069801819,2.75009510269865e-05,0.00174238168292407,1091.77316806885,957.426437735367,332.253509427693,312.679139090104,1018.58925388337,599.315068493151,1379.31034482759,256.54181631606,1220.04357298475,615.935942661963,1013.94169835234,1894.29816253078,3166.81181220806,2250.47138251931,5819.36685288641,17,15,4,6,12,7,13,4,14,11,8,30,40,37,50
"chr1:143712491-143718900","Hdgfl3","rno-Hdgfl3_0001","chr1",143712491,143718900,"-","TGCATTTCTAGGTCCTAAAGACCTTTTCCCATATAAGGAATACAAAGACAAGTTTGGAAAGTCAAACAAACGGAAAGGATTTAATGAAGGATTATGGGAAATTGAAAATAATCCAGGAGTGAAATTTACTGGGTACCAGACAATTCAGCAACAGAGCTCTTCAGAAACTGAGGGAGAAGGAGGGAACACTGCAGATGCAAGCAGTGAGGAAGAAGGTGACAGAGTAGAAGATGGAAAAGGCAAGAGAAAGAATGAAAAAGGAGGCTCAAAACGGAAAAAGTCCTACACTTCAAAGAAGTCTTCTAAACAGTCCCGGAAATCTCCAGGAGACGAAGATGACAAAGACTGCAAAGAAGAGGAGAACAAAAGCAGCTCTGAGGGCGGAGATGCTGGCAATGACACAAGAAACACGACTTCAGACTTGCAGAAAGCCGGTGAAGGG",442,"ENSRNOG00000019740",252941,8.72650514970783,-1.82285304397431,0.677163566925092,-2.69189474007238,0.00710473649015322,0.176715916467699,6.45635189466291,-2.12498093455544,0.712097391534429,-2.9841155996605,0.00284399301800601,0.0791837442664112,7.58487287524312,-1.49241437619765,0.587614723250299,-2.53978383649511,0.0110921001037899,0.122749847933088,547.411957910103,0,192.66585318862,191.485287547073,0,0,339.529751294457,342.465753424658,742.705570291777,0,261.437908496732,727.924295873229,1647.65525982256,947.149081265391,950.043543662418,9,0,3,3,0,0,4,4,7,0,3,13,13,15,12
"chr1:150887401-150961642","Nox4","rno-Nox4_0011","chr1",150887401,150961642,"+","TGTCCTACTGAAACCAAAGCAACATTTGGTGTCCACTTTAAAGTAGTAGGAGACTGGACAGAAAGATTCCGAGATTTACTACTGCCTCCATCAAGCCAAGATTCTGAGATTCTGCCCTTCATTCAATCTAGAAACTACCCCAAGTTATACATCGATGGCCCATTTGGAAGTCCATTTGAGGAGTCACTGAACTATGAAGTTAGTCTGTGTGTGGCTGGAGGCATTGGGGTCACTCCGTTTGCATCGATACTAAACACTCTACTGGATGACTGGAAACCATACAAGCTAAGAAGACTGTATTTTATCTGGGTCTGCAGAGACATCCAATCATTCCAGTGGTTTGCAGACTTGCTCTATGTGCTGCATAACAAGTTTTGGCAAGAAAACAGACCTGACTTTGTGAACATCCAGCTGTACCTCAGTCAAACAGATGGGATACAGAAGATAATTGGAGAAAAATACCACACATTGAATTCTAGACTTTTTATTGGGCGTCCTCGGTGGAAGCTTTTATTTGATGAAATAGCAAAATGTAACAGAGG",542,"ENSRNOG00000013925",85431,3.82711070038265,5.68734856771014,1.28930154154301,4.41118573464486,1.02806083686513e-05,0.00236515916302689,4.09913792427107,5.83044533219124,1.21102708105222,4.81446321342818,1.4759608842532e-06,0.00100734330350281,2.38010166933137,4.89940673840893,1.45964836650197,3.35656645178886,0.000789167539799242,0.0225803744452235,252.573088337438,158.340590610403,182.470652636701,814.711359404097,770.66341275448,255.313716729431,581.443641498463,260.565949241753,848.824378236143,770.547945205479,742.705570291777,0,0,0,0,4,2,3,7,12,4,7,5,10,9,7,0,0,0,0
"chr1:162639900-162643789","Rsf1","rno-Rsf1_0001","chr1",162639900,162643789,"+","AGGCATGTAAAACCCAAAGGCAAAGTTCGATGGACTGGCTCTCGGACACGTGGCAGGTGGAAATACTCCAGCAATGATGAGAGCGAAGGGTCCGAGAGTGACAAATCCTCTGCCGCCTCGGAAGAGGAGGAAGGAAAGGAGAGTGAAGAAGCAGTCCTTCCAGATGACGATGAACCCTGCAAAAAGTGTGGCCTTCCGAATCACCCAGAACTA",213,"ENSRNOG00000024194",308839,3.12464304944259,-4.84467556998534,1.48422303724386,-3.26411560016053,0.00109806353284764,0.0587886322201508,2.28949640302566,-4.34913656284441,1.41615902675696,-3.07107922251079,0.00213286551576608,0.0646969206449044,2.46781143837299,-4.58538657361713,1.40541974039987,-3.2626456294918,0.00110377445623044,0.0279727983621828,0,0,0,0,0,0,0,0,0,0,0,522.875816993464,279.970883028165,380.228136882129,568.289448759235,0,0,0,0,0,0,0,0,0,0,0,6,5,3,9
"chr1:201183051-201188802","Tacc2","rno-Tacc2_0003","chr1",201183051,201188802,"+","AAAGAGCCCAGGGCCTGGTTCAGCCACCTCACCTTCAGTTCTCGAGATACACGCTCCGAAAGGCTCTTCAGCAGAGACCAGAGACTTGGGAGGAGCAGAAAG",102,"ENSRNOG00000020457",309025,11.1784385937211,-1.58180772778088,0.58766506954225,-2.69168240510365,0.00710926100732122,0.176715916467699,7.79937214130221,-2.46460713117369,0.682663949995082,-3.61027871940718,0.000305868150308772,0.0237132393694172,7.87330417064192,-3.3535067477752,0.77859993332861,-4.30709868345165,1.65409826993021e-05,0.00130677203519521,232.774674115456,0,0,249.19013207077,104.226379696701,0,256.849315068493,318.302387267905,128.27090815803,958.605664488017,167.982529816899,2661.59695817491,694.575992927954,1266.72472488322,1094.82391582021,2,0,0,3,2,0,3,3,2,11,3,21,11,16,18
"chr10:110101466-110101880","intergenic","rno-intergenic_001617","chr10",110101466,110101880,"-","CTGTCACCATGCTGCCGCCATGCTCAGAGCGGGAACTGAGTGAGCTTTTGGCACAAAAGGAGGAGGAATGGCGAGCCCTACAGGCCCACCGTGCACAGCTGCAGGAGGCAGCTCTACAGGCTACTCAGAACCGCCTGGAGGAGGCACAAGGGAAGCTGAGGCGCCTACAGGAGGACTTTGTTTACAACCTTCAGGTGCTGGAAGAGAGGGATCGTGAGCTGGAGCGCTATGACATTGAATTCACCCAGGCCCGCAGACGGGAGGAGGCCCAACAAGCAGAGGCCAGTGAGCTCAAGATAGAGGTGGCCAAGCTGAAACAGGAACTCACCAGAGAGGCCAGGCACATGGAGGAGCTGCGGCATCAGCATAAGCTAATGCTGCAGGAGCACCGCTTGGAGCTGGAGCGTGTCCACAG",415,NA,NA,7.38431183827091,1.72001741204114,0.676239789576058,2.5435022288757,0.0109747356787287,0.228012418877467,6.27891689731339,1.59274834074697,0.684852936346722,2.32567936299335,0.0200356622239155,0.24476832821978,15.3107041289878,2.98376907367273,0.494181791174091,6.03779646875254,1.56232946988088e-09,9.23857493189559e-07,1495.14079242462,1354.94293605712,2376.7082590612,1969.17808219178,1379.31034482759,0,697.167755991285,615.935942661963,2534.85424588086,884.005809181032,237.510885915604,243.294203515601,581.936685288641,128.443902125747,319.142145911789,18,26,28,23,13,0,8,11,20,14,3,4,5,2,5
"chr11:79529343-79611741","Lpp","rno-Lpp_0007","chr11",79529343,79611741,"-","ATTTCAACAATGTCTCACCCATCTTGGCTGCCACCCAGAAGCACTGGTGAGCCTCTTGGCCATGTTCCTGCGCGGATGGAGACCACCCATTCTTTTGGGACCCCCAGTATTTCAGTGTCAACACAACAGCCACCCAAGAAGTTTGCTCCAGTGGTTGCTCCAAAACCCAAGTATAACCCGTACAAGCAGCCCGGAGGAGAGGGTGATTTTCTCCCACCCCCACCTCCGCCACTAGAGGATCCTGGTACCATCCCATCTGGGTCCGGGCACTTCCCTCCTCCTCCACCATTGGATGAAGGTGCTTTCATAGTGCAGCGGGGAAATCCTGGAGGCAAGACCCTGGAGGAACGGCGTTCCAGCTTGGATGCAGAGATCGACTCCTTGACGAGCATCTTGGCTGATTTGGAGTGCAGCTCGCCCTACAAGCCTCGGGCCCCACCG",441,"ENSRNOG00000031669",288010,5.51636083313486,-5.66724923237826,1.31568672951114,-4.30744576597197,1.65150571337722e-05,0.00255432883669009,4.65446152497945,-2.75265781201118,0.915729580109734,-3.00597236542399,0.00264733055840752,0.0752834627547139,5.27920928911804,-2.20026965382436,0.769930850204321,-2.85774969692469,0.00426656800298931,0.072777804204837,174.291938997821,279.970883028165,0,0,0,0,232.774674115456,128.443902125747,0,0,0,933.706816059757,941.780821917808,848.806366047745,705.489994869164,2,5,0,0,0,0,2,2,0,0,0,11,11,8,11
"chr12:15075273-15098764","AABR07035437.1","rno-AABR07035437.1_0001","chr12",15075273,15098764,"-","ATGACGTTGCACCCTACTTCAAAACGGAGCCGGGCCTGCCCCAGATCCACCTGGAAGGGAACCGCCTCGTGCTCACCTGCCTGGCTGAAGGGAGCTGGCCTCTGGAATTCAAGTGGATCCGGAATGACAGTGAGCTCACCGCCTACAGCAGCGAATACAGGTACATCATCCCCTCTTTGCAGAAGCTGGACGCTGGGTTTTACCGCTGCGTGGTGCGGAACAGGATGGGAGCTCTCTTGCAGAGAAAATCAGAAATTCAAGTAGCATATATGGGGAACTTCATGGATGCAGACCAGAGGAAAACGGTTTCTCAAGGACATGCGGCACTTCTAAACCTACTGCCTATCACCAGCTGCCCCAGACCTCAAGTGACATGGTTTAGAGAAGGACACAAGATCATTCCCAGCAGCAGAAT",415,NA,NA,7.27828099811272,1.60047414480865,0.64503621016193,2.4812159683359,0.0130935014454693,0.246299378541801,7.42426899099279,1.80279425180303,0.627184840938963,2.87442255317276,0.00404767026500694,0.0999946077155726,6.21981731954738,1.30864980340937,0.615528920856728,2.12605737775557,0.033498482278472,0.218479071919152,449.553657440113,702.112721005936,747.57039621231,260.565949241753,1358.11900517783,1027.39726027397,636.604774535809,256.54181631606,958.605664488017,1007.89517890139,887.198986058302,315.716360421797,633.362362441612,121.647101757801,232.774674115456,7,11,9,5,16,12,6,4,11,18,7,5,8,2,2
"chr12:43576497-43576734","Med13l","rno-Med13l_0003","chr12",43576497,43576734,"-","GCTGAACTCACAGGAATCAAATGGCGTAGGTACAATTTTGGAGGGCACGGGGACTGTGGACCCATAATTTCAGCCCCAGCCCAAGATGATCCAATCCTGTTAAGTTTCATCCGCTGTCTGCAAGCCAACCTGCTCTGTGTATGGCGTCGTGACGTCAAGCCGGATTGCAAAGAGCTCTGGATATTCTGGTGGGGAGACGAACCCAACCTGGTGGGAGTAATACATCATGAACTGCAGG",238,"ENSRNOG00000001120",360817,4.3580081188563,1.86346839177394,0.888899304835971,2.0963773755204,0.036048727758135,0.369687548057735,4.96046629519322,2.21340169706723,0.771170928273027,2.87018301120863,0.00410234288063888,0.0999946077155726,4.7450533549281,2.02407356888355,0.750769799290757,2.6959975891354,0.00701781746220057,0.0936060765258933,763.941940412529,599.315068493151,742.705570291777,320.677270395074,348.583877995643,503.947589450697,887.198986058302,378.859632506156,870.873248357216,425.764856152302,465.549348230912,0,319.142145911789,166.126754713847,104.226379696701,9,7,7,5,4,9,7,6,11,7,4,0,5,2,2
"chr12:8323968-8356308","Mtus2","rno-Mtus2_0002","chr12",8323968,8356308,"-","unknown",7,"ENSRNOG00000032410",498136,3.36859773850207,-4.96742809178682,1.47559168124131,-3.36639746275071,0.000761568894136269,0.0441709958599036,2.48534218336742,-4.47687902458528,1.39546360285776,-3.20816610008107,0.00133584323864159,0.0506507227984935,2.69226265883762,-4.71955192058426,1.38419114078313,-3.40960997475688,0.000650558428345424,0.0202472044190313,0,0,0,0,0,0,0,0,0,0,0,256.54181631606,1045.75163398693,447.953412845064,253.485424588086,0,0,0,0,0,0,0,0,0,0,0,4,12,8,2
"chr12:8349428-8356308","Mtus2","rno-Mtus2_0008","chr12",8349428,8356308,"-","unknown",7,"ENSRNOG00000032410",498136,5.88653804443637,-5.76324307651711,1.30491220149298,-4.41657536033709,1.0027695061905e-05,0.00236515916302689,4.56770284507288,-3.85718785258794,1.1319569226809,-3.40753943485116,0.000655514356471601,0.0331398924660643,4.66710247555365,-5.50775481637342,1.15965159896169,-4.74949098617626,2.03929285720316e-06,0.000278285040667569,0,0,0,0,0,0,174.291938997821,0,0,0,0,608.235508789003,1513.03538175047,577.99755956586,765.941150188294,0,0,0,0,0,0,2,0,0,0,0,10,13,9,12
"chr12:8442273-8443772","intergenic","rno-intergenic_004033","chr12",8442273,8443772,"-","GAGACTTTTCTGACTTCTTATCATCTCCTGCCTGAGTGCTAGGCAGTTTCGACATTGGAAACTTGACCTGGGGGCCCTGTCTGAAAACGTCCTTGAAATATCATCGCTGCAAATTTGACAGAAGTGAGCCTCTCTTGGATTGCCGTATTGCTCTGTGATCCTTAAGACGCTTTTGAACGTTTCTCATGAAATCGAGCACCTTATTGGCTATGCAGAGCTGTGCGTCGATGAGAGAGAAAAACTTCCTGTTAGTATCAAACGCCCAACTGACAATGGGTCTAGACATGTATTAGAGCCTGTTGGCCATGACTTCCAGGTCCAGCACCCATTGGTCAGCTAGAAGAAACAAAGAAGGTGGGCGTTTGTGGAGCATCCAGCTCCCCCAGGTAAGGGAAGAAGAAATTGAGGATATTTGCAGGATAACACCAGAAGGATGGATTGCGACATTGAGCGAGGAAATACAGCTAGAATGTTCCTGATACTAAGAGAAGACAAGTTTCGCTACTGTAAGAACCCACTCCCTGGTGCTTAGTGATCAAGCCAACTTTGGCTAATACTGTATCTTAGCAGTCTGCAGTCTGGCTGTTCTAGTCAGCGTGCTTTTGTTCACAATAGGGTCCAAGAGGAAAGTGTGGCCACCATGTCCAACTCACAGCCACTCTGAAGATCTCAGGCAATTAGTTGTAGGCAACACTGGAACCTTCTCTTCTCGATGACTGTCCCTGCTTTCTGACCTGCGTGCGCTGTGCAGCTAACTGGGTAAGAGGAAAATATCTCATATCAAGATCACAGTGAGTCTAGTCAGGGTGGGTCCCGGTGTTGATGACACACAGCAGCAGTTGGGCAAAGCCAGGTCAATAAGGCTTGCTCTCAGGTCTCGGGTTTTGTGAGTTAAGAGGGAAAAGTCTAACTTCAATTTTTTTCTTCAAACCTTATTTTTAATGATGGTTCTTAAATGCTTTAACCTTCCTTGTAACCCACCACACACCAGGGGTAGTGGAAAAGAAAGGATATGGGGGAAGTGGGCCTGTTCAGAAAGGTTCTTTGGAGCAACTCCCGCCTGTGTTGTCTGAAAACCAGCAGTTCAGTTCACAGGTCAGCAGGCGGCGGCAGCTCGATCCACTTGCAAACACCTCATGGATACACCAGCGGTCCAGTTCAGAGTTGGGCTAGCAACAGTGTTGACATGACTTAGCAGAGACAGACCTTGGCTGGGGTTAGCAGGAGGGACCCGGAGAGACATCAAGAGTTCTCAGCTGTGAGACCTCCAAGTATTGCACCATATCCATCATCCATCATCTACCAGCAAGCCAAGCTCTGTCTGTCACTCCTTGGGGTCCTATTTATACCCTCCAAACATCACGTGTCCTCCACTTGCCTCAGCACGTGCATCCAGTCAGCCCGAGTCCTCGGAAGTGGCAATAAACTCGAGTATACCACCGGAAGTTTTTTGGCGCGTTTCTCTACGGAGTCTTGACAAATGGAGCTCTACTACACAAT",1500,NA,NA,3.44640337235878,-2.49051023243701,1.19214715538216,-2.08909631767618,0.0366990537718964,0.370181759786085,2.26979040567459,-4.33868590734905,1.40191198134089,-3.09483474361866,0.0019692258292176,0.0610907558382278,2.44524575589919,-4.57442452166792,1.39134321821029,-3.28777577077788,0.00100982233866381,0.0267376840117852,0,0,0,0,0,0,0,0,0,156.339569545052,0,428.082191780822,636.604774535809,448.948178553104,435.729847494553,0,0,0,0,0,0,0,0,0,3,0,5,6,7,5
"chr12:9061581-9062262","Flt1","rno-Flt1_0003","chr12",9061581,9062262,"+","GATATTGTTCAGGGTCGAAGTTAAAAGGACCAGAACTGAGTTTAAAAGGCACCCAGCACGTCATGCAAGCGGGCCAGACTCTCTTTCTCAAGTGCAGAGGGGAGGCAGCCCACTCCTGGTCTCTGCCTACTACAGTGAGCCAGGAGGACAAAAAGCTGAGCGTCACTAGATCAGCCTGTGGAAGGAATAACAGACAATTCTGCAGCACCTTGACCTTGAACATGGCGCAGGCCAACCACACGGGCCTCTACTCCTGCAGATACCTGCCTAAATCCACCTCGAAGGAAAAGAAAATGGAATCTGCAATCTACATATTTGTTAGTG",324,"ENSRNOG00000000940",54251,19.3098381036991,2.54154075674418,0.459570380172641,5.53025361597375,3.19768136141966e-08,4.45117245509616e-05,19.3695467826325,2.65238187104144,0.419624934733984,6.32083951999394,2.6014608199488e-10,3.55099401923011e-07,13.9954292101027,1.97914420384264,0.471254570126902,4.19973477033801,2.67227823528989e-05,0.00174238168292407,3501.32625994695,641.354540790149,2178.64923747277,839.912649084495,3422.05323193916,1389.15198585591,2058.42767793524,2007.17717900371,4073.55679702048,2119.32438507482,2361.65187974724,664.507018855387,625.358278180207,169.764875647229,428.082191780822,33,10,25,15,27,22,26,33,35,33,37,8,12,2,5
"chr16:2115374-2128403","Slmap","rno-Slmap_0006","chr16",2115374,2128403,"-","ATGACTTACAGGGTACCCAGGCAGAAACTGAGGCCAAACAAGACACTCAACATCTTCGGAAAGAATTGGTGGAAGCCCAGGAGCTAGCTAGAGCAAGTAAACAAAAATGCTTTGACCTTCAAGCCCTCCATATTACAACCTGTCCCAGCCGTTTTCATCGGCCTATTCCTGGCTTTCCTGTTTTGGTGTTTCGGTCCGTTGTGGTAGAGAAAG",213,"ENSRNOG00000011307",290533,5.10643929615261,-2.14642442873293,0.918018670013017,-2.33810542077809,0.0193817800880503,0.290101482608237,3.56264492876548,-2.90199175393628,1.11766397292453,-2.59647964346815,0.00941844864038274,0.16070227992653,4.57949067808702,-1.76013984965304,0.836142319317877,-2.10507207802728,0.0352850343417625,0.225164211950671,0,167.982529816899,0,252.573088337438,0,0,349.162011173184,0,0,166.126754713847,156.339569545052,254.647313470843,1027.39726027397,1061.00795755968,513.083632632119,0,3,0,4,0,0,3,0,0,2,3,3,12,10,8
"chr17:43258446-43290432","Carmil1","rno-Carmil1_0004","chr17",43258446,43290432,"+","CCTCTGCAGTCCTTGTCCCTGGCTGACTCAAAACTCAAGACTGAAGTCACCATCATCATCAATGCCTTGGGCAGCAACACCTCCCTGACCAAAGTGGACATCAGTGGGAATAGCATGGGGGACATGGGAGCGAAGATGCTGGCTAAGGCTCTACAGATCAACACCAAACTCAGGACAGTCATCTGGGACAAAAACAACATTACTGCACAAGGCTTCCAAGACATAGCCGTTGCTATGGAAAATGAGGTGAAGCTGACAGTGGCCTCGTTCTTGTCTGACCGAATCGTAGATGAGATCCTGGATTCTCTCTCCAACAGCCATCGGAAGCTGGCCAACCATTTCAGCAGGCTAAGCAAGAGCCTTCCCCAGCGAGAGGACCTAGAGGTGGAGCTGGTGGAGGAAAAGCCGGTGAAACGGGCCATACTTACGGTTGAGGATCTCACTGAGGTGGAGAAGCTGGAAGACCTAGACACTTGTATG",480,"ENSRNOG00000016576",306941,6.34233734045825,-1.70507508546657,0.775961527952707,-2.19737064795626,0.0279939857966924,0.341821300254349,4.28651815315596,-2.70053686666671,0.971801502949515,-2.77889760251482,0.00545437159593531,0.114005249346003,4.70783991019993,-2.83667793356808,0.936551307238318,-3.02885481195132,0.00245482626757004,0.0506379278915029,0,212.201591511936,0,174.291938997821,111.988353211266,0,126.286544168719,0,243.294203515601,232.774674115456,128.443902125747,1085.08329610008,830.633773569233,312.679139090104,424.412189118071,0,2,0,2,2,0,2,0,4,2,2,17,10,6,5
"chr17:5511386-5571375","Agtpbp1","rno-Agtpbp1_0017","chr17",5511386,5571375,"+","GTGTGGCAAAGGAGTGGGATTGCAGAAAGCATCATGGAATCGTTCTACCCAAGACAGAAGTAACAAGACGTTATGGCGGTGAGAAGAAAAGGCTATACCACTCCAGAAGAAGGAGATATTTTGAAGTTTAACTCAAAATTTGAATCTGGGAATCTGCGCAAAGTAATTCAAATTAGAAAAAGCGAGTATGACCTCATTCTGAACTCTGACATAAACAGTAACCATTACCATCAGTGGTTCTACTTTGAAGTCAGTGGGATGCGGCCGGGTGTGGCATACAGGTTCAACATCATCAACTGTGAGAAGTCCAACAGCCAGTTTAACTACG",328,"ENSRNOG00000018651",290986,8.17707815884207,-2.4270916340254,0.737371945348588,-3.2915432290796,0.000996393016924446,0.0554791631823532,7.48739949622343,-1.25036617116418,0.578350845624505,-2.16195096907661,0.0306219556889736,0.334391756123592,8.45409366006747,-1.10979596756286,0.534676575889361,-2.07563977478696,0.0379272798638758,0.237749097097228,312.679139090104,169.764875647229,342.465753424658,742.705570291777,320.677270395074,261.437908496732,279.970883028165,253.485424588086,252.573088337438,237.510885915604,0,1047.48603351955,1027.55121700597,765.941150188294,1412.0774150677,6,2,4,7,5,3,5,2,4,3,0,9,16,12,17
"chr17:5532157-5571375","Agtpbp1","rno-Agtpbp1_0044","chr17",5532157,5571375,"+","ATAAAAAAGCGAGTATGACCTCATTCTGAACTCTGACATAAACAGTAACCATTACCATCAGTGGTTCTACTTTGAAGTCAGTGGGATGCGGCCGGGTGTGGCATACAGGTTCAACATCATCAACTGTGAGAAGTCCAACAGCCAGTTTAACTACG",155,"ENSRNOG00000018651",290986,8.36408825341967,-2.78274211154826,0.787011589912001,-3.53583371225754,0.00040649047655484,0.029780775966544,7.42340480996178,-1.63777892820796,0.600063267529457,-2.72934374895321,0.00634605148261467,0.121934785969408,8.95896309856912,-1.10819740001215,0.515101770414931,-2.15141446537732,0.0314435004438267,0.2137194244726,318.302387267905,256.54181631606,697.167755991285,279.970883028165,506.970849176172,126.286544168719,237.510885915604,182.470652636701,0,385.33170637724,0,1079.82390564,833.81103757361,1018.58925388337,1369.86301369863,3,4,8,5,4,2,3,3,0,6,0,13,16,12,16
"chr18:63784568-63844188","intergenic","rno-intergenic_002009","chr18",63784568,63844188,"+","CATGCGTGGCTCTACGTTGGCAGCACCAGACCCCAGTCTCCTGTTGGACTGTTTTTAAGAACAGATCCCAGGCTTTGCCTGGTTCAGAGTCACAG",95,NA,NA,7.23574513475675,1.40686143816707,0.620529472714398,2.26719519382859,0.0233783043080097,0.312909611507207,8.889806733504,2.00599534832151,0.556263940781142,3.60619339356162,0.000310721601591458,0.0237132393694172,14.4824882352245,2.71069883178758,0.475260778238706,5.70360306573856,1.17301056595909e-08,4.16184148802284e-06,2216.76826854564,1703.05942460921,1862.19739292365,1220.21707019459,957.426437735367,415.316886784617,781.697847725259,1103.47169170699,941.780821917808,1379.31034482759,577.219086711134,348.583877995643,223.976706422532,887.198986058302,189.429816253078,28,28,16,19,15,5,15,13,11,13,9,4,4,7,3
"chr19:34249087-34346224","Arhgap10","rno-Arhgap10_0048","chr19",34249087,34346224,"+","ACACGGAATCGATTTGAGGGAACCAGGTCGGAAGTGGAGGAACTTATGAATAAAATTAGACAAAACCCCAAGGACCAGAAGCGAGCCAGCCAGTTCACAGCAGAAGGGTACCTGTACGTCCAGGAAAAAAATTTTTCGGACCTCGCCTGATACCACATTTGCTGAGCCCACATGCCTGTCAGCGTCACCCCCAAACGCTCCACCACGACAGTCCAAGAGACAAGGGCAGAGGACGAAGAGACCAGTGGCTGTGTACAACCTTTGTCTTGAACTGGAGGAGG",281,"ENSRNOG00000013152",688429,2.21782545744885,-4.35992736368369,1.76480411456513,-2.4704879865707,0.0134928850879125,NA,1.63245570505666,-3.8673875675042,1.77702727036149,-2.17632426469037,0.0295310224048187,NA,1.77244199087717,-4.11315187627583,1.75515684152701,-2.34346685091535,0.0191054599316414,0.161395647232056,0,0,0,0,0,0,0,0,0,0,0,385.33170637724,510.627433458863,249.19013207077,0,0,0,0,0,0,0,0,0,0,0,0,6,8,3,0
"chr19:34270069-34298610","Arhgap10","rno-Arhgap10_0025","chr19",34270069,34298610,"+","TTGTTCCACACTTTTAATAGAGCCATCGTCCCAAGACCAGAAGGAGGTGCACAGTTGGATAAGATGGGATTCACAATTCTCAGAAAGTGCATCAGTGCTGTTGAGACACGAGGTATAAATGACCAAGGACTGTACAGAGTTGTGGGGGTGAGTTCAAAGGTCCAGAGACTTCTGAGTATGTTGATGGATGTAAAAACGTGCAATGAGCTGGACCTGGAGAATTCCACAGATTGGGAGGTGAAGACAGTAACAAGTGCCTTGAAGCAGTATCTGAG",275,"ENSRNOG00000013152",688429,10.9069516064942,-1.73427160225123,0.641950129064739,-2.70156749524749,0.00690134712300277,0.176715916467699,7.43795720712888,-2.6547029367299,0.739191785277273,-3.59135881865099,0.000328958362285124,0.0237132393694172,7.52390891713002,-4.04052069160491,0.944774404884692,-4.27670422771249,1.89680545346603e-05,0.00140205536435364,0,0,0,156.339569545052,0,0,530.503978779841,128.27090815803,697.167755991285,0,633.713561470215,947.149081265391,1662.57620140923,486.588407031202,2560.52141527002,0,0,0,3,0,0,5,2,8,0,5,15,21,8,22
"chr19:34292209-34346224","Arhgap10","rno-Arhgap10_0001","chr19",34292209,34346224,"+","GTATAAATGACCAAGGACTGTACAGAGTTGTGGGGGTGAGTTCAAAGGTCCAGAGACTTCTGAGTATGTTGATGGATGTAAAAACGTGCAATGAGCTGGACCTGGAGAATTCCACAGATTGGGAGGTGAAGACAGTAACAAGTGCCTTGAAGCAGTATCTGAGGAGTCTTCCAGAGCCTCTCATGACCTATGAGTTACATAGAGACTTCATTGTTCCGGCCAAAAGTGGCAGCCCAGAATCCCGTGTCAGTGCCATCCACTTCTTGGTACACAAACTGCCAGAGAAGAATAAGGAGATGCTGGATATCTTGGTGAAGCACCTAACCAATGTGTCAAGTCACTCGAAGCAGAATCTAATGACAGTGGCGAATTTAGGAGTGGTATTTGGACCCACTCTGATGAGACCACAGGAAGAGACTGTTGCGGCCATTATGGACTTGAAGTTTCAAAATATCGTCGTAGAAATCTTAATCGAAAACCACGAAAAGATTTTTCGGACCTCGCCTGATACCACATTTGCTGAGCCCACATGCCTGTCAGCGTCACCCCCAAACGCTCCACCACGACAGTCCAAGAGACAAGGGCAGAGGACGAAGAGACCAGTGGCTGTGTACAACCTTTGTCTTGAACTGGAGGAGG",639,"ENSRNOG00000013152",688429,3.0306368278342,-2.92326853704988,1.39223271330951,-2.09969821072579,0.0357553970943794,0.369687548057735,2.4147761692674,-2.71875467342861,1.35815029658663,-2.00180692833593,0.0453055005233085,0.387176620034621,2.21818998462133,-4.43521855651726,1.46922558750914,-3.01874578977114,0.00253823414687748,0.0517566365121915,0,0,0,0,0,0,0,158.340590610403,0,232.774674115456,0,382.970575094147,581.443641498463,312.679139090104,169.764875647229,0,0,0,0,0,0,0,2,0,2,0,6,7,6,2
"chr2:117545216-117666646","intergenic","rno-intergenic_017224","chr2",117545216,117666646,"-","unknown",7,NA,NA,2.26848109616609,-4.38770092635755,1.73853888216373,-2.52378648034421,0.0116098420970166,NA,1.66130309349353,-3.89003878233974,1.75099932544325,-2.22161066872771,0.0263096282502931,NA,1.80001091032763,-4.13298542882603,1.73052100665525,-2.38828966128198,0.0169269946306301,0.151508454766902,0,0,0,0,0,0,0,0,0,0,0,435.729847494553,335.965059633798,0,378.859632506156,0,0,0,0,0,0,0,0,0,0,0,5,6,0,6
"chr2:247883196-247883725","Pdlim5","rno-Pdlim5_0027","chr2",247883196,247883725,"-","CCCACCAAGAAAACACATCGTGGAGCGCAACACGGAGTTTTATCACATACCCACTCACAGTGATGCCAGCAAGAAAAGGCTGATTGAGGACACTGAGGACTGGCGCCCACGGACTGGAACGACACAGTCTCGTTCCTTCCGAATCCTCGCCCAGATCACTGGGACTGAGCATTTGAAAGAATCTGAGAATGACAATGCGAAGAAGGCAAA",210,"ENSRNOG00000016419",64353,2.7662839028593,-4.66441415575717,1.55094785957033,-3.00746032626098,0.0026344050895791,0.101630785619813,2.02625004489375,-4.16957845619607,1.50495440276286,-2.77056796441232,0.00559586205581112,0.114005249346003,2.17600682446087,-4.40110053703905,1.49383658241256,-2.94617268639333,0.00321732726242763,0.0588406037479032,0,0,0,0,0,0,0,0,0,0,0,513.698630136986,212.201591511936,256.54181631606,697.167755991285,0,0,0,0,0,0,0,0,0,0,0,6,2,4,8
"chr2:57320683-57321619","Cplane1","rno-Cplane1_0008","chr2",57320683,57321619,"+","GCATGCCCCAAGTCATATGGATTTAGCATTGGTTGGTAAGCCCAGTGATAAAAAGAAAATAAGTAATCAGAAAGAGAACCCCCAAAGGAAAGAAGATCATGAAACTTCAGGGAAAGAAGCACTTCCTGTAATTGGTGTTTGGGAATTTGAGCGTGACGATGATGAATATATGAACTTCCTTGAGCTCTTCTTGAGCTATGTTCTTGAAAGAGACCTTTGTTCCCGTGATCCTGGCATTCCATTTTTGACAAGCTTTTCTGAGCATCTTAGAGAACACGAACTTAATTCTCTACTTTTTGATGTACATACAACATTAAAACGACGCCAGAGCAAAGCCAGCAGTGACAGTGTGTATAGAGCTGGTTCCTGCTTTGCTGTCACTCCTGAGTCACAGGAATCTGAAAACCTGTTTTCTCTAAACAATGCAGGAGCCAGAAATTTAGAAAGCCAGGCCCTTTCAGCTTTAGAAGTAGGTAGCCAGTCAGGGAGCACTGCAGAGAACCCTCTACCTGAAGTCATGAACCATGAAAGAAAGGTGGGATTGTTTGGTTTAAAACAAAAGCCAATTTATAGAGCTCCAGATGACAAACGGGAGAAACCCACAGTTCAGAGGTCATCAGGCCACCCCTTTTGGATTCCCAAGTTCTTTAAAACTGGAAGACACAGTTTCCGAGTGCTTCAGTGCAGTGCTGGCCACCCTCGGGAGGACCTTCCTCTGGTACTTCAGAACTTGTTTGGTGATGCAGGGAGACTGGTAGAGTGGATGATCCGGTGGTCAGATCGGAGACTCCTCTGTGATTCTGAGGTCACTCGGTCGTCCTGTAAATACAGTCCAGTAATTCGTGTGAAGACCTCTACAGCTGCCATTCTTACCTCATTGTGGCTTCTGGAGCAACCCTACTTGGCTGCATATTCGGCAACCAATGGCATTATTAAG",937,"ENSRNOG00000042118",310137,2.36907824579873,-4.44143590985659,1.75276633682629,-2.53395778806355,0.0112782316807006,NA,1.72961426504832,-3.94212508967888,1.75782199002909,-2.24261905473924,0.0249213904236318,NA,1.86339114554374,-4.17749247783794,1.74141497107765,-2.39890695050862,0.0164440927699726,0.148949260910318,0,0,0,0,0,0,0,0,0,0,0,574.45586264122,166.126754713847,0,509.294626941686,0,0,0,0,0,0,0,0,0,0,0,9,2,0,6
"chr2:80226167-80234308","Ankh","rno-Ankh_0001","chr2",80226167,80234308,"+","GTTGTGTTCGTAGCCATTTTACTTCACAGTCACCTGGAATGCCGAGAGCCGCTGCTCATCCCCATCCTGTCTCTGTACATGGGTGCACTTGTGCGCTGTACCACGCTGTGCCTGGGCTACTACAGGAACATCCACGACATCATCCCTGACAGGAGCGGCCCAGAGCTGGGGGGCGACGCAACCATAAGAAAGATGCTGAGCTTCTGGTGGCCTCTGGCTCTGATTCTGGCCACGCAGCGCATCAGCCGGCCCATTGTCAACCTCTTTGTGTCCCGGGATCTTGGTGGCAGTTCTGCTGCTACAGAGGCAGTGGCCATTCTGACAGCTACCTACCCCGTGGGTCACATGCCATATGGCTGGTTGACAGAAATCCGTGCTGTCTACCCTGCTTTTGACAAGAATAACCCCAGCAATAAACTGGCCAACACGAACAACACGGTCACCTCGGCCCACATCAAGAAGTTCACCTTCGTCTGCATGGCACTGTCACTGACG",495,"ENSRNOG00000010960",114506,4.14582036597814,5.79953633378001,1.31660508523478,4.40491716067299,1.05824309879047e-05,0.00236515916302689,3.36760086982096,5.54238821561665,1.29106581995433,4.29287812437997,1.76371829618612e-05,0.00474642233373938,11.4819197716682,7.19621259927669,1.08854841170878,6.61083376896412,3.82161431957221e-11,6.77954380292111e-08,2454.27915446125,729.882610546804,2676.90875232775,1155.99511913172,127.656858364716,498.38026414154,625.358278180207,254.647313470843,171.232876712329,1379.31034482759,833.760903027193,0,0,0,0,31,12,23,18,2,6,12,3,2,13,13,0,0,0,0
"chr20:27409750-27415954","Tet1","rno-Tet1_0002","chr20",27409750,27415954,"+","ATGGAGGCCCACAAAAAGACAAAGGCCCGTATTATACACACCTTGGGGCAGGACCAAGTGTGGCTGCTGTCAGGGAGCTCATGGAGACTAGGTATGGCCAGAAGGGAAAAGCAATCCGGATTGAGAAGATAGTGTTCACGGGGAAGGAAGGGAAGAGCTCTCAGGGCTGCCCGGTCGCCAAGTGG",185,"ENSRNOG00000000277",309902,21.1564757128494,-1.83434397302661,0.437283731310911,-4.19485986256,2.7304034392133e-05,0.00380072158738491,18.0740546509795,-1.31115279549306,0.380107728189117,-3.44942419808081,0.000561783430706156,0.0311220571880084,16.4868798195232,-2.48172425424427,0.457949369472745,-5.41921098636204,5.98626377654364e-08,1.76993865659807e-05,256.54181631606,261.437908496732,391.959236239431,506.970849176172,757.719265012313,554.19206713641,669.059059667903,581.936685288641,449.553657440113,957.426437735367,332.253509427693,1407.05612590547,2801.12044817927,3595.8904109589,3076.92307692308,4,3,7,4,12,7,11,5,7,15,4,27,33,42,29
"chr3:161474539-161487731","Ncoa5","rno-Ncoa5_0002","chr3",161474539,161487731,"-","ATATTAATAAGGCAGCGGAAAGAAGAAATATGAATACGGCTCCATCAAGACCCAGCCCCACACGAAGGGATCCCTATAGCTTTGGAGATAGTCGAGATACAAGGCGTGATCGCTCTCCAATTCGAGGAAGTCCAAGGAGAGAACCCAGGGATGGCAGAAATGGCCGGGATACCCGGGATAGAGACATTCGAGACCCTCGGGAGTTGCGGGACCGCAGAGACAGCAGGGACATTCGGGATCACAGAGACAGCAGAAGTGTACGTGAAGCCCGGGACCTGAGGGATTTTCGGGACTTTCGTGATCTAAGAGACTCTAGAGATTTTCGAGATCATCGAGACCCCGTGTATGACAGATACAGAGAAATAAGAGACTCCAGAGACCCTTTGTACAGGAGAGAAGGCTCTTATGACCGGTATCTGAGGGTGGATGACTATTGCCGGAGAAAGGATGACTCTTACTTTGACCGGTACAGAGACAGCTTTGATGGACGGGGCCCTCCTGGCCCAGAGAGCCAGTCTCGTGCAAAAGAGCGTTTGAAACGTGAGGAACGACGTAGAGAGGAGCTTTATCGTCGGTATTTTGAGGAGATCCAGCGGCGCTTTGATGCTGAGAGGCCTGTGGATTGCTCTGTTATCGTGGTCAACAAACAGACGAA",655,"ENSRNOG00000017824",296372,10.059568187827,-2.45908593803975,0.709370283900998,-3.46657591084398,0.000527132863818422,0.0333531339288747,7.84988253377605,-2.22371656273748,0.674143562784483,-3.29858013262433,0.000971751399955315,0.0401951715436062,7.55825880253293,-4.11439469388977,0.940098390353893,-4.37655753494157,1.20568376390655e-05,0.00106944149858511,0,189.429816253078,0,0,232.774674115456,0,510.627433458863,0,0,763.941940412529,0,1485.41114058355,1603.38635197537,1394.33551198257,727.924295873229,0,3,0,0,2,0,8,0,0,9,0,14,25,16,13
"chr4:50180977-50200342","intergenic","rno-intergenic_000237","chr4",50180977,50200342,"-","CTACCATGTTGAAGGCTCCGGGATTCTGATGTGCTCCATTGACAATTTGCCAGCGCAGCTTCCAATTGAGGCCACAGAATACTTTGGAGACATGCTTTACCCTTATGTCGAAGAGATG",118,NA,NA,11.567049145156,-1.55235163572921,0.604204994184793,-2.56924661442708,0.0101919896831936,0.218907438090938,8.01904310109234,-2.5181676857744,0.717384931773485,-3.51020431882937,0.000447762489115036,0.0291045617924774,8.82324624184124,-2.21155586199695,0.612106417203956,-3.6130251208591,0.000302645370095628,0.0114232529053116,742.705570291777,192.406362237045,174.291938997821,0,760.456273764259,0,0,121.647101757801,814.711359404097,642.219510628733,0,1329.01403771077,781.697847725259,2376.7082590612,856.164383561644,7,3,2,0,6,0,0,2,7,10,0,16,15,28,10
"chr5:122659399-122678330","Mier1","rno-Mier1_0010","chr5",122659399,122678330,"+","GGGGCTCAGCAGCGTCAGAGGACCATGAGTTTGATCCGTCAGCTGACATGCTGGTTCATGATTTTGATGATGAGCGAACATTAGAAGAAGAAGAAATGATGGAAGGAGAGACAAACTTCAGTTCTGAAATAGAGGATCTTGCGAGG",146,"ENSRNOG00000007175",313418,5.1535586761209,-2.0347821474099,0.93652415218266,-2.17269585911654,0.0298032156523469,0.342862711304348,4.05009654972681,-1.80312460240221,0.875022668055613,-2.06066044712754,0.0393354455704257,0.384652629842431,4.2138228642236,-1.90021793765966,0.849109937275043,-2.23789388657707,0.0252279758057712,0.192190905166113,395.851476526007,121.647101757801,0,0,0,0,156.339569545052,254.647313470843,0,0,320.677270395074,871.459694989107,559.94176605633,887.198986058302,315.716360421797,5,2,0,0,0,0,3,3,0,0,5,10,10,7,5
"chr5:64346707-64358597","Tmeff1","rno-Tmeff1_0002","chr5",64346707,64358597,"+","AATTAAATCTGAGAGAATCTGACATCCGAGCGTGTGATGAATCATCGTGTAAGTATGGAGGTGTCTGCAAAGAAGACGGAGATGGTTTGAAATGCGCATGCCAGTTTCAGTGCCATACAAATTACATTCCTGTCTGTGGATCAAACGGGGACACTTACCAGAATGAGTGTTTTCTCAGGAGGGCTGCTTGCAAGCACCAGAAAGACATAACAGTGGTGGCACGTGGACCTTGCTACTCTGATAACGGCTCTGGATCTGGAGAAGGAGAGGAGGAAGGCTCAGGAGCCGGGGCTCACAGGAAGCATTCCAAGTGTGGACCGTGCAAGTACAAGGCTGAGTGTGACGAGGATGCGGAAAACGTTGG",364,"ENSRNOG00000008034",63845,3.51395464478251,4.05807578917845,1.32965084458054,3.05198602002818,0.00227332688348136,0.0994537762430643,3.39263190225594,4.04515361057777,1.32715152226596,3.04799681325847,0.00230372370407527,0.0683604968709293,2.11264659272685,3.20002361409072,1.48893391616645,2.14920459487537,0.0316181852152467,0.214086490732243,633.713561470215,126.286544168719,316.681181220806,182.470652636701,0,449.553657440113,638.284291823578,332.253509427693,573.245088331857,763.941940412529,256.849315068493,0,128.27090815803,0,0,5,2,4,3,0,7,10,4,11,9,3,0,2,0,0
"chr5:92962208-92983896","Ptprd","rno-Ptprd_0005","chr5",92962208,92983896,"-","AAGATGTATGCAACCAGCCCGTACTCTGACCCTGTTGTGTCAATGGATCTGGATCCACAGCCAATCACAGATGAAGAAGAAGGCTTGATATGGGTCGTAGGTCCTGTCCTTGCGGTGGTGTTTATCATCTGTATTGTGATTGCTATTCTTCTTTATAAAAGGAAGAGGGCAGAGTCCGAGTCCAGAAAAAGCAGCTTACCAAATAGTAAGGAGGTCCCTTCACATCACCCAACAGACCCAGTAGAGCTGAGGCGCCTTAACTTTCAAACACCAGGTTCAGATGATTCCGGTTACCCTGGTAACCTTCATTTTTCAAGTATGGCTAGCCACCCTCCAATACCTATCTTGGAACTTGCAGATCATATTGAGAGGTTGAAAGCAAATGATAACCTGAAGTTTTCCCAGGAATATGAG",414,"ENSRNOG00000005711",313278,7.1331845230169,-1.58151585075987,0.68232269501546,-2.3178414880719,0.0204579373966495,0.299762619538274,4.97088261776669,-2.29038196052686,0.818032026980602,-2.79986832420336,0.00511234559196104,0.109036745828544,4.54477475177831,-5.47080556025864,1.16709043145532,-4.68755926088499,2.76482654073e-06,0.000296766740994266,0,0,0,0,111.988353211266,0,252.573088337438,0,182.470652636701,581.936685288641,128.443902125747,510.627433458863,1079.82390564,677.471468028558,763.941940412529,0,0,0,0,2,0,4,0,3,5,2,8,13,13,9
"chr6:1613963-1614878","Prkd3","rno-Prkd3_0002","chr6",1613963,1614878,"-","GTTGACAGCATTTCCAAAGGCACCATCTTTTCTCTCTGGGTCCATTCATCCAAAGAAATATGTTTGTGCTATTTGACAAGCTTTTTGTTTTCACCTCATCACAGGGAAGTTCAGCCACAAGATGGAAATGAGTACAGATGAGAGGGTGAATTAAGGTGTGATCATTTGTGGTGTCCCGTCAATCCCTAAAGGAATAGATTACCTGGAACTACTTTTAATCAGGAAGATTTCATATCTTGGCACAGATTGACTATTCAATTTGTATTTTCTGAAATGCAAAGCAAAAGATAAGAACAGATTTAAAAGAAATGAAGATGTCGCATAAATAATCAGTATCAACTCTGTTCCTTTGATGATAATGGTGATGTGAAGTGGGTTACAGATCTGGGTGTGGTCCTAAAGACAAGATTCTTGATGGGACTGACATTGACAGCAGTAGGACCTTTTGTGCATTCAACTCGGAGCAACAGAATTTGTCATCAACAGCATGAGTGGCTCAGCCAGGGAAAGAAAGCAGCTTTCATCTAAATCCAAACCATAGCCATTTTTTTTTACTGCTATTTTGAAAACTTTTCCAGAACCATTTAAAAAGCATTGACAACTATTTTTATAGATTAAAGAAAGGCAGATGTCTGCAAATAATTCCCCTCCATCAGCCCAGAAATCTGTGTTCCCTGCAACTGTTTCTGCTGTGCTTCCAACCCCTTCTCCGTGTTCAAGTCCCAAGACAGGACTCTCAGCTCGGCTCTCTAATGGCAGCTTCAGTGCCGCGTCACTCACAAACTCTAGAGGCTCGGTGCACACCGTTTCATTTCTACTTCAGATTGGCCTCACACGAGAGAGTGTTACCATCGAAGCCCAGGAACTGTCTCTCTCCGCTGTCAAAGACCTCGTGTGCTCCATTGTTTATCAGAAG",916,"ENSRNOG00000005289",313834,16.8180451250295,1.10871357989045,0.422220556502829,2.62591094349767,0.00864174240290241,0.199601830824826,18.7962750971377,1.56923113551869,0.371481534143954,4.22425071312049,2.39737050660765e-05,0.00474642233373938,15.4790687665242,1.03482178547761,0.38024795734509,2.72143943310778,0.00649982946924169,0.0911915407931659,1250.71655636041,1867.41363211951,1369.86301369863,1485.41114058355,1026.16726526424,2352.94117647059,1735.81947477462,2281.36882129278,1831.15489044642,1662.57620140923,1216.47101757801,1396.64804469274,1027.55121700597,638.284291823578,830.633773569233,24,22,16,14,16,27,31,18,29,21,20,12,16,10,10
"chr6:21539861-21540152","Ltbp1","rno-Ltbp1_0003","chr6",21539861,21540152,"-","CAAGCTGTGTTCCACCATGCCAGAATGGAGGGATGTGTCTCCGGCCTCAGTTCTGTGTGTGTAAGCCAGGGACAAAGGGCAAAGCCTGCGAGATCACAGCTGCCCAGGACACCATGTCACCAGTGTTTGGAGGGCAGAACCCTGGCTCCTCGTGGGTCCCTCCTGAGCCAGCAGCAAAGCGTACTTCAACCAAGAAGGCAGACACCTTACCAAGGGTCAGTCCAGTGGCCCAGATGACCTTGACCCTCAAGCCGAAGCCGTCCATGGGACTCTCCCAGCAGATACATTCTCA",292,"ENSRNOG00000033090",59107,4.45127486792938,2.14677218513388,0.950453085494268,2.25868295647385,0.0239031133965673,0.316886989028778,3.84806719946539,1.99039622295888,0.970466217514702,2.05096909818886,0.0402699561876712,0.384652629842431,9.6961109247802,3.39939935076629,0.653422024902156,5.20245602568312,1.96671905314327e-07,4.98422800039451e-05,1155.64746669911,2327.74674115456,1027.55121700597,638.284291823578,0,260.565949241753,763.941940412529,513.698630136986,1061.00795755968,833.760903027193,174.291938997821,0,506.970849176172,252.573088337438,0,19,20,16,10,0,5,9,6,10,13,2,0,4,4,0
"chr6:4298605-4315062","Slc8a1","rno-Slc8a1_0005","chr6",4298605,4315062,"-","GAAGATCATTACCATTAGAATATTTGACCGTGAGGAATATGAGAAAGAGTGCAGTTTCTCCCTTGTGCTTGAGGAACCAAAATGGATAAGAAGAGGAATGAAAGGCCAACCTGTCTTCAGGAAGGTCCATGCTAGAGATCATCCGATTCCCTCTACCGTAATCAGCATTTCAGAGGAGTACGATGACAAGCAGCCACTGACCAGCAAAGAGGAGGAGGAGAGGCGCATTGCAGAAATGGGGCGCCCCATTCTAGGCGAACACACCAAGCTGGAAGTGATCATTGAAGAGTCTTACGAATTCAAGAGCACTGTGGACAAACTCATTAAGAAGACGAACCTGGCCCTCGTGGTGGGGACCAACAGCTGGAGAGAGCAGTTCATTGAAGCGATCACCGTCAGCGCTG",404,"ENSRNOG00000008479",29715,7.23342961090808,-1.76020785085506,0.720503294790177,-2.4430254012477,0.0145647121188761,0.265169010501891,4.70438168524134,-3.82300631073629,1.14459187668019,-3.34006067020556,0.000837600893559713,0.0394250075761727,4.69520031967994,-5.51414654552711,1.17901351456583,-4.67691546992799,2.91222231492221e-06,0.000296766740994266,0,0,0,0,0,0,0,171.232876712329,212.201591511936,256.54181631606,261.437908496732,951.901002295761,1647.65525982256,315.716360421797,712.532657746813,0,0,0,0,0,0,0,2,2,4,3,17,13,5,9
"chr8:102143262-102147002","Dipk2a","rno-Dipk2a_0001","chr8",102143262,102147002,"-","AGTTTTCCATCTGATGAAGGTTGGCCATTTGCAAAGTATCTCGGAGCTTGTGGAAGAATGGTGGCTGTAAATTACGTTGGAGAAGAACTGTGGAGTTATTTTAATGCACCATGGGAGAAAAGAGTTGACCTTGCTTGGCAGTTAATGGAAATAGCAGAGCAGCTTACAAACAATGACTTTGAATTTGCACTCTACCTCCTGGACGTCAGCTTTGACAATTTTGCAGTTGGTCCAAGAGATGGGAAGGTAATCATTGTGGATGCTGAAAATGTTTTAGTTGCCGACAAAAGATTAATTAGACAAAATAAGCCTGAGAATTGGGATGTATGGTATGAGAGCAAGTTTGATGACTGTGACAAGGAGGCTTGCTTATCATTTTCGAAAGAAATCCTTTGTGCTCGTGTCACTGTGGACCACAATTACTATGCTGTTTGTCAAAACCTCTTATCTAGACATGCCACCTGGCGTGGCACTTCTGGAGGACTCCTTCATGATCCACCAAGTGAAATTGCCAAAGATGGCCGACTGGAGGCCTTGCTGGATGAGTGCACCAACCCCAAGAAGCGCTATGGCCGATTCCAGGCTGCAAAAGAACTGCGAGGCTATCTAGCACA",614,"ENSRNOG00000008519",315891,3.92818192258732,-3.20359517619092,1.26548011100473,-2.53152550429847,0.0113567557956916,0.2291102038783,2.66740230790214,-4.57121097667443,1.32841490851467,-3.44110183300006,0.000579350448434021,0.0311220571880084,3.08980080985707,-3.41987621496738,1.26610160574374,-2.70110724088251,0.00691090510119854,0.0929979680771769,158.340590610403,0,0,0,0,0,0,0,171.232876712329,0,0,610.021786492375,391.959236239431,1140.68441064639,252.573088337438,2,0,0,0,0,0,0,0,2,0,0,7,7,9,4
"chr8:104199588-104202285","Atp1b3","rno-Atp1b3_0002","chr8",104199588,104202285,"-","GTCTCATCTTGCTCTTCTACCTAGTTTTTTATGGGTTCTTGGCTGCACTCTTCACATTCACCATGTGGGTCATGCTCCAGACTCTGAATGACGAGGTTCCGAAGTACCGAGACCAGATTCCTAGTCCAGGAATAAGCAGAATTGAATGTTGGAATTGTCTCATGAATGCTGTGTGGCACTTTGACCCTGCCGTCAGTAAGAAGCATATTTCGGCTCTGGTTTGAGTTACACCGACTTATGGTTTTCCCCAAACCACCGACTGCCTTGGATTATACATACAGCATGTCTGACCCACATACTTATAAAAAGTTTGTTGAAGACCTGAAGAATTTCCTAAAGC",340,"ENSRNOG00000011501",25390,8.80203032890344,2.25042257719937,0.642802544471204,3.50095468127099,0.000463594671396958,0.0307297039325983,7.42559573719513,2.0838199181897,0.629238888283371,3.31165151580917,0.000927470004595278,0.0397520433406476,11.6719778506905,2.76767350922393,0.545412126218671,5.0744627341019,3.88592375285227e-07,7.88306047748202e-05,2546.47313470843,1797.94520547945,1379.31034482759,769.625448948179,1132.89760348584,559.94176605633,1013.94169835234,505.146176674875,1504.23561079883,851.529712304604,1513.03538175047,192.66585318862,0,415.316886784617,312.679139090104,30,21,13,12,13,10,8,8,19,14,13,3,0,5,6
"chr8:119447348-119465058","Lrrfip2","rno-Lrrfip2_0008","chr8",119447348,119465058,"+","TTGGATGAAAAATCTGACAAACAGTATGCTGAAAATTACACAAGACCCTCATCTCGAAATTCTGCGTCAGCAACAACACCTCTAAGCGGAAACTCATCCAGACGGGGTAGTGGGGACACCAGTAGTTTAATAGACCCAGACACCTCGTTAAGTGAACTGCGGGACATCTATGACCTGAAGGACCAGATACATGATGTAGAAGGGAGATACATGCAGGGGCTTAAGGAACTGAAGGAGTCTTTGTCTGAAGTAGAAGAGAAGTACAAGAAAGCCATGGTGTCCAATGCACAACTAGACAACGAGAAGAACAATCTGATCTACCAGGTGGACACCCTCAAGGACGTCATCGAGGAGCAGGAGGAGCAGATGGCAGAGTTCTATAGAGAAAACGAAGAGAAATCAAAGGAGTTGGAACGGCAGAAACATATGTGCAGTGTGCTGCAGCATAAGATGGATGAACTGAAAGAGGGCCTTCGGCAGAGGGACGAGCTCATCGAG",498,"ENSRNOG00000021047",301035,22.3253979426065,-1.06253607073316,0.40024322489523,-2.65472593823742,0.00793728655440155,0.187266150571643,16.3450397148373,-1.45646823473882,0.424022175737373,-3.43488694242473,0.000592801089295398,0.0311220571880084,18.3430728768695,-1.24783996795182,0.402552452826048,-3.09981956187717,0.00193638567360662,0.0429393523122268,2334.2175066313,320.677270395074,610.021786492375,391.959236239431,1013.94169835234,189.429816253078,1108.38413427282,304.117754394502,1280.26070763501,1284.43902125747,638.284291823578,3156.40833956309,1146.49017666371,2716.23801035566,2482.87671232877,22,5,7,7,8,3,14,5,11,20,10,38,22,32,29
"chr8:64724416-64763815","Myo9a","rno-Myo9a_0005","chr8",64724416,64763815,"+","ACGTCACAACGATTTTCTTCAGTTGATGAACAAGCAAGGCTTCATAAGGCTATGTCTCAAGGAGAGATTACAAAATTGGCAGGACGACAGAAGTCTTCAGATTTGGACATAAGACCCCAGAGAGCGAAGATGAGATTCTGGGCCAAAGGGAAACAAGGAGAGAAGAAGACTACTAGAGTAAAACCTGCTCCCCAGTCGGAGGTCTCATCACTCTTTGCTGGCTCAGATGTGACACCTGTTCATCCATTTTCTGATGATGTGTGGAACTGATAGTTGTAGAACAAATGAATAAATACAAGGCTCGTCTCAAAGACATCAGTAGCCTGGAATTTGCTGAAAATAAAGCAAAGACCAGACTATCACTGATTCGTAGATCAATG",380,"ENSRNOG00000011619",171296,17.1385116438438,-1.16621170868127,0.444814995348826,-2.62179045417909,0.00874691931057066,0.199601830824826,13.4737065764646,-1.12525284250216,0.475275367303995,-2.36758081716957,0.0179048091074113,0.230566645581288,13.0150806198835,-1.76664588347719,0.459119541285973,-3.84789956560963,0.000119134871935531,0.00571203413009818,521.131898483506,254.647313470843,513.698630136986,318.302387267905,897.896357106208,348.583877995643,671.930119267596,0,378.859632506156,870.873248357216,729.882610546804,2676.90875232775,1541.32682550896,1276.56858364716,2325.77456599385,10,3,6,3,14,4,12,0,6,11,12,23,24,20,28
"chr8:78229134-78233432","intergenic","rno-intergenic_000552","chr8",78229134,78233432,"-","CTGGGAAGGCACAGATAACGAGGATGCCACCAAAAGGAAGGTGAACCTGGTCTTTGAGAAAATCCAGACTTTGAAGTCCAGAGCAACAGGGAGTGCCCAAGGAAACAATCAA",112,NA,NA,2.93430956476679,-2.86655977864001,1.38584268631342,-2.06845972270167,0.038596814271805,0.383762610473947,2.22306285970567,-2.75137892586948,1.38350559680424,-1.98870097253303,0.0467342185924528,0.388976880357915,2.13289926940463,-4.37649982378425,1.47070135145314,-2.9757909853418,0.00292233961807393,0.0566405952305734,0,0,0,0,0,0,232.774674115456,0,0,166.126754713847,0,424.412189118071,428.082191780822,530.503978779841,320.677270395074,0,0,0,0,0,0,2,0,0,2,0,5,5,5,5
"chr9:43968846-43977575","Inpp4a","rno-Inpp4a_0010","chr9",43968846,43977575,"+","GTCCTTCGTTTAAAGCAAGCAGCTTGAAAGCAGATAAAAAGTTAGAATTCGTTCCCACAAACCTGCACATACAGAGGATGCGAGTTCAGGACGACGGCGGCTCAG",105,"ENSRNOG00000017660",80849,8.89071352491932,2.16633042456193,0.641183071059434,3.37864569783865,0.000728438214922305,0.0440863476161674,5.95626650702227,1.57296877666859,0.715666052201237,2.19790888757469,0.0279555994336441,0.315366886172927,7.76846907062925,1.94366313036924,0.583372292268019,3.33177141960706,0.000862951041370783,0.0242996055141551,705.489994869164,1481.48148148148,335.965059633798,1267.42712294043,631.432720843594,158.340590610403,121.647101757801,1629.42271880819,1220.21707019459,446.799004276505,1495.14079242462,104.226379696701,339.529751294457,342.465753424658,530.503978779841,11,17,6,10,10,2,2,14,19,7,18,2,4,4,5
"chrX:68338536-68352920","Ophn1","rno-Ophn1_0012","chrX",68338536,68352920,"-","GGGCTCTGGGGATATCCTGGGTAAAATACTACTGTCGGTATGAGAAAGAGACCAGGACACTCACCATGACACCGACGGAACAGAAGCCCGGTGCTAAGCAGGGACCTGTGGACTTAACTTTGAAGTACTGTGTGAGAAGGAAGACAGAGTCAATTGACAAGAGATTCTGTTTTGATATTGAAGCTAATGAAAGAACAGGAACCATCACTCTGCAAGCACCTTCAGAAGCCAATAGAAGGCTATGGATGGAAGCTATGGATGGGAAAGAACCTATCTACCACAGTCCTATAACAAAACAGGAAGAAATGGAGCTGAATGAAGTGGGGTTCAAGTTTGTTAGGAAGTGCATCAATTTTATTGAGACCAAAGGGATCAAGACAGAAGGGTTGTACCGCACTGTGGGCAGCAACATCCAGGTTCAGAAGCTGCTCAATGCCTTTTTTG",444,"ENSRNOG00000026573",312108,2.61491209320912,-4.59771118020176,1.65930638172334,-2.77086331424016,0.00559078903426676,0.158783067692004,1.93086088401559,-4.10912715135728,1.64255792336838,-2.50166346823905,0.012361136225702,0.181429580086917,2.0864314025135,-4.34874581408131,1.62559984465316,-2.67516377316656,0.00746927526581852,0.0967189366537376,0,0,0,0,0,0,0,0,0,0,0,208.452759393402,679.059502588914,684.931506849315,0,0,0,0,0,0,0,0,0,0,0,0,4,8,8,0
"chrX:75174388-75174831","Abcb7","rno-Abcb7_0006","chrX",75174388,75174831,"-","GACAAAGCGATGGCATCTCCCCTTCAAATAACACCACAGACAGCCACGGTGGCCTTTGATAATGTGCATTTTGAGTACATTGAAGGACAGAAAGTCCTTAGCGGAGTATCTTTTGAAGTCCCTGCAGGAAAGAAAGTGGCCATTGTAGGAGGTAGTGGGTCAGGAAAAAGCACGATAGTGAGGCTGCTGTTTCGCTTCTATGAGCCTCAAAAGGGTAGCATTTACCTTGCTGGTCAAAATATTCAAGATGTGAGCCTGGAAAGTCTTCGGCGTGCAGTGGGAGTAGTACCTCAG",294,"ENSRNOG00000002790",302395,5.28775515354965,1.93851765172178,0.832192286834344,2.32941074123132,0.0198373165829086,0.293761113653285,5.80665861258425,2.20919941930228,0.741817427366134,2.978090481301,0.00290050345298209,0.0791837442664112,5.18949933411899,1.91437678229407,0.725896165530789,2.63725980821822,0.00835787914300129,0.105289690036847,395.851476526007,669.059059667903,931.098696461825,321.109755314366,255.313716729431,996.76052828308,260.565949241753,679.059502588914,1113.01369863014,1379.31034482759,128.27090815803,261.437908496732,0,380.228136882129,252.573088337438,5,11,8,5,4,12,5,8,13,13,2,3,0,3,4
