"","chr","start","end","value"
"1","chr2",23823258,23823569,4.23333333333333
"2","chr5",145817894,145826200,12
"3","chr12",55700899,55701154,2.1
"4","chr8",67105905,67116122,3.03333333333333
"5","chr1",151024611,151025673,3.43333333333333
"6","chr7",100991817,100991957,1.6
"7","chr11",68759569,68761687,2.7
"8","chr7",75188075,75189256,2.53333333333333
"9","chr6",52995621,52995790,2.73333333333333
"10","chr11",62528540,62528740,5.16666666666667
"11","chr8",51860845,51861246,50
"12","chr4",147857553,147881932,3.96666666666667
"13","chr1",151315573,151316509,2.4
"14","chrM",9057,9169,6.23333333333333
"15","chrX",118584735,118590302,2.5
"16","chr19",52282111,52283413,1.96666666666667
"17","chr22",41125864,41140257,3.1
"18","chr5",123545417,123557564,61.3666666666667
"19","chr2",88857297,88857611,2.8
"20","chr17",42498924,42501304,4.43333333333333
"21","chrM",5599,5800,5.63333333333333
"22","chrM",13054,13123,2.03333333333333
"23","chr7",156826605,156836885,5.06666666666667
"24","chr11",65499046,65499270,3.83333333333333
"25","chr22",36338293,36338566,3.63333333333333
"26","chr16",72088987,72090786,3.36666666666667
"27","chr22",38245935,38248019,1.53333333333333
"28","chr16",83906987,83912367,2.46666666666667
"29","chr3",179592644,179601790,2.53333333333333
"30","chr2",226906793,226914351,5.4
"31","chr9",16435555,16437524,5.33333333333333
"32","chr5",14316513,14336727,1.93333333333333
"33","chrM",7185,7371,1.76666666666667
"34","chr20",63775678,63790790,6.13333333333333
"35","GL000220.1",112554,113005,15.6666666666667
"36","chr14",49586789,49862620,2.2
"37","chr11",65499659,65499766,3.9
"38","chr15",49235851,49292537,4.6
"39","chr8",121628714,121629340,3.03333333333333
"40","chr5",170878097,170896115,2.56666666666667
"41","chr1",173992755,173993135,3.06666666666667
"42","chr16",30728966,30729572,10.7666666666667
"43","chr3",15411245,15415942,2.56666666666667
"44","chr11",65500472,65500558,2.63333333333333
"45","chr14",105587600,105708081,2.23333333333333
"46","chr14",89161701,89162969,2.73333333333333
"47","chr4",1900626,1904378,3.46666666666667
"48","chr5",137952628,137954376,2.96666666666667
"49","chr15",94440176,94458246,2.8
"50","chr11",6941571,6955782,1.96666666666667
"51","chr17",82563354,82568201,1.96666666666667
"52","chr2",214767482,214781509,2.66666666666667
"53","chr1",52493611,52509712,2.26666666666667
"54","chr7",8003908,8060248,2.23333333333333
"55","chrX",119410190,119426354,1.56666666666667
"56","chr7",22291175,22318037,13.8
"57","chr2",144208603,144211579,2.8
"58","chr9",111570091,111586165,2.86666666666667
"59","chr14",20343076,20343250,8.1
"60","chrX",47846105,47895940,4.26666666666667
"61","chr11",65499726,65499826,4.8
"62","chr10",27142387,27145590,1.86666666666667
"63","chr14",49586732,49586863,2.03333333333333
"64","chr6",57193842,57210445,2.83333333333333
"65","chr16",48347507,48348290,2.6
"66","chr4",145845956,145849561,1.83333333333333
"67","chr3",33684359,33696933,4.46666666666667
"68","chr6",35312302,35312772,2.06666666666667
"69","chr15",77178790,77182040,2.56666666666667
"70","chr11",36393846,36419303,1.53333333333333
"71","chr3",105670233,105681818,1.53333333333333
"72","chr3",169976946,169988359,9.83333333333333
"73","chr4",25847294,25847864,3.66666666666667
"74","chr1",40267786,40272035,1.9
"75","chr2",8888018,8958642,2.06666666666667
"76","chr13",41811225,41819386,2.03333333333333
"77","chr8",38819522,38820635,4
"78","chr3",149846011,149872154,4.06666666666667
"79","chr14",79697630,79805190,1.96666666666667
"80","chr3",57242856,57248351,2.7
"81","chr4",51863437,51891851,10.1
"82","chr17",4133857,4134221,2.66666666666667
"83","chr6",130955105,130956499,10.3333333333333
"84","chr2",39112534,39112833,2.5
"85","chr12",49097566,49098105,2.33333333333333
"86","chr9",76067955,76096102,2.53333333333333
"87","chr20",34470048,34492597,2.06666666666667
"88","chr3",196487399,196488683,1.73333333333333
"89","chr8",140347757,140360193,1.8
"90","chr1",59321536,59346398,4.13333333333333
"91","chr14",49586757,49862633,2.73333333333333
"92","KI270846.1",736785,1048927,2.96666666666667
"93","chr1",213077696,213117410,2.36666666666667
"94","chr13",45516143,45525051,1.8
"95","chr11",32927157,32935435,11.2
"96","chr1",20749723,20773610,3.13333333333333
"97","chrM",15954,16109,2
"98","chr5",94868333,94924021,1.63333333333333
"99","chr1",116397956,116398756,2.63333333333333
"100","chr16",68266593,68266721,3.4
"101","chr9",14639896,14680162,4.76666666666667
"102","chr7",74728786,74965098,5
"103","chr7",66991137,66994341,1.8
"104","chr13",32732101,32735330,2.36666666666667
"105","chrM",7113,7232,3.56666666666667
"106","chr18",21765772,21779685,15.3666666666667
"107","chr14",96833467,96860735,5.76666666666667
"108","chrM",10691,10744,4.7
"109","chr16",17258988,17259498,2.3
"110","chr10",96944113,96952196,2.76666666666667
"111","chr1",112653598,112659779,4.9
"112","chr2",68490190,68545312,6.56666666666667
"113","chr14",88574693,88578140,2.16666666666667
"114","chr3",3777725,3789074,4.96666666666667
"115","chr14",49586765,49862640,5.73333333333333
"116","chr7",155672867,155680908,21.4333333333333
"117","chr10",110964125,110985765,13.0666666666667
"118","chr11",65500870,65501205,2.03333333333333
"119","chr5",148548668,148550262,8.36666666666667
"120","chr8",18867674,18872733,3.4
"121","chr9",111386377,111391824,12.4333333333333
"122","chr14",99257471,99257839,2.66666666666667
"123","chr11",65500559,65500650,3.63333333333333
"124","chr4",3086939,3107423,6.63333333333333
"125","chr17",3705081,3705645,2.13333333333333
"126","chr15",76292431,76295737,3.13333333333333
"127","chr9",96522506,96565483,3.63333333333333
"128","chr9",77337255,77371149,2.26666666666667
"129","chrX",78014662,78020398,1.8
"130","chr8",102360071,102361626,6.66666666666667
"131","chr9",37424845,37426654,11.2
"132","chr15",84680713,84691644,4.46666666666667
"133","chr15",63532647,63537156,2.23333333333333
"134","chrX",119640692,119653040,2.33333333333333
"135","chr2",109585126,109593119,2.7
"136","chr4",73078642,73092300,2.03333333333333
"137","chr10",84371014,84373815,2.7
"138","chr5",171183171,171205612,6.63333333333333
"139","chr17",41528055,41528305,1.93333333333333
"140","chr18",32111754,32113860,7.5
"141","chr13",28174272,28177935,3.4
"142","chr11",47752916,47754664,1.86666666666667
"143","chr14",102081061,102081179,2.7
"144","chr5",118928537,118944649,1.8
"145","chr2",224535528,224557856,4.46666666666667
"146","chr4",186706563,186709845,10.1333333333333
"147","chr3",149895473,149921227,2.76666666666667
"148","chrM",8973,9191,7.3
"149","chr21",37420299,37421866,2.33333333333333
"150","chr12",68650400,68654252,2.3
"151","chr22",42935233,42935941,1.96666666666667
"152","chrM",9029,9184,2.96666666666667
"153","chr15",51451645,51453641,1.6
"154","chr10",110881233,110890670,3.4
"155","chr12",70278132,70319364,2.1
"156","chr1",172551512,172557794,2.5
"157","chr3",141553857,141559995,2.23333333333333
"158","chr6",75702645,75711416,4.06666666666667
"159","chr5",160093101,160094065,2.13333333333333
"160","chr15",49235851,49239367,3.36666666666667
"161","chrM",5403,5512,4.03333333333333
"162","chr16",3850297,3851009,8.13333333333333
"163","chr9",9442109,9442287,1.96666666666667
"164","chr11",65500460,65500539,2.43333333333333
"165","chr1",634139,634198,2.2
"166","chr9",83678441,83686155,8.5
"167","chr4",120754553,120811449,4.53333333333333
"168","chr9",33953285,33963791,8.3
"169","chr2",238182065,238185287,7.1
"170","chr7",6800948,6801523,9.96666666666667
"171","chr20",35713019,35725155,2.43333333333333
"172","chr15",44711514,44715565,2.26666666666667
"173","chr2",229858772,229880128,2.63333333333333
"174","chr11",108176246,108177090,2.56666666666667
"175","chrM",11525,11635,2
"176","chr2",196912882,196923125,2.63333333333333
"177","chr12",46229153,46254936,4.16666666666667
"178","chr15",85113873,85117839,2.13333333333333
"179","chr9",4823548,4833228,2
"180","chrM",7209,7394,1.9
"181","chr14",49586773,49862771,4.53333333333333
"182","chr9",710804,713464,2.03333333333333
"183","chr18",62072673,62095950,1.66666666666667
"184","chr7",158759486,158764853,31.7333333333333
"185","chr2",36396614,36442735,5.36666666666667
"186","chr3",183643480,183672484,2.66666666666667
"187","chr2",72718103,72733118,12.5666666666667
"188","chr3",47097955,47106120,6.4
"189","chr17",1079330,1100735,1.83333333333333
"190","chr2",231400175,231400404,3.06666666666667
"191","chr1",155676548,155679512,20.0666666666667
"192","chr19",35116757,35116809,4.63333333333333
"193","chr8",130358017,130361771,1.96666666666667
"194","chr1",66891154,66905375,15
"195","chr10",93381219,93389154,2.86666666666667
"196","chr22",45689712,45702847,1.93333333333333
"197","chr2",15488894,15534641,1.53333333333333
"198","chr11",65502110,65502334,2.26666666666667
"199","chr18",79096476,79154555,1.5
"200","chr4",38089932,38103157,6.26666666666667
"201","chr11",65500471,65500597,1.8
"202","chr2",37316237,37317179,10.2333333333333
"203","chr5",139363759,139364743,5
"204","chrM",9051,9179,3.83333333333333
"205","chr17",12054889,12113360,2
"206","chrX",53645311,53654131,2.1
"207","chr11",65499697,65499840,3.63333333333333
"208","chrX",12975136,12976323,3.36666666666667
"209","chr6",138333970,138335188,1.66666666666667
"210","chr3",56592970,56594028,9.16666666666667
"211","chr3",61622463,61623555,2.36666666666667
"212","chr2",214767482,214797117,2.06666666666667
"213","chr19",38119306,38119882,1.86666666666667
"214","chr11",65499781,65499835,6.53333333333333
"215","chr6",18236452,18258405,3.5
"216","chrM",10290,10397,1.8
"217","chr20",44972078,44987296,2.3
"218","KI270905.1",4737029,4747949,3.86666666666667
"219","chrM",7208,7392,16.5666666666667
"220","chr10",100923975,100926019,2.1
"221","chr17",46170855,46172232,8.26666666666667
"222","chr18",42027443,42049605,3.43333333333333
"223","chr4",143543509,143543972,14.5333333333333
"224","chrM",10300,10383,2.26666666666667
"225","chr14",20343088,20343237,2.13333333333333
"226","chr17",62033787,62035608,6.3
"227","chrX",85303406,85308216,3.3
"228","chr11",108227595,108229323,2.93333333333333
"229","chr7",100991668,100991820,3.66666666666667
"230","chr16",11721577,11736233,2.4
"231","chr4",177353308,177353728,1.9
"232","chr6",24416397,24418578,2.16666666666667
"233","chr14",75046376,75049718,5.5
"234","chr6",145864388,145894977,2.93333333333333
"235","chr13",21167988,21168399,2.9
"236","chr18",2890561,2892486,3.63333333333333
"237","chr3",155829688,155834041,2.66666666666667
"238","chr9",34681486,34681981,2.03333333333333
"239","chr19",57863501,57863762,2.4
"240","chrM",1678,9521,3
"241","chrM",7029,7175,8.36666666666667
"242","chr1",632618,632686,5.9
"243","chrX",150592605,150619139,2.76666666666667
"244","chr1",41070595,41075451,13.0333333333333
"245","chr12",104909655,104928694,3.23333333333333
"246","chr7",130039464,130049144,1.7
"247","chr6",47283938,47286595,28.1333333333333
"248","chr12",28225795,28259442,11.2666666666667
"249","chrM",13418,13498,2.66666666666667
"250","chr3",56669700,56673725,1.73333333333333
"251","chr6",44113886,44116628,2.23333333333333
"252","chr1",35470863,35479212,1.86666666666667
"253","chr11",65499627,65499778,1.66666666666667
"254","chr2",172558708,172596023,2.1
"255","chr1",12001401,12002103,1.53333333333333
"256","chr2",88857568,88857636,4.73333333333333
"257","chr3",3156219,3174261,2.33333333333333
"258","chrM",9294,9341,5.93333333333333
"259","chr11",65499781,65499846,1.83333333333333
"260","chr2",32473112,32477583,1.66666666666667
"261","chr4",150467673,150491035,10.0333333333333
"262","chr3",31876433,31879830,1.56666666666667
"263","chrM",4671,4757,5.33333333333333
"264","chr14",49586801,49862778,3.23333333333333
"265","chr3",47037666,47067118,4.06666666666667
"266","chr16",21962460,21976243,2.6
"267","chr19",29985223,29986417,2.3
"268","chr5",140440119,140449305,2.2
"269","chr8",101558419,101558812,3.7
"270","chr11",65499651,65499869,4.83333333333333
"271","chr12",12551959,12552202,1.63333333333333
"272","chr6",158312051,158314268,17.7
"273","chrM",9053,9199,2.23333333333333
"274","chr21",46349012,46349820,2.26666666666667
"275","chr1",113848540,113855049,6.2
"276","chr4",51863437,51899378,2.1
"277","chr1",629306,629417,5.5
"278","chr14",49586627,49586878,3.06666666666667
"279","chr2",199368605,199433514,25.6666666666667
"280","chr17",4282798,4296814,7.3
"281","chr4",1225360,1241519,3.66666666666667
"282","chr14",24209885,24211851,2.06666666666667
"283","chr2",135748267,135761911,2.33333333333333
"284","chr19",21974729,21988909,4.56666666666667
"285","chr11",65499661,65499768,4.03333333333333
"286","chr3",125313308,125331238,5.9
"287","chrM",11290,11508,2
"288","chr6",149378018,149379518,2
"289","chr15",44328685,44338317,1.83333333333333
"290","chr5",80767933,80792844,1.7
"291","chr12",42210355,42210680,1.83333333333333
"292","chr22",46586102,46586468,1.9
"293","chr6",138943513,138944622,21.8666666666667
"294","chr1",20770930,20773610,8.56666666666667
"295","chrM",9060,9173,2.23333333333333
"296","chr4",55411614,55417985,6.13333333333333
"297","chr8",100220279,100233537,2.4
"298","chr6",7181124,7189322,3.36666666666667
"299","chr1",207076630,207076661,7.3
"300","chr10",31908172,31910563,18.3333333333333
"301","chr14",20343166,20343396,2.66666666666667
"302","chr14",20343080,20343216,2.96666666666667
"303","chr9",95978061,96004701,4.5
"304","chr8",17753717,17755961,1.76666666666667
"305","chr3",172247533,172251541,13.8
"306","chr10",112415414,112416263,1.8
"307","chr5",108348399,108367953,2.5
"308","chr12",2820086,2821792,3.36666666666667
"309","chr20",41092472,41101353,7.13333333333333
"310","chr5",61472681,61473037,5.26666666666667
"311","chr14",45118028,45130790,3.3
"312","KI270733.1",123206,168451,1.9
"313","chrX",80288906,80310233,4.1
"314","chr1",13715541,13742157,2.03333333333333
"315","chr17",82900651,82911789,2.23333333333333
"316","chr6",118940828,118941155,1.63333333333333
"317","chr1",206930072,206930246,3.63333333333333
"318","chr17",64821767,64822393,2.53333333333333
"319","chr13",50927407,50949505,5.03333333333333
"320","chr5",72861808,72865729,2.13333333333333
"321","chr1",145839890,145842477,3.53333333333333
"322","chr7",17890363,17897446,2.9
"323","chr15",60442416,60445791,3.4
"324","chr11",65499732,65499828,6.36666666666667
"325","chr6",30670410,30671274,1.73333333333333
"326","chr3",170113360,170122744,2
"327","chr4",153292982,153296036,1.96666666666667
"328","chr11",65499696,65499931,4.4
"329","chr14",20343147,20343277,3.56666666666667
"330","chr10",103438015,103438808,3.56666666666667
"331","chr2",168063500,168129758,2.13333333333333
"332","chr13",40940921,40943925,2
"333","chr11",118786052,118786518,5.6
"334","chrM",13019,13120,3.3
"335","chr12",51055835,51056502,3.1
"336","chr11",65500546,65500733,2.7
"337","chr2",159324230,159324482,3.46666666666667
"338","chr3",113488945,113506605,2.33333333333333
"339","chr11",65505856,65505953,2.96666666666667
"340","chr1",230954333,230961303,8
"341","chr11",86007542,86031611,4.5
"342","chr19",23831597,23833521,8.53333333333333
"343","chr4",127921524,127939997,6.7
"344","chr19",11513056,11514221,2.76666666666667
"345","chr20",58438945,58441083,2.33333333333333
"346","chr16",19616114,19647882,2.43333333333333
"347","chr17",81855142,81855586,1.96666666666667
"348","chr8",123077111,123105464,2.83333333333333
"349","chr14",93293858,93296157,2.16666666666667
"350","chr3",71015549,71053773,6.43333333333333
"351","chr1",220006106,220007338,3.3
"352","chr15",85113873,85115487,11.9
"353","chr5",145796442,145826200,14.8666666666667
"354","chr5",69174877,69175537,4.33333333333333
"355","chr5",134741063,134744052,4
"356","chr6",27867306,27867587,2.13333333333333
"357","chr1",92605307,92636336,3.16666666666667
"358","chr6",170543601,170549113,2.4
"359","chr1",631902,632096,3.63333333333333
"360","chr5",177536358,177539147,6.13333333333333
"361","chr12",49763732,49763922,1.93333333333333
"362","chr14",71400794,71418196,3.46666666666667
"363","chr1",147252623,147259918,2.4
"364","chr15",90217439,90221765,2.6
"365","chr7",135577796,135593192,2.43333333333333
"366","chr8",130152736,130180880,3.9
"367","chr22",40881770,40882177,2.9
"368","chr15",63529014,63563008,2.13333333333333
"369","chr9",35657758,35658019,4
"370","chr11",33286413,33287511,9.06666666666667
"371","chr2",176296860,176337577,2.16666666666667
"372","chr14",49586739,49586870,10.8333333333333
"373","chr19",38808744,38808863,2.06666666666667
"374","chrM",3598,3677,2.8
"375","chr16",56625784,56627053,3.33333333333333
"376","chr11",65500521,65500603,5.7
"377","chr4",128074460,128077962,3.56666666666667
"378","chr3",172226871,172251541,2.46666666666667
"379","chr4",22401431,22402799,2.76666666666667
"380","chr15",80098416,80122800,5.56666666666667
"381","chrM",3814,4007,3.76666666666667
"382","chrM",9290,9514,8.7
"383","chr6",87215903,87218731,12.4333333333333
"384","chr11",65423171,65423500,1.53333333333333
"385","chr6",13639563,13644729,1.7
"386","chr11",77624963,77625818,3.13333333333333
"387","chr2",89176521,89244973,4.4
"388","chr11",65503699,65503865,2.23333333333333
"389","chr17",59731421,59738947,10.4666666666667
"390","chr14",49586731,49586862,2.3
"391","chr17",20204333,20205912,15.7666666666667
"392","chr16",11020193,11126146,5.1
"393","chr1",180984677,180993425,5.1
"394","chrX",132281095,132283032,3.36666666666667
"395","chr11",65499719,65499834,1.86666666666667
"396","chr6",31269966,31354665,4.23333333333333
"397","chr17",16381902,16382130,1.73333333333333
"398","chr18",54271360,54277855,2.06666666666667
"399","chrM",11871,12020,2.56666666666667
"400","GL000253.2",2580253,2664913,9.6
"401","chr8",61618978,61653660,2.5
"402","chr11",65500542,65500630,8.06666666666667
"403","chr4",36228582,36229645,2.3
"404","chr9",19356972,19358160,2.53333333333333
"405","chr1",8541214,8557523,5.6
"406","chr15",50583089,50592626,2.06666666666667
"407","chr7",131375424,131399433,3.7
"408","chr19",14402597,14404562,1.6
"409","chr11",65500520,65500602,4.76666666666667
"410","chr15",75859878,75873568,2.7
"411","chr11",65505849,65505911,4
"412","chr6",161034259,161049979,1.83333333333333
"413","chr5",151790323,151791062,2.63333333333333
"414","chr11",76463821,76472840,2.36666666666667
"415","chr2",39336920,39337581,2.5
"416","chr1",51405905,51408332,1.76666666666667
"417","chr17",47402132,47414919,3.16666666666667
"418","chr1",186406083,186419077,2.26666666666667
"419","chr7",24623663,24668660,2.16666666666667
"420","chr5",145764931,145826200,4.76666666666667
"421","chr6",144781922,144803147,4.73333333333333
"422","chr11",65499660,65499839,4.23333333333333
"423","chrM",5601,5813,5.46666666666667
"424","chr20",21365421,21368590,2.3
"425","chr11",62638983,62639731,2.5
"426","chr11",68551121,68564432,2.73333333333333
"427","chr11",65500883,65501205,2.46666666666667
"428","chr5",95755396,95763620,27
"429","chr1",22078429,22086866,1.73333333333333
"430","chr4",78826037,78851056,4.3
"431","chr18",12999421,13019206,11.8
"432","chr11",77619606,77625818,7.9
"433","chr2",199308760,199328910,9.83333333333333
"434","chr3",170359699,170361429,3.6
"435","chr4",104518577,104519454,1.66666666666667
"436","chr11",119284969,119285566,2.63333333333333
"437","chr4",25333183,25333988,4.23333333333333
"438","chr1",59339958,59378837,10.5
"439","chr11",65499804,65499907,3.93333333333333
"440","chr8",18765449,18804898,5.03333333333333
"441","chr7",152309966,152315338,6.53333333333333
"442","chr19",50398851,50399484,3.56666666666667
"443","chr1",247155566,247159813,21.2
"444","chr1",246591512,246591941,2.3
"445","chr11",77683710,77693611,13.2333333333333
"446","chr17",59839778,59839905,3.33333333333333
"447","chr2",54982515,54987698,7
"448","chr1",65364635,65366196,2.53333333333333
"449","chr2",24135119,24147086,5.5
"450","chr19",23358430,23362725,19.5
"451","chr11",65505524,65505737,6.43333333333333
"452","chr14",105587554,105707562,21.6
"453","chr7",116110708,116112038,2.53333333333333
"454","chr10",21713772,21727928,1.96666666666667
"455","chr3",3137260,3144710,2.4
"456","chrM",3574,3792,2.06666666666667
"457","chrM",9057,9192,2.33333333333333
"458","chr1",117402186,117414831,10.7
"459","chr4",107682015,107694006,1.73333333333333
"460","chr13",77719532,77753358,2.66666666666667
"461","chr21",37420299,37430400,2.46666666666667
"462","chr16",68121987,68126610,23.6666666666667
"463","chr11",27467017,27467360,2.46666666666667
"464","chr16",47497399,47547548,2.6
"465","chr14",103519667,103519872,2.5
"466","chr14",105643132,105769165,3.23333333333333
"467","chrM",9347,9507,4.46666666666667
"468","chrM",8964,9183,2.86666666666667
"469","chr14",22926133,22927660,6.1
"470","KI270846.1",584538,1029622,7.5
"471","chr11",65500447,65500611,3.1
"472","chr15",65752379,65761438,2.33333333333333
"473","chr18",54159765,54205157,1.83333333333333
"474","chr9",110136127,110138539,1.9
"475","chr12",29293300,29297200,2.2
"476","chr2",199308760,199381820,4.53333333333333
"477","chr1",167951800,167975015,1.6
"478","chr2",201145378,201149835,5.46666666666667
"479","chr14",49586763,49862621,4.13333333333333
"480","chr2",61278165,61281242,2.23333333333333
"481","chr13",19851355,19852190,1.66666666666667
"482","chr16",68121987,68123121,19.3666666666667
"483","chr14",96555847,96556413,2.83333333333333
"484","chr12",6510279,6510532,3.2
"485","chr6",99412551,99416428,2.9
"486","chr19",12526920,12528696,1.56666666666667
"487","chr6",160046498,160048543,4.03333333333333
"488","chr7",131387120,131399433,2.86666666666667
"489","chr6",4891713,4892379,6.8
"490","chr11",65499629,65499729,7.8
"491","chr2",70179532,70181997,2.36666666666667
"492","chr9",122280443,122291840,2.43333333333333
"493","chr11",83273647,83278829,2.23333333333333
"494","chr6",30650994,30651466,12.3666666666667
"495","chr3",49967470,49975392,2.53333333333333
"496","chr2",69348171,69363670,1.96666666666667
"497","chr3",179203544,179204588,2.3
"498","chr4",76134175,76144473,6.63333333333333
"499","chr3",8935871,8941804,2.26666666666667
"500","chr14",39033514,39033639,3.46666666666667
"501","chr4",94573351,94586444,3.83333333333333
"502","chr11",65500854,65501189,66.0333333333333
"503","chrX",119871907,119872008,2.16666666666667
"504","chr1",1804419,1817875,4.36666666666667
"505","chr4",139137630,139139497,3.5
"506","chrM",11868,12017,2.4
"507","chr14",20343317,20343399,1.96666666666667
"508","chr21",29326059,29329693,2.7
"509","chr3",123931102,123949132,2.73333333333333
"510","chr13",99238427,99244624,9.3
"511","chr21",36338779,36344707,9.86666666666667
"512","chr19",34430576,34434968,8.2
"513","chr15",44711513,44715560,8.4
"514","chr3",197104903,197119530,3.93333333333333
"515","KI270936.1",93602,93667,3.83333333333333
"516","chr11",65503631,65503791,3.63333333333333
"517","chr17",67945409,67964404,2.46666666666667
"518","chr14",49853678,49862793,20.9666666666667
"519","chr9",37126312,37126942,9.6
"520","chr7",100991547,100991714,2.06666666666667
"521","chr7",100991692,101003844,20.2
"522","chr2",168691034,168717978,2.96666666666667
"523","chr8",140879471,140890769,3.33333333333333
"524","chr11",65499727,65499842,1.96666666666667
"525","chr14",49862556,49862736,3.53333333333333
"526","chr2",88857251,88857415,2.56666666666667
"527","chr14",49586660,49586878,2.36666666666667
"528","GL000255.2",1906082,1906554,5.16666666666667
"529","chr1",24514314,24514567,5.83333333333333
"530","chr12",128814775,128815070,3.03333333333333
"531","chr9",16727797,16738485,3.56666666666667
"532","chr5",79439010,79457018,2.16666666666667
"533","chr5",109713520,109716264,8.7
"534","chr2",8770670,8776892,3.8
"535","chr18",54271360,54274090,2.53333333333333
"536","chr5",128131067,128141981,2.33333333333333
"537","chrM",11237,11290,2.3
"538","chr5",128138597,128152805,2.56666666666667
"539","chr8",140818277,140890769,4.93333333333333
"540","chr15",58912563,58916999,4.16666666666667
"541","chr14",99458279,99465813,29.9666666666667
"542","chr1",59900965,59916100,2.66666666666667
"543","chr12",28305649,28307749,5.26666666666667
"544","chr22",22900976,22905025,5
"545","chr14",49586664,49586856,2.33333333333333
"546","chr1",8541214,8614686,3.8
"547","chr11",65500851,65501193,1.76666666666667
"548","chrM",3615,3784,2.5
"549","chr14",49586628,49586853,5
"550","KI270733.1",124892,169977,1.93333333333333
"551","chr2",226864604,226867318,12.2666666666667
"552","chrM",11872,12020,3.56666666666667
"553","chr7",92213195,92226682,2.5
"554","chr4",128997874,129003876,2.06666666666667
"555","chr18",9583117,9595153,5.93333333333333
"556","chr7",30621393,30622462,2.03333333333333
"557","chr11",65504097,65504274,3.13333333333333
"558","chr10",15816835,15847943,9.76666666666667
"559","chrM",5631,5816,3.8
"560","chr2",121757240,121761524,5.26666666666667
"561","chr16",1809238,1809833,1.93333333333333
"562","chr17",49311312,49312845,5.73333333333333
"563","chrM",9060,9184,15.3
"564","chr14",105707832,105708105,1.4
"565","chrM",4042,4131,3.16666666666667
"566","chr15",44711515,44715563,3.46666666666667
"567","chr2",172568741,172596023,3.4
"568","chr5",56864734,56865977,8.5
"569","chr10",7797047,7802854,27.6666666666667
"570","chr12",46239679,46243314,10.6666666666667
"571","chr11",65501566,65501772,2
"572","chr15",69210316,69261329,1.9
"573","chr1",28742403,28743986,2.16666666666667
"574","chr12",120557282,120557682,5.63333333333333
"575","chr12",29339851,29341816,1.7
"576","chr7",22308339,22318037,8.96666666666667
"577","chr15",44711513,44715563,2.03333333333333
"578","chr6",161048616,161049979,1.53333333333333
"579","chr14",61721509,61721823,2.1
"580","chr3",56660731,56673725,4.86666666666667
"581","chr5",109713520,109729513,8.6
"582","chr14",63998914,64022863,4.03333333333333
"583","chr7",44674411,44675268,1.56666666666667
"584","chr11",65500459,65500538,5.3
"585","chr11",65499734,65499826,2.36666666666667
"586","chr21",36338775,36344707,13.7
"587","chrX",65075474,65113813,4.16666666666667
"588","chr1",205616478,205623891,29.4
"589","chr12",104927973,104928694,7.53333333333333
"590","chr10",68787927,68788328,2.2
"591","chr19",23831597,23833112,2
"592","chr11",85996826,86031611,11.3333333333333
"593","chr11",36227085,36227430,3
"594","chr17",49311312,49312042,5.83333333333333
"595","chr10",94245946,94246621,7.8
"596","chr10",5785142,5800705,4.4
"597","chr11",65500058,65500413,7.26666666666667
"598","chr6",116689320,116692392,15.2
"599","chr2",159324225,159324477,5.46666666666667
"600","chrM",11227,11404,5.26666666666667
"601","chr11",65500535,65500623,4.86666666666667
"602","chr7",83134250,83135656,1.93333333333333
"603","chr2",88857276,88857416,2.46666666666667
"604","chr7",43639449,43640649,5.13333333333333
"605","chr4",9641071,9641450,3
"606","chr2",24564295,24593721,2.63333333333333
"607","chr11",96091892,96093517,13.0666666666667
"608","chr2",206279540,206297373,1.93333333333333
"609","chr18",63280887,63281214,1.86666666666667
"610","chrM",15559,15688,3.23333333333333
"611","chr7",100991653,101003805,3.7
"612","chr6",27867300,27867587,4.56666666666667
"613","chr2",239990074,240007370,7.06666666666667
"614","chr13",49451553,49451909,3.66666666666667
"615","chr7",101004933,101005100,1.8
"616","chr2",199308760,199368707,1.93333333333333
"617","chr18",9583117,9595102,7.53333333333333
"618","chr11",65502175,65502339,8.36666666666667
"619","chr12",12500519,12521463,1.76666666666667
"620","chr15",44711519,44715649,7.46666666666667
"621","chr4",184659340,184678394,2.23333333333333
"622","chr11",62527086,62527286,5.1
"623","chr8",131940499,131946633,2.3
"624","chr11",65499718,65499833,8.73333333333333
"625","chr6",42592151,42594304,4.83333333333333
"626","chr14",49853846,49862780,44.6666666666667
"627","chr12",113267843,113269845,3
"628","chr9",110972073,110973558,17.7
"629","chr22",41342529,41343576,2
"630","chrM",7109,7228,3.33333333333333
"631","chr19",39863332,39863660,3.2
"632","chr1",206937445,206937700,2.53333333333333
"633","chr14",49853687,49862800,20.3333333333333
"634","chr2",85368686,85371562,3.46666666666667
"635","chr11",65500064,65500120,2
"636","chr1",58506060,58539310,16.0666666666667
"637","chr2",45546732,45562756,5.16666666666667
"638","chr18",24064140,24083081,2.03333333333333
"639","chr14",49586811,49862669,3.66666666666667
"640","chr1",206939339,206940552,2.43333333333333
"641","chr7",74356410,74357477,4.26666666666667
"642","chr2",64551443,64553409,2.63333333333333
"643","chrM",9055,9183,4.1
"644","chr16",4466153,4469465,3.8
"645","chr17",56848696,56856625,3.23333333333333
"646","chr1",20757166,20773610,7.3
"647","chr20",35716740,35725155,5.63333333333333
"648","chr3",138570318,138572984,5.56666666666667
"649","chr4",150798081,150808398,2.03333333333333
"650","chr9",76067955,76107351,2.76666666666667
"651","chr4",71339370,71357187,2.23333333333333
"652","chr16",57164001,57173869,2.36666666666667
"653","chr12",45926142,45928859,3.2
"654","chr16",11120615,11126146,2
"655","chr7",22976210,22984045,1.9
"656","chr17",16381956,16382183,3.3
"657","chr6",75634707,75663518,1.63333333333333
"658","chr12",28255581,28307749,3
"659","chr12",69800209,69801721,20.8
"660","chr20",25297073,25297387,3.13333333333333
"661","chr2",8943187,8958642,3.23333333333333
"662","chr13",41865736,41868477,6.43333333333333
"663","chr6",42603588,42606651,2.46666666666667
"664","chr14",34586230,34609742,1.86666666666667
"665","chr12",108652272,108654410,22.0333333333333
"666","chr1",103565435,103575540,6.16666666666667
"667","chr2",24563904,24584560,1.56666666666667
"668","chr1",23814190,23820593,2.2
"669","chr11",62523062,62523304,2
"670","chr19",8455405,8463686,3.93333333333333
"671","chr14",49862577,49862646,4.73333333333333
"672","chr11",65500057,65500207,3.4
"673","KI270849.1",90602,90966,2.2
"674","chr2",199308760,199433514,3.03333333333333
"675","KI270846.1",56589,176271,2.3
"676","chr5",171183195,171205612,3.6
"677","chr11",85996826,86001158,2.3
"678","chr18",54277703,54287411,2.46666666666667
"679","chr9",37126312,37147445,8.06666666666667
"680","chr16",19463280,19464024,2
"681","chr3",16286342,16303592,3.06666666666667
"682","chr6",3076764,3077935,5.3
"683","chr17",59839990,59840217,2.8
"684","chr21",8396071,8440805,3.2
"685","chr7",27629371,27649633,6.4
"686","chr2",84870225,84870785,4.3
"687","chr11",65499842,65499962,2.63333333333333
"688","chr5",74634684,74636498,2
"689","chr3",158122103,158123991,3.46666666666667
"690","chr11",85974708,85983973,2.43333333333333
"691","chr2",168493610,168494153,4.36666666666667
"692","chr11",65500627,65500751,4
"693","chrM",7929,7975,1.73333333333333
"694","chr6",2397221,2399037,1.56666666666667
"695","chrX",140783175,140784659,105.2
"696","chr15",64499293,64500166,8.1
"697","chr9",137811461,137818138,2.26666666666667
"698","chrM",12843,13046,7.43333333333333
"699","chr7",156966270,156967092,2.2
"700","chr15",63553715,63563008,3.03333333333333
"701","chr16",69370483,69372355,4.76666666666667
"702","chr1",155725382,155726019,1.83333333333333
"703","chr12",111552280,111555919,5.13333333333333
"704","chr10",70152263,70161931,1.96666666666667
"705","chr15",65178934,65180204,3.56666666666667
"706","chr19",17101660,17102557,4.56666666666667
"707","chr19",17276495,17276909,5.23333333333333
"708","chr22",24302195,24313466,2.1
"709","chr21",15833348,15842540,1.86666666666667
"710","chr11",65499721,65499847,13.7
"711","chr3",196391813,196403019,22.3333333333333
"712","chr18",13681605,13682105,2.53333333333333
"713","chrM",6584,6700,3.9
"714","chr14",49586793,49862624,5.03333333333333
"715","chrM",11748,11803,4.33333333333333
"716","chr7",2229984,2230727,1.53333333333333
"717","chr15",63696124,63716473,3.86666666666667
"718","chr7",98190728,98194572,5.16666666666667
"719","chr7",72890627,72891110,4.73333333333333
"720","chr2",106158058,106166083,2.76666666666667
"721","chr10",72708283,72715902,2.06666666666667
"722","chr2",172558708,172566933,4.13333333333333
"723","chr7",100812747,100813208,6.16666666666667
"724","chr8",140846260,140890769,4.26666666666667
"725","chr11",65500500,65500694,1.66666666666667
"726","chr11",62527208,62527396,2.23333333333333
"727","chr12",96323948,96334865,3.73333333333333
"728","KI270936.1",104236,105141,4.83333333333333
"729","chr12",32607957,32611283,6
"730","chrM",7139,7278,2.76666666666667
"731","chr7",100991705,101004436,9.7
"732","chr20",38057532,38066256,2.43333333333333
"733","chr13",49168613,49178654,1.86666666666667
"734","chr11",65499719,65499833,5.9
"735","chr21",15762891,15766141,5
"736","chr19",18537601,18538433,1.9
"737","chr14",73147795,73173707,6.03333333333333
"738","chr16",53141179,53157541,14.9
"739","chr1",180984677,181005463,2.83333333333333
"740","chr9",111574734,111586165,2.26666666666667
"741","chr11",118583179,118584644,1.9
"742","chr1",21050866,21111383,1.7
"743","chr15",52584745,52593736,2
"744","chr11",65499696,65499837,2.53333333333333
"745","chr1",155675010,155679512,9.46666666666667
"746","chrM",7452,7519,3.33333333333333
"747","chr17",62680454,62680776,1.76666666666667
"748","chr12",124913419,124913646,3
"749","chr11",65499805,65499934,2.06666666666667
"750","chr1",32948222,32949774,11.1
"751","chr4",61934840,61948276,2.4
"752","chr18",49929512,49937397,6.06666666666667
"753","chr13",95757644,95763953,6.76666666666667
"754","chr3",114350274,114351878,14
"755","chr13",60439688,60467379,12.0333333333333
"756","chr4",73090667,73092300,20.6
"757","chr3",101671130,101672213,4.46666666666667
"758","chr3",71690010,71699708,2
"759","chr10",84417771,84425893,6.56666666666667
"760","chr4",122927634,122979386,2.23333333333333
"761","chr20",35721740,35725155,5.06666666666667
"762","chr7",102227367,102227669,3.16666666666667
"763","chr12",89459638,89472275,2.26666666666667
"764","chr12",101714090,101716812,2.63333333333333
"765","chr11",65500490,65500621,2.2
"766","chrM",7175,7291,9.86666666666667
"767","chr16",27213585,27215008,4.93333333333333
"768","chr3",149846011,149902162,1.86666666666667
"769","chr7",100991700,100991852,1.73333333333333
"770","chr2",199323803,199381820,3.63333333333333
"771","chr19",1274441,1274626,3.86666666666667
"772","chr12",106842589,106843947,2.13333333333333
"773","chr3",18378170,18420991,2.36666666666667
"774","chr7",35667434,35673278,8.03333333333333
"775","chr15",90439332,90443478,5.43333333333333
"776","chrM",7698,7970,3.2
"777","chr2",61522611,61526521,6.46666666666667
"778","chr14",49586733,49586864,6.63333333333333
"779","chr2",173954873,173956232,1.8
"780","chr4",148152469,148154901,2.26666666666667
"781","chr6",5404542,5431172,1.83333333333333
"782","chr1",213117317,213129889,1.6
"783","chr22",45729425,45740538,10.0666666666667
"784","chr1",90937485,90982370,2.03333333333333
"785","chr4",82878730,82881940,5.3
"786","chr3",71690010,71710484,2.26666666666667
"787","chr1",42265115,42323827,1.9
"788","chr2",63856306,63857936,8.16666666666667
"789","chr11",65501239,65501544,4.96666666666667
"790","chr7",16258390,16278226,8.9
"791","chr5",73078180,73082825,1.8
"792","chr1",32631827,32634792,1.8
"793","chr3",129880309,129880559,4.63333333333333
"794","chr20",62139075,62140944,5.13333333333333
"795","chr6",130926605,130956499,19
"796","chr15",41668828,41669958,15.4666666666667
"797","chr5",136147832,136154163,1.93333333333333
"798","chr15",98707562,98708107,2.6
"799","chr11",65499691,65499837,4
"800","chr15",50300789,50309798,1.9
"801","chr22",45793545,45807022,4.76666666666667
"802","chr1",180003174,180006567,2.63333333333333
"803","chr1",247138716,247159813,2.2
"804","chr1",243545510,243573048,1.6
"805","chr5",57246297,57251138,2.06666666666667
"806","chr11",65501321,65501542,3.36666666666667
"807","chr1",12275825,12278038,2.86666666666667
"808","chrM",9052,9198,1.9
"809","chr6",110887505,110890356,8.43333333333333
"810","chrM",15953,16083,2.63333333333333
"811","chr3",71041328,71053773,11.3
"812","chr13",100257595,100273346,2.53333333333333
"813","chr1",155853276,155853806,8.53333333333333
"814","chr18",9195551,9221999,3.06666666666667
"815","chrX",148661908,148662768,2.13333333333333
"816","chr11",65500864,65501205,5.03333333333333
"817","chrM",6813,6980,3.26666666666667
"818","chr19",1271329,1272051,1.6
"819","chr19",35123452,35123657,1.76666666666667
"820","chr2",88857293,88857415,2.93333333333333
"821","chr9",125337018,125337591,10.4333333333333
"822","chr1",206937189,206937449,1.83333333333333
"823","chr11",65504693,65504913,1.7
"824","chr11",65499675,65499768,2.2
"825","chr11",65500017,65500111,1.83333333333333
"826","chr2",172570726,172596023,2.26666666666667
"827","chr9",107300141,107311737,3.4
"828","chr20",44511289,44514040,1.66666666666667
"829","chrM",15951,16077,9.36666666666667
"830","chr9",135850137,135883078,1.46666666666667
"831","chr1",23030469,23050520,8.23333333333333
"832","chr20",35653528,35659014,3.93333333333333
"833","chr21",39206108,39229436,1.9
"834","chrM",5917,6057,12.3333333333333
"835","chr7",140776912,140808995,2.03333333333333
"836","chr20",25297080,25297394,3.33333333333333
"837","chr8",100712362,100712765,2.2
"838","chr1",59321536,59378837,3.83333333333333
"839","chr3",43299754,43303792,2.76666666666667
"840","chr2",206127797,206130242,7.43333333333333
"841","chr18",9524594,9525851,4.06666666666667
"842","chrM",5902,6188,7.66666666666667
"843","chrM",15561,15690,3.36666666666667
"844","chr10",5709530,5714207,3.06666666666667
"845","chr15",52593577,52601164,1.56666666666667
"846","chr6",131145285,131169273,1.73333333333333
"847","chr12",95208843,95211267,6.76666666666667
"848","chr10",68644698,68647005,2.3
"849","chr11",65499716,65499842,11.2666666666667
"850","chr3",195619779,195726115,2.33333333333333
"851","chr2",205440370,205440672,3.16666666666667
"852","chr2",230442937,230450255,5.03333333333333
"853","chr1",243613671,243843282,1.96666666666667
"854","chr6",3410188,3415855,2.43333333333333
"855","chr18",24064140,24069271,3.7
"856","chr9",85618983,85633374,2.8
"857","chrX",12975136,12976322,2.16666666666667
"858","chr20",18297985,18306393,2.56666666666667
"859","chr11",65500064,65500227,3.03333333333333
"860","chr16",66730112,66732505,2.23333333333333
"861","chr13",75560753,75569507,4.7
"862","chr2",173358712,173359491,2.73333333333333
"863","chr12",57946995,57953689,2.53333333333333
"864","chr7",77585543,77600806,1.93333333333333
"865","chr6",27867302,27867588,4.3
"866","chr11",65499648,65499728,2.4
"867","chr7",8003908,8071131,1.86666666666667
"868","chr18",58696366,58700591,2.43333333333333
"869","chr1",10095461,10105744,2.3
"870","chr10",5773842,5800705,2.93333333333333
"871","chr11",86022367,86031611,2.86666666666667
"872","chr4",38790070,38791231,3.5
"873","chr11",65500575,65500681,1.76666666666667
"874","chr11",65500574,65500680,1.76666666666667
"875","chr11",65505006,65505227,2.13333333333333
"876","chr10",96544076,96576829,3.03333333333333
"877","chrM",8442,8495,6.5
"878","chr5",142885298,142932125,2.66666666666667
"879","chr2",112399632,112400194,2.83333333333333
"880","chr2",190659158,190673152,10.8666666666667
"881","chr4",75012425,75013150,3.16666666666667
"882","chr10",95381685,95410777,2.8
"883","chr18",8718424,8720496,2.63333333333333
"884","chr14",34567686,34568013,2
"885","chr14",73147795,73148106,1.7
"886","chr12",6967339,6967519,2.3
"887","chr18",6263947,6312056,1.6
"888","chr22",45178238,45178900,4.6
"889","chrM",5596,5809,2.53333333333333
"890","chrM",9055,9181,2.93333333333333
"891","chr17",1361092,1362008,4.5
"892","chr12",109139397,109140058,3.03333333333333
"893","chr3",172251260,172310881,3.76666666666667
"894","chr1",219193082,219241308,2.23333333333333
"895","chr14",103778745,103797518,5.93333333333333
"896","chr12",28305649,28391411,2.23333333333333
"897","chr17",4066447,4072756,3.83333333333333
"898","chr19",39886278,39902529,2
"899","chr1",70292388,70315566,3.9
"900","chr22",38494630,38501280,2.06666666666667
"901","chr6",167022409,167033971,2.3
"902","chr8",17743604,17755961,6.8
"903","chr17",60633853,60648082,1.93333333333333
"904","chr18",9208657,9221999,3.6
"905","chr11",72773360,72774508,3.06666666666667
"906","chr2",199380364,199433514,3.2
"907","chr4",150735258,150808398,3
"908","chr10",13127745,13136897,3.96666666666667
"909","chr21",15014344,15043574,13.8666666666667
"910","chr12",116230433,116237705,3.6
"911","chrM",7854,7937,3.3
"912","chr3",185437447,185443636,2.23333333333333
"913","chr1",206933128,206934515,6.06666666666667
"914","chr17",2394043,2395454,1.86666666666667
"915","chr12",46239679,46254936,2.43333333333333
"916","chr7",100991819,100991986,17.7333333333333
"917","chr1",1477870,1478002,2.66666666666667
"918","chr1",23030469,23059167,1.76666666666667
"919","chr11",61366045,61367998,9.66666666666667
"920","chr11",65500547,65500635,6.66666666666667
"921","chr11",3731391,3753408,2.8
"922","chrM",7936,7981,1.4
"923","chr2",168138088,168140758,2.06666666666667
"924","chr15",32526813,32533368,2.13333333333333
"925","chr2",120073178,120078581,2.56666666666667
"926","chr11",65500492,65500656,2
"927","chr20",35858302,35871829,3.06666666666667
"928","chr1",26729651,26732792,22.1333333333333
"929","chr2",108752998,108753563,2.13333333333333
"930","chr17",47361378,47379253,2.36666666666667
"931","chr2",169538013,169544835,2
"932","KN538363.1",333595,335821,8.33333333333333
"933","chr9",35657756,35658019,3.36666666666667
"934","chr1",197642711,197658369,11.6666666666667
"935","chr9",33948374,33956146,2.86666666666667
"936","chrM",7081,7275,2.36666666666667
"937","chrM",4051,4131,2.2
"938","chr4",150761783,150808398,3.83333333333333
"939","chrM",9065,9137,1.83333333333333
"940","chrM",8975,9162,2.63333333333333
"941","chrM",7690,7797,5.1
"942","chr14",49853679,49862794,3.3
"943","chr2",200856682,200856985,3.1
"944","chr21",8212935,8396212,3.03333333333333
"945","chr7",107773920,107774872,1.46666666666667
"946","chr3",56627037,56628614,5.23333333333333
"947","chr1",206929725,206930017,2.36666666666667
"948","chr13",60439688,60460540,3.46666666666667
"949","chr11",120476661,120477526,1.46666666666667
"950","chr12",1027748,1028572,2.96666666666667
"951","chr6",75702645,75703072,8.66666666666667
"952","chr3",134175609,134195182,2.66666666666667
"953","chr1",15717893,15721388,5.9
"954","chr15",51869217,51902036,2.46666666666667
"955","chr5",73074742,73077493,25.0666666666667
"956","chr11",120474560,120477526,4.6
"957","chr11",65499781,65499935,3.4
"958","chr11",72984088,72989097,7.36666666666667
"959","chr5",80775694,80792844,3.76666666666667
"960","chr9",37126312,37127263,3.4
"961","chr14",49586764,49862844,11.9666666666667
"962","chr2",61522611,61533903,32.1333333333333
"963","chr16",11020193,11061022,3.93333333333333
"964","chr1",12578718,12579412,2.8
"965","chr3",67495798,67498295,2.76666666666667
"966","chr11",65500559,65500598,2.3
"967","chr2",69337898,69338565,2.06666666666667
"968","chr7",22960256,22991139,1.83333333333333
"969","chr9",20715322,20740340,1.96666666666667
"970","chr13",32535769,32537027,2.86666666666667
"971","chr11",65500548,65500636,2.4
"972","chr10",12400016,12403369,2.03333333333333
"973","chr22",22900976,22918201,9.4
"974","chr2",102657564,102665350,1.8
"975","chr2",241407537,241413421,3.5
"976","chr11",124647365,124648175,3.06666666666667
"977","chr11",65499716,65499830,5.5
"978","chr12",111679151,111683307,1.53333333333333
"979","chr5",96713414,96713669,1.6
"980","chr5",139600372,139614966,4.26666666666667
"981","chr13",95723242,95725252,2.63333333333333
"982","chr1",66958059,66963160,2.66666666666667
"983","chr19",11722954,11725327,1.63333333333333
"984","chr11",65502173,65502360,2.2
"985","chr15",62007308,62013992,6.5
"986","chr10",126970702,127127764,8.83333333333333
"987","chrM",6931,7119,32.9666666666667
"988","chr1",117402186,117420649,20.2
"989","chr16",31722626,31723353,6.9
"990","chrM",9060,9172,6.03333333333333
"991","chr9",75016268,75017448,2.56666666666667
"992","chr5",65988635,66014725,2.3
"993","chr10",110124017,110130486,3.2
"994","chr3",111913319,111920419,2.6
"995","chr7",100994316,100997648,1.9
"996","chr1",206928724,206928922,1.66666666666667
"997","chr11",86011030,86031611,5.7
"998","chr1",52515891,52526373,3
"999","chr4",139889357,139890967,6.96666666666667
"1000","chr12",124912507,124913190,3.6
"1001","chr19",47264603,47264946,2.66666666666667
"1002","chr2",40428473,40430301,1.83333333333333
"1003","chr2",32607455,32611582,1.7
"1004","chr1",8655973,8656441,3.4
"1005","chr5",50399107,50411383,11.3333333333333
"1006","chr11",65500426,65500518,2.13333333333333
"1007","chr4",1900626,1918623,2.33333333333333
"1008","chr7",76517465,77007289,1.73333333333333
"1009","chr8",22474954,22475624,2.63333333333333
"1010","chr1",172555869,172557794,1.73333333333333
"1011","chr5",38990949,39021136,1.8
"1012","chr10",34269657,34284245,2.8
"1013","chr7",129014979,129018157,15.6333333333333
"1014","chr3",51541498,51552063,9.8
"1015","chr18",75285448,75288648,1.86666666666667
"1016","chr20",35366557,35384133,1.4
"1017","chr14",34862044,34862322,4.36666666666667
"1018","chr19",42518977,42519187,2.1
"1019","chr16",58559804,58560362,5.2
"1020","chr1",206937421,206937628,2.33333333333333
"1021","chr2",47378953,47379969,5.96666666666667
"1022","chr11",85996826,86003451,11.1666666666667
"1023","chr15",25405461,25411971,30.8666666666667
"1024","chr6",158282263,158314268,17.2333333333333
"1025","chr4",102304317,102315830,15
"1026","chr2",158470942,158474621,2.16666666666667
"1027","chr3",31576396,31580096,10.6333333333333
"1028","chr9",5968019,5988545,3.6
"1029","chr12",69589485,69593613,3.93333333333333
"1030","chr1",206933120,206934507,6.76666666666667
"1031","chr15",94356137,94402019,4.86666666666667
"1032","chr5",154029489,154034967,3.43333333333333
"1033","chr2",171925537,171953001,2.46666666666667
"1034","chrM",11659,11697,5.16666666666667
"1035","chr1",16564807,16567351,10.5333333333333
"1036","chr14",105707391,105707878,1.76666666666667
"1037","chr1",180824753,180825344,1.46666666666667
"1038","chr11",65502717,65502916,2.56666666666667
"1039","chr11",65499651,65499901,2.93333333333333
"1040","chr11",65499735,65499831,6.76666666666667
"1041","chr11",65499804,65499933,2
"1042","chr6",159682474,159688242,3.33333333333333
"1043","chr11",65500490,65500684,4.33333333333333
"1044","chr5",181242181,181243762,2.46666666666667
"1045","chr4",25127264,25159107,2.73333333333333
"1046","chrM",6586,7122,2.36666666666667
"1047","chr11",65499648,65499756,3.46666666666667
"1048","chr1",206937149,206937466,3.76666666666667
"1049","chr22",21799012,21807846,2.1
"1050","chr5",139278327,139279129,2
"1051","chrM",6855,6965,1.86666666666667
"1052","chr10",48401612,48410168,6.03333333333333
"1053","chr4",102714438,102726683,5.7
"1054","chr15",90441506,90443478,4.03333333333333
"1055","chr7",103025063,103029418,1.66666666666667
"1056","chr10",72715111,72715902,2.23333333333333
"1057","chr4",51863437,51877854,4.3
"1058","chr7",64543707,64544432,2.46666666666667
"1059","chr10",124038515,124046724,2
"1060","chr17",29684563,29703062,3.6
"1061","chr15",80970462,80982182,1.96666666666667
"1062","chrM",14865,14929,1.66666666666667
"1063","chr14",20343074,20343210,3
"1064","chr19",39863368,39863663,2.53333333333333
"1065","chr15",85737901,85738149,1.63333333333333
"1066","chrM",7702,7809,2.96666666666667
"1067","chr11",65499750,65499859,5.86666666666667
"1068","chr10",113876521,113884380,2.23333333333333
"1069","chrM",3739,3966,1.96666666666667
"1070","chr7",140355668,140369682,1.66666666666667
"1071","GL000253.2",2580320,2664980,4.86666666666667
"1072","chr8",100709133,100713181,1.83333333333333
"1073","chrM",6889,7131,2.4
"1074","chr1",206928655,206928816,2.1
"1075","chr3",128806372,128807671,1.66666666666667
"1076","chr12",6967345,6967556,1.96666666666667
"1077","chr1",42265115,42278784,3.53333333333333
"1078","chr10",15833630,15847943,3.33333333333333
"1079","chrM",8966,9155,2.6
"1080","chr8",100259107,100264785,1.6
"1081","chrM",6583,6768,1.73333333333333
"1082","chr15",92924321,92929091,3.13333333333333
"1083","chr16",53873786,53888951,10.8333333333333
"1084","chr14",49586793,49862669,3.23333333333333
"1085","chr17",81604548,81608822,1.8
"1086","chr7",22266964,22318037,2.8
"1087","chr8",37870420,37877551,4.9
"1088","chr13",28256292,28261458,2.93333333333333
"1089","chr9",19286769,19305527,1.66666666666667
"1090","chr1",92333391,92380873,7.53333333333333
"1091","chr4",153270335,153276130,1.66666666666667
"1092","chr14",102870185,102876525,2.03333333333333
"1093","chr8",42906173,42943445,3.16666666666667
"1094","chr7",76502388,77002252,1.86666666666667
"1095","chr11",65503802,65503881,1.76666666666667
"1096","chr3",67495798,67508903,12.2666666666667
"1097","chr6",16326394,16328470,31.7666666666667
"1098","chr5",124701014,124701269,4
"1099","chr2",134253095,134254644,4.36666666666667
"1100","chr21",43746079,43749080,1.76666666666667
"1101","chr7",100023419,100024307,16.1666666666667
"1102","chr14",49586636,49586816,3.53333333333333
"1103","chr2",26364302,26373629,1.96666666666667
"1104","chr4",139116649,139139497,3.56666666666667
"1105","chr1",77711747,77715868,3
"1106","chr13",100301460,100309908,3.8
"1107","chr11",65499788,65499944,1.4
"1108","chr11",62523083,62523304,9.63333333333333
"1109","chr2",69356496,69363670,1.53333333333333
"1110","chr11",65501768,65501957,5.76666666666667
"1111","chrM",10538,10604,6.5
"1112","chrM",9061,9174,21.0666666666667
"1113","chr5",143037196,143057747,6.5
"1114","chrX",10566888,10567603,2.1
"1115","chr11",65501760,65501949,3.76666666666667
"1116","chr21",39228500,39229436,3.2
"1117","chr17",61984171,61985090,4.16666666666667
"1118","chr5",71035545,71037546,2.83333333333333
"1119","chr19",18537601,18538436,9.73333333333333
"1120","chrM",9064,9199,7.36666666666667
"1121","chr21",8213101,8440803,6.3
"1122","chr1",30992390,30995220,3.16666666666667
"1123","chr1",31915895,31919658,15.5666666666667
"1124","chr11",65499632,65499876,2.33333333333333
"1125","chr2",199323803,199433514,3.06666666666667
"1126","chr17",19062002,19188105,3.33333333333333
"1127","chr6",47503280,47504758,3.66666666666667
"1128","chr3",170171373,170178938,3.9
"1129","chr2",147972739,147975975,3.33333333333333
"1130","chr5",137985257,137988315,51.2333333333333
"1131","chr11",77619606,77629899,2.46666666666667
"1132","chr3",124737568,124744203,1.66666666666667
"1133","chr1",805799,810170,6.33333333333333
"1134","chr14",91481576,91485730,3.03333333333333
"1135","chr1",8495063,8541318,1.5
"1136","chr10",12081472,12091684,2.1
"1137","chrM",11233,11410,10.3
"1138","chr5",103096541,103097781,3.36666666666667
"1139","chr14",102194938,102209862,3.46666666666667
"1140","chr17",77402059,77402703,2.43333333333333
"1141","chr11",65504849,65505278,1.86666666666667
"1142","chr14",49586808,49862639,4.8
"1143","chr1",59339958,59346398,2.9
"1144","chr15",63532647,63563008,5.63333333333333
"1145","chr4",90308244,90313047,4.16666666666667
"1146","chr5",57246300,57249576,4
"1147","chr7",39987599,40002031,3.96666666666667
"1148","chr19",1274441,1274627,7.96666666666667
"1149","chr9",93471141,93498886,14.8
"1150","chr10",7276892,7285954,10.3
"1151","chr11",65499694,65499767,4.3
"1152","chr9",18336332,18382646,1.6
"1153","chr7",100993950,100998875,2.43333333333333
"1154","chr15",85113873,85121014,15.0333333333333
"1155","chr5",43295752,43297166,1.96666666666667
"1156","chr1",109100237,109100306,3.23333333333333
"1157","chrM",3598,3789,12.2333333333333
"1158","chr20",35714185,35725155,11.2333333333333
"1159","chr12",124913340,124913567,3
"1160","chr5",79640851,79669028,2.13333333333333
"1161","chr2",172558708,172565073,2.53333333333333
"1162","chr5",180261684,180280608,4.73333333333333
"1163","chrM",6483,6679,2.76666666666667
"1164","chr2",99186177,99195756,3.1
"1165","chrM",4130,4241,5.8
"1166","chr18",49331864,49379758,2.26666666666667
"1167","chrM",5902,6189,5.86666666666667
"1168","chr16",46674314,46677398,3.4
"1169","chr18",32111754,32124845,1.76666666666667
"1170","chr11",65500460,65500624,15.6
"1171","chr5",177619078,177632738,2.3
"1172","chr2",88857270,88857415,2.23333333333333
"1173","chr7",6814764,6823360,3.8
"1174","chr1",206928709,206928815,2.23333333333333
"1175","chr19",19640085,19640571,4.26666666666667
"1176","chr17",7262178,7262474,2.5
"1177","chr11",65499642,65499750,3.3
"1178","chrM",8927,9189,3.2
"1179","chr10",50433476,50590247,2.13333333333333
"1180","chr6",7176655,7189322,13.4
"1181","chr2",168161787,168182090,2
"1182","chr16",56385919,56389375,1.93333333333333
"1183","chr14",105587160,105707878,2.43333333333333
"1184","chr1",633914,634120,4.4
"1185","chr7",8022483,8071131,2.2
"1186","chr14",49586615,49586878,5.26666666666667
"1187","chr10",68487144,68493570,3.5
"1188","chr7",98191614,98194572,3.4
"1189","chr12",124912735,124913418,2.6
"1190","chr11",65500464,65500621,3.1
"1191","chr14",49586653,49586849,4.3
"1192","chr14",49862574,49862799,1.56666666666667
"1193","chr1",171523221,171532961,2.46666666666667
"1194","chr3",195700007,195700072,2.63333333333333
"1195","chr15",50300789,50301368,1.86666666666667
"1196","chr10",35516523,35530243,2
"1197","chr1",206934460,206934693,15
"1198","chr7",155665175,155680908,3.23333333333333
"1199","chr22",41808875,41813822,2.8
"1200","chr12",12519862,12521463,2.66666666666667
"1201","chr17",51263274,51268904,4.4
"1202","chr1",206928961,206929276,3.16666666666667
"1203","chr14",65561337,65561766,7.6
"1204","chr5",138810038,138827718,2.8
"1205","chrM",7692,7799,3.13333333333333
"1206","chr5",65567513,65572286,4.5
"1207","chr8",141253989,141254629,20.6333333333333
"1208","chr16",19466082,19469825,1.46666666666667
"1209","chr9",77214329,77227485,2.26666666666667
"1210","chr14",49586604,49862779,8.46666666666667
"1211","chr2",61112522,61118116,1.66666666666667
"1212","chr15",25405461,25415842,2.43333333333333
"1213","chr14",31127785,31133675,4.56666666666667
"1214","chr11",65501909,65502163,2.53333333333333
"1215","chr2",147896301,147899898,10.9
"1216","chr1",23397545,23418016,33.0333333333333
"1217","chr11",65499782,65499836,3.66666666666667
"1218","chr14",65430216,65455718,3.06666666666667
"1219","chr7",149491587,149618343,1.83333333333333
"1220","chr2",58221942,58232112,15.0333333333333
"1221","chr7",101004978,101005145,2.03333333333333
"1222","chr8",25407983,25408940,2.43333333333333
"1223","chr1",179120190,179121867,2.1
"1224","chr17",82763965,82781721,4.16666666666667
"1225","chr1",35413972,35415714,3.56666666666667
"1226","chr5",32135572,32143880,9.26666666666667
"1227","chr4",77773081,77776392,7.3
"1228","chr21",37420299,37472880,5.36666666666667
"1229","chr17",42500707,42501304,4.33333333333333
"1230","chrM",4133,4223,2.3
"1231","KI270733.1",124216,169301,4.66666666666667
"1232","chr11",65499775,65499928,1.9
"1233","chr1",42265115,42278672,5.56666666666667
"1234","chrM",14131,14210,3.03333333333333
"1235","chr14",102081063,102081181,2.5
"1236","chr16",74459682,74463479,2.96666666666667
"1237","chr10",7243558,7285954,5.03333333333333
"1238","chr14",76166663,76195972,2.06666666666667
"1239","chrM",9065,9178,20.1
"1240","chr11",118581246,118584644,3.03333333333333
"1241","chr10",67954595,67966802,1.3
"1242","chr11",62559820,62560423,2.56666666666667
"1243","chr22",22901239,22919801,3.86666666666667
"1244","chr7",10982372,10990847,1.36666666666667
"1245","chr19",13025021,13025552,2.16666666666667
"1246","chr9",123757703,123879021,3.63333333333333
"1247","chr12",32598497,32611283,11.6666666666667
"1248","chr7",102757854,102761411,2.36666666666667
"1249","chr13",45516143,45519094,3.3
"1250","chr11",65499781,65499892,5.6
"1251","chr1",28459085,28466535,2.2
"1252","chr22",50372020,50394135,7.2
"1253","chr4",152411303,152469988,1.9
"1254","chr16",87975048,87984259,4.76666666666667
"1255","chrX",21978875,21992712,4.56666666666667
"1256","chr6",157036835,157084905,3
"1257","chr11",65500421,65500513,2.1
"1258","chr5",36982165,36986301,8.2
"1259","chr3",149846011,149921227,22.6
"1260","chr21",39215237,39218660,1.63333333333333
"1261","chr2",202755538,202759353,2.7
"1262","chr5",112985835,113004077,2.23333333333333
"1263","chr14",105588375,105708644,11.5666666666667
"1264","chr1",117402186,117442325,12.6666666666667
"1265","chr15",43400044,43401850,2.46666666666667
"1266","chr1",45087881,45088237,2.63333333333333
"1267","chr1",153614326,153614582,2.73333333333333
"1268","chr12",116096669,116111512,3.9
"1269","chr10",94441896,94474783,4.8
"1270","chr9",6420912,6434173,3.36666666666667
"1271","chr8",108449823,108455930,3.33333333333333
"1272","chrM",5912,6052,8.83333333333333
"1273","chr4",48369849,48394653,1.96666666666667
"1274","chr16",53155926,53157541,3.86666666666667
"1275","chr11",65499715,65499840,2.6
"1276","chr16",66938037,66939358,2.86666666666667
"1277","chrM",6932,7153,3.16666666666667
"1278","chr11",65499661,65499767,3.43333333333333
"1279","chr17",16101250,16101805,4.7
"1280","chr9",19288596,19300331,2.43333333333333
"1281","chr12",69251129,69262562,3.06666666666667
"1282","chr18",62539681,62550460,4.23333333333333
"1283","chr11",65499691,65499915,2.56666666666667
"1284","chr3",121844453,121872788,5.03333333333333
"1285","chr11",65503370,65503680,1.8
"1286","chr5",176943335,176958154,13.7666666666667
"1287","chr20",43587219,43587384,2.26666666666667
"1288","chr1",77631850,77641655,2
"1289","chr3",63912588,63913225,2.63333333333333
"1290","chr11",65499699,65499845,8.16666666666667
"1291","chr11",65499851,65499971,2.6
"1292","chr15",59030804,59031702,1.53333333333333
"1293","chr1",632618,632688,1.7
"1294","chr14",49586741,49862825,5.46666666666667
"1295","chr7",23611171,23611553,8.93333333333333
"1296","chr17",18670867,18672302,7.73333333333333
"1297","chr9",131436620,131439061,1.63333333333333
"1298","chr7",139715932,139717015,5.63333333333333
"1299","KI270908.1",165256,165882,5.83333333333333
"1300","chr1",95143891,95151419,23.2333333333333
"1301","chr20",48953556,48963898,2.96666666666667
"1302","chr11",65500547,65500613,5.23333333333333
"1303","chr11",65499685,65499742,1.5
"1304","chr22",32478981,32479275,12.8
"1305","chr18",56756583,56758953,2.26666666666667
"1306","chr11",34071726,34076642,3.36666666666667
"1307","chr19",7450374,7450702,2.26666666666667
"1308","chr7",100992703,101003946,5.03333333333333
"1309","chr17",59764971,59773885,2.46666666666667
"1310","chr1",200043774,200120955,2.76666666666667
"1311","chr21",36247517,36251284,1.86666666666667
"1312","chrM",13352,13435,2.53333333333333
"1313","chr4",30920153,30950215,1.63333333333333
"1314","chr9",33996223,34017189,1.83333333333333
"1315","chr8",100287501,100288267,2.03333333333333
"1316","chr11",65499602,65499873,1.93333333333333
"1317","chr3",188609161,188609844,2.2
"1318","chr11",72773365,72774499,3.2
"1319","chr11",65500847,65501205,2.06666666666667
"1320","chr14",105741444,105769207,33.1666666666667
"1321","chrM",10571,10732,3.46666666666667
"1322","chr20",47262288,47276795,1.9
"1323","chr22",46626751,46637960,2.96666666666667
"1324","chr4",10097711,10103986,4.8
"1325","chr17",30484214,30492753,2.36666666666667
"1326","chr19",34430576,34438766,3.56666666666667
"1327","chr2",108771701,108773046,6.7
"1328","chr3",195959012,195960086,3.7
"1329","chr15",80120328,80122800,20.5333333333333
"1330","chr6",34606555,34646798,3.16666666666667
"1331","KI270857.1",1189251,1190272,2.03333333333333
"1332","chr10",103439746,103440850,1.63333333333333
"1333","chr14",20343176,20343398,2.6
"1334","chr6",82214227,82214829,3.36666666666667
"1335","chr16",4332215,4333519,4.23333333333333
"1336","chr1",206928703,206928809,2.33333333333333
"1337","chr22",29978442,29991670,1.56666666666667
"1338","chr2",161179614,161204793,2.43333333333333
"1339","chr1",206935486,206937188,1.96666666666667
"1340","chr15",44717718,44718023,4.43333333333333
"1341","chr10",126970702,127061776,1.76666666666667
"1342","chr13",95161189,95188542,1.5
"1343","chr1",247157000,247159813,2.96666666666667
"1344","chr2",207724800,207742342,2.8
"1345","chr8",127890589,127890998,2.73333333333333
"1346","chr12",69589485,69592159,5.96666666666667
"1347","chr6",47503280,47554766,1.93333333333333
"1348","chr10",101939863,101957732,1.66666666666667
"1349","chr1",42265115,42311110,3.13333333333333
"1350","chr18",47865059,47896809,4.16666666666667
"1351","chrM",13846,14066,2.43333333333333
"1352","chr11",73707420,73718718,11.5
"1353","chr2",120127688,120175000,3.8
"1354","chr8",47284028,47294030,2.33333333333333
"1355","chr9",9442104,9442282,3.1
"1356","chr21",36130636,36130929,1.86666666666667
"1357","chr9",135881633,135883078,17.8
"1358","chr7",130120749,130122202,4.33333333333333
"1359","chr12",50427762,50430570,2.63333333333333
"1360","chr14",23033368,23033674,1.66666666666667
"1361","chr18",49363161,49379758,3.43333333333333
"1362","chrM",5902,6119,13.5666666666667
"1363","chr6",158583954,158589782,4.9
"1364","chr21",36247517,36248568,12.9
"1365","chr4",139125164,139139497,4.43333333333333
"1366","chrX",85067127,85074391,3.6
"1367","chrX",107840670,107854704,2.3
"1368","chr2",30525587,30533314,4.2
"1369","chr12",94169153,94186473,7.43333333333333
"1370","chr2",226864604,226914351,7.76666666666667
"1371","chrM",5901,6189,3.3
"1372","chr2",88857241,88857416,3.73333333333333
"1373","chr6",158573420,158589782,4.23333333333333
"1374","chr11",65501247,65501561,7.4
"1375","chr11",65499625,65499724,2.03333333333333
"1376","chr1",88740988,88786213,2.36666666666667
"1377","chr13",102622877,102627924,2.46666666666667
"1378","chr4",152411303,152412529,90.5666666666667
"1379","chrM",11869,12017,3.43333333333333
"1380","chr7",101000813,101004640,19.4
"1381","chr20",51674153,51690819,2.76666666666667
"1382","chr3",195688533,195689438,12.8333333333333
"1383","chr11",65499781,65499937,4.76666666666667
"1384","chr19",18539371,18539720,4.46666666666667
"1385","chr14",49586810,49862641,2.23333333333333
"1386","chr13",42953948,42970670,4.26666666666667
"1387","chr11",65499630,65499918,1.7
"1388","chr11",65499696,65499920,3.3
"1389","chr2",32478635,32479617,1.6
"1390","KI270910.1",89111,140752,4.43333333333333
"1391","chrM",12421,12658,2.26666666666667
"1392","chr3",152414941,152432920,3.9
"1393","chr1",1815756,1839238,1.76666666666667
"1394","chr2",72465160,72480750,2.93333333333333
"1395","chr2",26263380,26277160,1.83333333333333
"1396","chr6",43055545,43056445,3.23333333333333
"1397","chr22",45689712,45718493,2.23333333333333
"1398","chrM",5902,6118,5.43333333333333
"1399","chr17",51201592,51203228,1.76666666666667
"1400","chr3",197865423,197875775,11.7666666666667
"1401","chr1",203707009,203708104,3.76666666666667
"1402","chr10",67966683,68014186,1.6
"1403","chr2",99169550,99171429,3.5
"1404","chr10",101672915,101676436,2.7
"1405","chr9",20923660,20933103,1.7
"1406","chr5",73058433,73077493,5.2
"1407","chrY",2211489,2221229,5.1
"1408","chr8",134812610,134813169,2.46666666666667
"1409","chr2",58198594,58232112,6.66666666666667
"1410","chr11",65500065,65500121,1.9
"1411","chr1",108148279,108161293,2.56666666666667
"1412","chr17",29876603,29876849,3.36666666666667
"1413","chr11",65500051,65500109,3.06666666666667
"1414","chr1",77801331,77815231,2.53333333333333
"1415","chr17",43222004,43222260,2.03333333333333
"1416","chr14",105624405,105643131,17.4666666666667
"1417","chr11",65500470,65500552,2.66666666666667
"1418","chr17",12054889,12095694,5.16666666666667
"1419","chr14",32090502,32117287,5.26666666666667
"1420","chr7",24623666,24650712,2.1
"1421","chr5",65988635,65994864,9.66666666666667
"1422","chr17",47663089,47668410,1.96666666666667
"1423","chr13",75621763,75727098,2.13333333333333
"1424","chr3",197814908,197820430,3.23333333333333
"1425","chr2",88857271,88857415,6.76666666666667
"1426","chr2",127763062,127771004,2
"1427","chr11",65499715,65499841,1.8
"1428","chr7",149018992,149021147,3.03333333333333
"1429","chr3",197866112,197871462,2.53333333333333
"1430","chr1",13731000,13749487,1.7
"1431","chr4",105446383,105456745,2.96666666666667
"1432","chr10",68468123,68470163,4.76666666666667
"1433","chr1",155438327,155459898,5.66666666666667
"1434","chr1",26942660,26943065,2.06666666666667
"1435","chrM",11814,11986,1.76666666666667
"1436","chr11",65499243,65499354,3.46666666666667
"1437","chr18",12999421,13030608,11
"1438","chr16",30483827,30484263,5.96666666666667
"1439","chr10",92531748,92537550,1.73333333333333
"1440","chr4",82871944,82875822,5.56666666666667
"1441","chr5",43675511,43704400,2.76666666666667
"1442","chr6",2263601,2273417,4.4
"1443","chr22",21805850,21807846,1.73333333333333
"1444","chr2",15461201,15478289,2.33333333333333
"1445","chr14",20343078,20343354,3.56666666666667
"1446","chr1",35381259,35389082,2.5
"1447","chr4",185247294,185267155,3.33333333333333
"1448","chr8",668598,674047,5.73333333333333
"1449","chr4",105424196,105456745,5.86666666666667
"1450","chr12",116230533,116237705,29.4333333333333
"1451","chrM",7772,7972,2
"1452","chr11",65500426,65500601,2.96666666666667
"1453","chr11",102362896,102368548,2.06666666666667
"1454","chrM",3782,3976,1.8
"1455","chr9",121161856,121166180,2.03333333333333
"1456","chr16",56625784,56627062,1.93333333333333
"1457","chr14",50150008,50150230,2.3
"1458","chr6",154787861,154792976,2.3
"1459","chr11",65499603,65499749,3.13333333333333
"1460","chr7",107791192,107793869,2.63333333333333
"1461","chr9",6880012,6893232,9.93333333333333
"1462","chr5",168488602,168497348,5.73333333333333
"1463","chr1",16566408,16567351,2.23333333333333
"1464","chr4",87046166,87047594,11.8666666666667
"1465","chr14",22906195,22911403,5.4
"1466","chr2",135748267,135772547,1.93333333333333
"1467","chr7",80789306,80810701,4.3
"1468","chr1",51402435,51408332,6.36666666666667
"1469","chrM",15526,15712,2.5
"1470","chr19",12928342,12928847,14.9333333333333
"1471","chr7",100993395,101001482,2.73333333333333
"1472","chr5",146254943,146258593,3.33333333333333
"1473","chr22",43039780,43046573,2.13333333333333
"1474","chr7",100991692,101000595,49.5
"1475","chr2",183128287,183130545,2.13333333333333
"1476","chrM",10952,11070,2.73333333333333
"1477","chr22",29340882,29341500,4.63333333333333
"1478","chr3",183643480,183651276,3.43333333333333
"1479","chr6",82210814,82212793,3.16666666666667
"1480","chr19",58260851,58263676,1.9
"1481","chr8",47396376,47407961,13.3333333333333
"1482","chr19",40583398,40583717,2.33333333333333
"1483","chr7",105073619,105077433,2.33333333333333
"1484","chrX",2953143,2958435,4.3
"1485","chr15",89871475,89889140,2.96666666666667
"1486","chr10",126970702,127257429,3.8
"1487","chrM",6585,6803,1.76666666666667
"1488","chr11",65502726,65502925,42.5666666666667
"1489","chr12",40028301,40048210,2.13333333333333
"1490","chr11",59658866,59659469,1.83333333333333
"1491","chr15",43398038,43401850,1.86666666666667
"1492","chr19",8321500,8322286,2.53333333333333
"1493","chr1",77717867,77725762,3.23333333333333
"1494","chr16",31090775,31091342,6.36666666666667
"1495","chr14",71026117,71036157,2.16666666666667
"1496","chr18",51054781,51067187,2.13333333333333
"1497","chr15",76274412,76295737,5.66666666666667
"1498","chr15",94356137,94385525,3.66666666666667
"1499","chr11",117152441,117163892,2.13333333333333
"1500","chr11",65500483,65500680,2.2
"1501","chr1",632618,632687,1.56666666666667
"1502","chr2",40428473,40430304,19.2
"1503","chrM",9719,9989,3.3
"1504","chr9",110941421,110973558,2
"1505","chr14",105741507,105769270,32.4333333333333
"1506","chr10",126970702,127000307,2.9
"1507","chr8",17713214,17723833,2.76666666666667
"1508","chr14",105587604,105708082,2.83333333333333
"1509","chr17",62010550,62063301,1.96666666666667
"1510","chr4",53414615,53428183,4.36666666666667
"1511","chr3",9750945,9751949,3.06666666666667
"1512","chr11",65500466,65500548,3.16666666666667
"1513","chr3",32733423,32737490,2.06666666666667
"1514","chr19",45263113,45263367,3.76666666666667
"1515","chrM",6939,7160,49.4666666666667
"1516","chr14",31127785,31172122,1.9
"1517","chr11",65499695,65499836,1.6
"1518","chr11",65422818,65423113,4.26666666666667
"1519","chr12",66145841,66153448,2.06666666666667
"1520","chr14",49586763,49862639,4.66666666666667
"1521","chr10",110885253,110890670,1.83333333333333
"1522","chr4",127669036,127687867,3.03333333333333
"1523","chr11",65499785,65499896,5.46666666666667
"1524","chr10",103622470,103661114,2.63333333333333
"1525","chr11",65500635,65500759,4.36666666666667
"1526","chr1",247156406,247159813,59.6666666666667
"1527","chr5",77046347,77048272,3.2
"1528","chr14",20343078,20343182,2.86666666666667
"1529","chrX",37386599,37426000,1.9
"1530","chr15",29761139,29773357,2.16666666666667
"1531","chr11",13413530,13421838,5.86666666666667
"1532","chr11",120473050,120477526,1.93333333333333
"1533","chr7",30550636,30574881,2.7
"1534","chr7",140355668,140358785,5.33333333333333
"1535","chr11",65500443,65500517,3
"1536","chrM",14758,14943,1.56666666666667
"1537","chr8",18799295,18804898,8.16666666666667
"1538","chr17",50736960,50741731,2.56666666666667
"1539","chr11",119273868,119274953,1.9
"1540","chr17",76312870,76313891,1.76666666666667
"1541","chr11",65500546,65500586,11.6
"1542","chrM",11534,11644,1.9
"1543","chr5",86617968,86620754,2.16666666666667
"1544","chrX",135545423,135556300,4.3
"1545","chrM",8439,8493,3.3
"1546","chr11",65500525,65500608,2.73333333333333
"1547","chrM",12430,12666,3.9
"1548","chr3",111112030,111126335,1.86666666666667
"1549","chr7",3619080,3642105,1.66666666666667
"1550","chrX",12975132,12976319,4.03333333333333
"1551","chr11",65499825,65499934,2.16666666666667
"1552","chr5",154033791,154034967,17.2666666666667
"1553","chr16",21249731,21250977,2.3
"1554","chr2",20254863,20256170,2.23333333333333
"1555","chr21",41226266,41257326,1.93333333333333
"1556","chr11",62523135,62523356,1.6
"1557","chr6",79042843,79060818,4
"1558","chr15",92996957,92998621,2.43333333333333
"1559","chr1",208210280,208218002,3.23333333333333
"1560","chr14",30670256,30675065,4.6
"1561","chr16",18839698,18842454,2.4
"1562","chr12",56234824,56235700,2.06666666666667
"1563","chr4",128992167,129003876,33.5666666666667
"1564","chrM",3821,4014,7.26666666666667
"1565","chr10",32543300,32584304,2.83333333333333
"1566","chr4",55403236,55417985,2.2
"1567","chr3",119503532,119517315,2.13333333333333
"1568","chr17",31155983,31169997,2.66666666666667
"1569","chr14",49586635,49586815,3.9
"1570","chr5",36953618,36976402,6.56666666666667
"1571","chr11",65499745,65499854,5.3
"1572","chr10",4830675,4909606,1.9
"1573","chr3",170136419,170149244,2.73333333333333
"1574","chr17",59353215,59353526,4.96666666666667
"1575","chr11",65499609,65499755,6.7
"1576","chr10",124681607,124682379,5.36666666666667
"1577","chr7",100958306,100958611,2.43333333333333
"1578","chr9",111578796,111586165,2.1
"1579","chr9",110972073,111011690,4.86666666666667
"1580","chr2",10419734,10420135,3.36666666666667
"1581","chr15",68141946,68173892,1.9
"1582","chrM",15955,16081,9.43333333333333
"1583","chrM",4715,4763,2.2
"1584","chr11",65499716,65499831,7.46666666666667
"1585","chr1",27789562,27793632,1.83333333333333
"1586","chr17",1050050,1100735,39.7333333333333
"1587","chr20",32316218,32316874,2.53333333333333
"1588","chr2",71426460,71427414,2.63333333333333
"1589","chrM",9058,9184,3.06666666666667
"1590","chrM",3445,3561,2.6
"1591","chr12",22643763,22673660,1.8
"1592","chr7",2437804,2443746,1.63333333333333
"1593","chr18",36026900,36033837,3.06666666666667
"1594","chrM",7146,7285,3.7
"1595","chr14",49586675,49586878,22.6
"1596","chr2",62979188,62996766,3.66666666666667
"1597","chr11",61964779,61965081,2.8
"1598","chr2",8939821,8958642,2.03333333333333
"1599","chr10",5699525,5714207,3.53333333333333
"1600","chr19",5604583,5604936,4.83333333333333
"1601","chr5",79618647,79620083,2.1
"1602","chr3",120056642,120056873,2.43333333333333
"1603","chr6",99439769,99465136,1.8
"1604","chr1",30992390,31007102,2.8
"1605","chr7",158788004,158799072,6.83333333333333
"1606","chrX",150736595,150737448,3.86666666666667
"1607","chr15",41696075,41699159,3.43333333333333
"1608","chr2",47373463,47374048,3.63333333333333
"1609","chr14",49586651,49862628,1.53333333333333
"1610","chr1",113829592,113834439,16.9
"1611","chr11",65500446,65500608,2.9
"1612","chrM",11874,12020,2.63333333333333
"1613","chr6",13632370,13644729,8.46666666666667
"1614","chrM",12580,12693,2.83333333333333
"1615","chr8",61680968,61684188,8.2
"1616","chr14",71413948,71529370,4.06666666666667
"1617","chr5",84060300,84066606,7.73333333333333
"1618","chr19",3660966,3662001,3.23333333333333
"1619","chr7",24623666,24668660,4.43333333333333
"1620","chr14",49586706,49586872,4.1
"1621","chr11",129123446,129164427,1.76666666666667
"1622","chr5",74745678,74750667,2.36666666666667
"1623","chr1",35358925,35361789,6.63333333333333
"1624","chr11",65499810,65499913,3.76666666666667
"1625","chr9",33351560,33352719,5.06666666666667
"1626","chrM",6925,7113,2.53333333333333
"1627","chr9",86305192,86310017,9.73333333333333
"1628","chr10",110596398,110598290,3.2
"1629","KN538369.1",213260,213653,5.83333333333333
"1630","chr5",57246300,57247215,2.5
"1631","chr1",44308310,44339322,2.03333333333333
"1632","chrM",15654,15827,4.16666666666667
"1633","chr15",76287846,76292700,3.06666666666667
"1634","chr17",42727635,42730918,2.43333333333333
"1635","chr11",65499666,65499772,3.36666666666667
"1636","chr11",62528627,62528827,1.63333333333333
"1637","chr1",206928692,206928820,1.63333333333333
"1638","chr17",1083520,1100735,2.1
"1639","chr14",49586811,49862713,4.23333333333333
"1640","chr1",206940551,206946466,2.23333333333333
"1641","chrM",10153,10258,2.4
"1642","chr4",105233897,105237351,8.43333333333333
"1643","chrM",5901,6119,2.6
"1644","chr5",139600372,139623461,2.36666666666667
"1645","chr13",32517857,32527532,47.9333333333333
"1646","chr7",105038126,105041023,3.53333333333333
"1647","chr3",65929626,65930063,4.6
"1648","chr22",41135813,41140257,1.46666666666667
"1649","chrX",41660439,41671530,1.7
"1650","chr4",109491327,109494856,4.36666666666667
"1651","chr7",100355143,100355804,2.86666666666667
"1652","chr12",1371833,1444750,2.06666666666667
"1653","chr11",74789626,74817714,2.26666666666667
"1654","chr20",34096657,34098633,3.76666666666667
"1655","chr3",171188702,171194635,2.43333333333333
"1656","chr4",150798081,150817257,5.26666666666667
"1657","chr11",72757767,72759381,1.76666666666667
"1658","chr1",13778418,13782831,1.96666666666667
"1659","chr6",144537582,144542870,2.13333333333333
"1660","chr17",47618350,47619164,3.1
"1661","chr11",68185781,68190152,1.8
"1662","chr7",122113118,122133741,1.96666666666667
"1663","chr2",109564366,109593119,3.4
"1664","chr15",85113377,85126374,2.43333333333333
"1665","chr6",144537582,144539443,3.2
"1666","chrM",11280,11499,17.1666666666667
"1667","chrM",9093,9189,10.1333333333333
"1668","chr5",129104956,129107062,2.9
"1669","chr5",57246300,57251141,9.83333333333333
"1670","chr18",58918271,58920633,2.83333333333333
"1671","chr17",48112031,48113401,2.33333333333333
"1672","chr5",73840480,73840760,1.96666666666667
"1673","chr14",105737426,105765585,1.9
"1674","chr1",151427823,151442205,2.16666666666667
"1675","chr1",113834910,113855049,4.7
"1676","chr11",65500881,65501205,1.56666666666667
"1677","chrM",14936,15289,2.1
"1678","chr7",149492859,149558839,2.13333333333333
"1679","chr11",62521953,62522126,2.7
"1680","chr2",190900564,190924593,5.66666666666667
"1681","chr6",89083753,89084643,1.66666666666667
"1682","chr13",41252645,41260915,2.2
"1683","chrM",5602,5890,6.03333333333333
"1684","chr18",9931810,9937066,3.86666666666667
"1685","chr17",67945409,67975958,20.2666666666667
"1686","chrM",11511,11705,1.86666666666667
"1687","chr15",68141946,68146700,2.06666666666667
"1688","chr11",65499236,65499347,3.9
"1689","chr14",35651805,35659196,2.13333333333333
"1690","chr11",65500529,65500611,4.23333333333333
"1691","chr5",168488602,168494650,23.2
"1692","chr3",57583898,57584464,2.13333333333333
"1693","chr14",49586734,49586865,6.83333333333333
"1694","chr14",32090502,32094386,8.4
"1695","chr18",58934433,58953799,3.7
"1696","chr11",65500452,65500531,8.06666666666667
"1697","chr14",49586788,49862627,2.46666666666667
"1698","chr1",171568247,171575128,2.63333333333333
"1699","chr21",29321221,29329693,6.9
"1700","chrM",7199,7384,4.03333333333333
"1701","chr9",33986760,34017189,1.6
"1702","chr21",8213101,8213554,24.3666666666667
"1703","chr16",71658233,71679535,1.63333333333333
"1704","chr8",37877109,37877551,14.6
"1705","chr2",31917926,31932135,6.5
"1706","chrY",1285778,1290509,1.66666666666667
"1707","chr6",158580940,158589782,4.73333333333333
"1708","chrM",7229,7394,3.46666666666667
"1709","chr6",53071057,53076543,1.86666666666667
"1710","chr2",44209210,44218537,2.16666666666667
"1711","chr8",94664697,94665196,5.16666666666667
"1712","chr3",195625331,195729739,2.9
"1713","chr3",170122591,170129552,6.26666666666667
"1714","chr21",33432177,33432871,5.06666666666667
"1715","chr18",76849526,76851939,7.36666666666667
"1716","chr20",34072066,34078553,1.9
"1717","chr11",65500541,65500629,4.33333333333333
"1718","chr14",39179091,39179462,2.46666666666667
"1719","KI270733.1",123418,168867,3.3
"1720","chr11",65499660,65499712,3.13333333333333
"1721","chr3",5174017,5174414,10.4333333333333
"1722","chr1",42773563,42775479,2.43333333333333
"1723","chrX",73845425,73845724,2
"1724","chr5",38523419,38530666,6.23333333333333
"1725","chr1",119755427,119759989,2.16666666666667
"1726","chr2",202555252,202556531,1.76666666666667
"1727","chr2",120127688,120175004,4.26666666666667
"1728","chr17",19958014,19958571,3.33333333333333
"1729","chr11",18291442,18292019,2.9
"1730","chr2",230878892,230879120,2.2
"1731","chr20",32366384,32371874,5.46666666666667
"1732","chr1",206937385,206937740,3.23333333333333
"1733","chr1",185214507,185231708,4.06666666666667
"1734","chrM",7204,7389,2.3
"1735","chr14",49586583,49586851,3.06666666666667
"1736","chr17",12054889,12081530,3.86666666666667
"1737","chr2",45546732,45553730,3.76666666666667
"1738","chr20",33619517,33623296,10.0333333333333
"1739","chr10",49915917,49935142,3.5
"1740","chr21",8209615,8253784,3.2
"1741","chr6",144487548,144493456,2.83333333333333
"1742","chr18",12999421,13042334,1.96666666666667
"1743","chr21",39206108,39212707,5.63333333333333
"1744","chr11",65500482,65500608,1.96666666666667
"1745","chr11",65500488,65500619,2.03333333333333
"1746","chr8",70159505,70162854,7.86666666666667
"1747","chr4",148435104,148436862,5.9
"1748","chr11",65502168,65502332,7.33333333333333
"1749","chrM",8927,9030,2.86666666666667
"1750","chr14",21503173,21503881,13.0333333333333
"1751","chr11",65499634,65499734,8.03333333333333
"1752","chr14",20343083,20343187,2.93333333333333
"1753","chr2",115309239,115343912,1.66666666666667
"1754","chr7",24620052,24668660,2.46666666666667
"1755","chr1",149655699,149669310,3.73333333333333
"1756","chr14",49586693,49586873,14.4
"1757","chr11",34957384,34978182,4.1
"1758","chr17",7906066,7906310,1.93333333333333
"1759","chr1",95143891,95173889,7.86666666666667
"1760","chr11",65504857,65505049,2.5
"1761","chr11",65499718,65499934,8.5
"1762","chr7",23185070,23187146,3.23333333333333
"1763","chr6",116698704,116705160,4.76666666666667
"1764","chr2",178535732,178542361,3.9
"1765","chr16",8915254,8917156,2.43333333333333
"1766","chr11",61437625,61438113,4.83333333333333
"1767","chr6",136694140,136698682,3.83333333333333
"1768","chrX",80707427,80719656,2.53333333333333
"1769","chrM",10293,10376,2.96666666666667
"1770","chr8",70213903,70216764,10.7333333333333
"1771","chrM",15952,16082,2.56666666666667
"1772","chr12",20427992,20428489,1.66666666666667
"1773","chr14",34551714,34554912,22.1333333333333
"1774","chr4",9005264,9536809,3.03333333333333
"1775","chr11",65505187,65505375,3.7
"1776","chr8",140864312,140890769,6.16666666666667
"1777","chr16",30479091,30479461,2
"1778","chr3",47425485,47428670,3.76666666666667
"1779","KI270905.1",4741397,4747949,2.23333333333333
"1780","chr22",41808875,41810291,5.5
"1781","chr9",83682951,83686155,3.76666666666667
"1782","chrX",24172715,24179770,1.83333333333333
"1783","chr16",18841565,18845651,3.03333333333333
"1784","chr17",28122603,28172618,2
"1785","chrM",11776,11969,2.03333333333333
"1786","chr19",9652953,9660874,1.73333333333333
"1787","chr14",49586735,49586866,9.96666666666667
"1788","chr16",67628370,67629533,2.63333333333333
"1789","chrM",8984,9189,1.53333333333333
"1790","chr6",118511298,118566316,3.06666666666667
"1791","chr20",25297074,25297388,2.73333333333333
"1792","chr10",110881233,110887886,3.63333333333333
"1793","chr4",6994184,7001251,2.36666666666667
"1794","chr4",1394590,1394865,2.9
"1795","chr10",101792839,101810314,7.03333333333333
"1796","chr12",82369387,82456820,1.9
"1797","chr11",65504496,65504880,2.13333333333333
"1798","chr10",43154897,43158931,3.06666666666667
"1799","chr2",196912882,196922186,1.73333333333333
"1800","chr4",73085249,73092300,22.0333333333333
"1801","chr3",119500695,119513719,3.13333333333333
"1802","chr7",105062164,105066807,2.23333333333333
"1803","chr1",211353239,211354467,2.2
"1804","chr11",65504860,65505052,15.3333333333333
"1805","chrM",7169,7285,9.5
"1806","chr20",10556231,10560820,4.93333333333333
"1807","chr6",108663455,108664889,3.9
"1808","chr2",15488894,15511350,2.06666666666667
"1809","chr4",39913611,39925933,6
"1810","chrM",6856,6966,1.83333333333333
"1811","chrM",10785,10899,1.8
"1812","chr3",138570318,138572932,7.5
"1813","chr12",19462510,19473355,3.63333333333333
"1814","chr4",61934840,62044549,4.03333333333333
"1815","chr11",65499836,65499937,2.1
"1816","chr16",28487456,28489386,2.3
"1817","chr11",36393846,36403378,2.66666666666667
"1818","chrM",12841,13071,2.13333333333333
"1819","chr10",45939361,45962994,2.26666666666667
"1820","chr6",75634707,75670720,1.8
"1821","chr12",27714780,27724186,4.1
"1822","chr9",4117768,4118881,2
"1823","chr11",120475340,120477526,1.93333333333333
"1824","chr11",73707420,73718890,4.1
"1825","chrM",15433,15492,1.83333333333333
"1826","chr2",144208603,144235737,2.5
"1827","chr14",103662117,103662928,2.33333333333333
"1828","chr11",65501623,65501838,3.96666666666667
"1829","chr8",89722015,89725641,1.56666666666667
"1830","chr7",17868407,17875790,6.53333333333333
"1831","chr20",3218517,3218994,1.6
"1832","chr17",45475100,45475726,4.6
"1833","chr4",151174670,151187463,2.6
"1834","chr6",116689320,116705160,2.36666666666667
"1835","chr8",51845661,51861246,1.96666666666667
"1836","chrX",118654602,118654961,1.8
"1837","chr1",117460489,117502970,1.96666666666667
"1838","chr7",30550636,30562128,4.33333333333333
"1839","chr15",42827928,42840433,4.73333333333333
"1840","chr13",49451553,49467960,1.53333333333333
"1841","chr4",48369849,48383784,11.3666666666667
"1842","chr11",65500458,65500584,1.43333333333333
"1843","chr11",65499751,65499845,2.36666666666667
"1844","chr11",65500867,65501192,2.06666666666667
"1845","chr6",87210451,87218731,5.03333333333333
"1846","chr12",70278132,70311017,3.3
"1847","chrM",12840,12995,1.66666666666667
"1848","chr2",159169250,159170805,1.73333333333333
"1849","chrM",11874,12019,7.16666666666667
"1850","chr18",21765772,21819646,6.06666666666667
"1851","chr16",29833733,29834066,2.63333333333333
"1852","chr13",100301460,100340259,2.23333333333333
"1853","chr9",133412299,133412921,4.03333333333333
"1854","chr4",169155480,169156679,2.96666666666667
"1855","chr15",94367605,94385525,2.36666666666667
"1856","chr3",174523413,174553757,2.23333333333333
"1857","chr12",89466770,89472275,1.73333333333333
"1858","chr1",114463104,114464388,5.16666666666667
"1859","chr21",36338772,36344707,20.0666666666667
"1860","chr16",30664215,30666541,2.9
"1861","chrM",3751,3945,1.93333333333333
"1862","chr1",231795242,231818517,2.93333333333333
"1863","chr13",48077153,48090418,2
"1864","chr1",7777160,7778169,3.43333333333333
"1865","chrM",11287,11487,2.1
"1866","chrM",3322,3552,2.53333333333333
"1867","chr2",199323803,199328910,8.7
"1868","chrM",9060,9195,2.5
"1869","chrX",12975140,12976326,1.83333333333333
"1870","chr18",9182382,9221999,11.3333333333333
"1871","chr14",73147795,73148094,2.8
"1872","chrM",14136,14215,2.43333333333333
"1873","chr20",2964272,2965202,10.2
"1874","chr10",91994535,92008275,2.93333333333333
"1875","chr19",5047476,5082504,3.7
"1876","chr15",44711514,44715563,11.5333333333333
"1877","chr18",46890580,46903635,3.83333333333333
"1878","chr15",64974602,64983593,5.26666666666667
"1879","KQ031384.1",285347,353799,5.56666666666667
"1880","chr3",170145423,170149244,3.66666666666667
"1881","chr11",121045674,121060085,11.2333333333333
"1882","chrM",8939,9150,2.4
"1883","chr10",7367649,7381949,2.93333333333333
"1884","chr17",36952886,36953907,1.93333333333333
"1885","chr21",8208499,8435732,4.6
"1886","chr9",35295696,35313989,9.7
"1887","chr8",42957094,42964474,2.8
"1888","chr2",175111568,175121540,1.66666666666667
"1889","chr16",53154447,53157541,3.26666666666667
"1890","chr6",13579451,13584225,4.6
"1891","chr14",49586789,49862664,5.4
"1892","chr14",105707831,105708081,1.83333333333333
"1893","chrM",6581,6697,3.8
"1894","chr15",75411492,75413045,4.33333333333333
"1895","chr3",50065031,50066502,4.43333333333333
"1896","chr14",55612019,55619312,2.7
"1897","chr1",65913245,65918835,2.4
"1898","chr4",42543917,42556040,1.63333333333333
"1899","chr14",76166663,76180849,2.2
"1900","chr12",124419957,124430787,1.6
"1901","chr4",61934840,61998265,4.93333333333333
"1902","chr2",207976651,207977586,6.36666666666667
"1903","chr7",22976210,22991139,2.5
"1904","chr14",106269016,106557248,2.7
"1905","chr1",26257597,26259802,1.83333333333333
"1906","chr19",45517663,45518094,1.93333333333333
"1907","chr8",37765526,37766355,5.83333333333333
"1908","chr2",199348701,199381820,1.9
"1909","chr14",49853674,49862789,38.0666666666667
"1910","chr1",9931891,9935627,2.06666666666667
"1911","chr4",114619423,114623702,1.73333333333333
"1912","chrX",65051462,65075912,5.4
"1913","chrM",10957,11075,2.83333333333333
"1914","chr10",121538592,121565704,1.83333333333333
"1915","chr17",1842803,1853189,2.16666666666667
"1916","chr12",120782655,120784593,19.5
"1917","chr12",116236821,116237705,2.56666666666667
"1918","chr9",18336332,18362182,1.83333333333333
"1919","chr16",19644886,19652090,1.63333333333333
"1920","chr15",90486954,90492711,2.23333333333333
"1921","chr6",70426439,70452571,2.8
"1922","chr6",154773989,154795139,2.26666666666667
"1923","chr1",48355670,48359770,5.06666666666667
"1924","chr3",150544381,150545737,1.6
"1925","chr9",83679775,83686155,5.26666666666667
"1926","chrM",3724,3997,1.76666666666667
"1927","chr1",36361221,36362656,2.33333333333333
"1928","chr14",49586657,49586849,3.93333333333333
"1929","chr12",26996742,26999676,1.63333333333333
"1930","chr7",150233035,150237608,1.6
"1931","chr16",88644812,88648666,1.76666666666667
"1932","chr21",8212343,8395603,1.53333333333333
"1933","chrM",6834,7154,12.3333333333333
"1934","chr3",52412811,52414587,2.5
"1935","chrM",12840,12998,2.06666666666667
"1936","chr3",129827803,129832826,1.8
"1937","chr7",100993219,100998102,2
"1938","chr3",51541498,51590559,2.63333333333333
"1939","chr15",74926766,74929232,3.43333333333333
"1940","chr2",189728660,189744788,4.7
"1941","chr7",87836192,87860639,1.93333333333333
"1942","chr11",65499652,65499841,1.43333333333333
"1943","chr11",65503450,65503767,1.63333333333333
"1944","chr14",49586719,49862621,5.03333333333333
"1945","chr5",123532569,123557564,2.63333333333333
"1946","chr2",189791790,189818180,8.43333333333333
"1947","chr3",172251260,172262083,2.3
"1948","chr2",172562220,172565073,1.9
"1949","chr11",70354301,70356254,3
"1950","chr14",80497469,80530886,2.93333333333333
"1951","chr2",147972739,147982081,2.96666666666667
"1952","chr14",102040236,102040673,5.86666666666667
"1953","chr11",114580132,114583021,5.36666666666667
"1954","chr12",111509549,111510582,4.93333333333333
"1955","chr1",15937163,15938006,2.43333333333333
"1956","chr12",122340753,122341697,4.9
"1957","chr4",53425872,53444103,2.2
"1958","chrM",11495,11683,1.53333333333333
"1959","chr2",58084089,58089723,2.36666666666667
"1960","chr20",56381433,56386533,1.6
"1961","chr11",130260856,130261929,18.8333333333333
"1962","chrM",4677,4763,3.6
"1963","chr11",65502716,65502915,5.2
"1964","chrM",11875,12020,7.43333333333333
"1965","chr11",65499666,65499845,2.8
"1966","chr17",39708321,39710481,5.7
"1967","chr2",213310059,213364145,1.83333333333333
"1968","chr7",107765469,107765631,1.9
"1969","chr12",82857010,82857580,4.76666666666667
"1970","chr15",50586392,50592626,2.16666666666667
"1971","chr22",45689712,45740538,1.93333333333333
"1972","chr10",124942457,124943307,3
"1973","chr1",206928604,206928850,3.53333333333333
"1974","chr5",177209636,177212195,2.16666666666667
"1975","chr5",58988493,58993465,2.63333333333333
"1976","chr5",143054439,143057747,4.36666666666667
"1977","chr11",65422983,65423218,2.36666666666667
"1978","chr10",94030683,94032252,10.5
"1979","chr11",65499740,65499834,2.5
"1980","chr15",89113725,89116521,11.0333333333333
"1981","chr1",51827796,51834170,3.53333333333333
"1982","KI270908.1",872960,874337,1.83333333333333
"1983","chr5",66053406,66054951,5.1
"1984","chr3",16301626,16302748,2.86666666666667
"1985","chr2",189719572,189720787,2.46666666666667
"1986","chr12",46229153,46243314,18.8
"1987","chr10",101667886,101676436,9.96666666666667
"1988","chr10",5794885,5800705,10.6
"1989","chr9",83677727,83678599,5.1
"1990","chr17",75611659,75611865,32.6333333333333
"1991","chrM",11499,11731,1.9
"1992","chr3",4410865,4420146,2.4
"1993","chr11",65501566,65501764,12.3666666666667
"1994","chr11",65500208,65500412,21.5333333333333
"1995","chr22",45700282,45740538,3.03333333333333
"1996","chr3",119500695,119504021,6.4
"1997","chr4",48684673,48710698,3.66666666666667
"1998","chr17",16381925,16382152,3
"1999","chr3",149846011,149895560,1.7
"2000","chrM",5901,6057,5.4
"2001","chr11",65499719,65499844,2.63333333333333
"2002","chr1",40189055,40202614,3.5
"2003","chr6",31863555,31869637,5.66666666666667
"2004","chr1",58527261,58539310,1.9
"2005","chr3",47037666,47046621,2.46666666666667
"2006","chrM",7859,7942,1.83333333333333
"2007","chr6",145888020,145894977,2.73333333333333
"2008","chr3",172251260,172307501,1.66666666666667
"2009","chr11",85990250,86031611,1.86666666666667
"2010","chr5",131677703,131709272,2.3
"2011","chr5",36953618,36986301,2.1
"2012","chr1",167966629,167975015,2
"2013","chr4",37631385,37638504,9.46666666666667
"2014","chr5",132892164,132893118,2.83333333333333
"2015","chr5",179705679,179710065,3.06666666666667
"2016","chr1",58506060,58536741,4.3
"2017","chr9",112250929,112252788,1.9
"2018","chr11",118583809,118584644,3.8
"2019","chr15",44615363,44620403,3.76666666666667
"2020","chr12",120154970,120155719,7.4
"2021","chr9",33971651,33973237,3
"2022","chr2",210153495,210154611,3.86666666666667
"2023","chr12",100282943,100298175,7.36666666666667
"2024","chr9",83677727,83686155,2.16666666666667
"2025","chr8",73673107,73688813,5.83333333333333
"2026","chrM",4037,4126,3.63333333333333
"2027","KI270733.1",129406,174940,9.1
"2028","chr12",50427762,50429090,1.96666666666667
"2029","chr21",8396136,8440803,1.83333333333333
"2030","chr2",199348701,199433514,7.36666666666667
"2031","chr6",100798713,100805880,1.7
"2032","chr1",632617,632684,9.8
"2033","chr9",125657651,125672643,1.96666666666667
"2034","chr11",66639700,66640123,2.33333333333333
"2035","chr11",65504865,65505057,2.8
"2036","chr1",13731000,13742157,1.76666666666667
"2037","chr5",123545417,123575963,3.36666666666667
"2038","chrM",8666,8818,3.73333333333333
"2039","chr8",47279862,47294030,2.83333333333333
"2040","chr22",20933779,20934244,5.86666666666667
"2041","chr8",30474779,30504436,2.03333333333333
"2042","chr1",160323431,160332557,5
"2043","chr11",14771937,14789242,3.06666666666667
"2044","chr15",85067014,85083644,2.66666666666667
"2045","chr10",11997672,12014184,2.8
"2046","chr22",27894555,27914347,2.7
"2047","chr1",23397546,23418017,2.13333333333333
"2048","chr11",57491224,57491862,4.06666666666667
"2049","chr20",2947982,2965202,2.4
"2050","chr4",177353308,177360677,6.16666666666667
"2051","chr11",73707420,73720899,3.43333333333333
"2052","chr2",202464809,202467689,8.26666666666667
"2053","chrM",6628,6966,3.4
"2054","chr21",44855210,44861271,3.2
"2055","chr7",92294889,92307656,2.56666666666667
"2056","chrM",11318,11572,2.9
"2057","chr7",70762870,70771644,1.93333333333333
"2058","chr3",195959183,195960086,11.0666666666667
"2059","chrM",9063,9198,7.3
"2060","chr1",206928970,206929285,4.93333333333333
"2061","chr12",31442775,31447769,2.4
"2062","chr7",106097690,106099282,1.93333333333333
"2063","chr17",62680454,62680777,3
"2064","chr16",70258980,70262524,1.8
"2065","chr17",59839768,59839895,3.16666666666667
"2066","chr11",65499967,65500162,1.7
"2067","chr14",21230319,21234229,11.5
"2068","chr14",50148285,50150230,1.9
"2069","chr4",75790150,75790797,1.76666666666667
"2070","chr7",105062164,105081797,1.96666666666667
"2071","chr17",63760914,63766194,1.6
"2072","chr12",32598497,32601423,2.36666666666667
"2073","chr5",10415488,10417404,6.8
"2074","chr1",236806144,236816543,3.16666666666667
"2075","chr1",632618,632689,1.8
"2076","chr20",41533050,41551360,2.3
"2077","chr13",49167244,49175541,2.2
"2078","chr2",121605701,121606180,3.6
"2079","chrM",11950,12012,9.63333333333333
"2080","chr9",4286038,4286523,4
"2081","chr3",138570318,138571356,9.76666666666667
"2082","chr11",65500511,65500593,6.2
"2083","chr15",42260958,42268032,2.83333333333333
"2084","chr20",32366384,32369123,10.1333333333333
"2085","chr10",31373018,31461237,1.66666666666667
"2086","chr7",33146242,33177591,1.63333333333333
"2087","chrM",11950,12016,5.2
"2088","chr1",197642711,197715074,1.76666666666667
"2089","chr2",88801099,88804880,12.2
"2090","chr1",224952670,225007544,1.76666666666667
"2091","chrM",9059,9172,2.2
"2092","chrM",12573,12686,2.93333333333333
"2093","chr2",71396141,71418639,3.56666666666667
"2094","chr14",39033517,39033642,3.5
"2095","chr11",65499640,65499720,3.66666666666667
"2096","chr15",67231814,67236820,5.46666666666667
"2097","chr13",112516440,112527484,3.06666666666667
"2098","chr8",28155942,28162078,3.7
"2099","chr15",94298201,94298730,3.06666666666667
"2100","chr16",85633914,85634132,7.83333333333333
"2101","chr1",13715541,13749487,2.03333333333333
"2102","chr3",146121112,146124229,6.76666666666667
"2103","chr2",110545069,110545631,4.56666666666667
"2104","chr7",66127704,66134374,2.36666666666667
"2105","chr7",92294889,92327900,12
"2106","chrX",119871899,119872000,2.23333333333333
"2107","chr7",8218305,8236005,2.16666666666667
"2108","chr11",34090179,34092056,3.73333333333333
"2109","chr11",18291442,18292976,6.3
"2110","chr2",48328561,48346751,2.96666666666667
"2111","chrM",9059,9183,15.0666666666667
"2112","chr3",183070999,183071357,1.9
"2113","chr11",108227595,108235834,2.53333333333333
"2114","chr10",94441896,94443423,1.53333333333333
"2115","chr14",49825867,49831361,2.96666666666667
"2116","chr1",245915530,245929937,1.83333333333333
"2117","chr5",88220563,88245792,2.83333333333333
"2118","chr11",13413530,13445181,3.33333333333333
"2119","chr15",32857015,32902040,1.86666666666667
"2120","chr7",100993950,100997453,1.5
"2121","chr17",67945409,67948306,5.53333333333333
"2122","chr11",65500467,65500734,1.83333333333333
"2123","chrM",11753,11848,3.33333333333333
"2124","chr15",74671455,74675142,1.8
"2125","chr1",155438327,155439068,6.3
"2126","chr14",20343315,20343397,1.96666666666667
"2127","chr11",65500863,65501193,2.23333333333333
"2128","chr2",233388257,233390483,1.86666666666667
"2129","chrM",7691,7798,5.13333333333333
"2130","chrX",53614534,53615835,4.03333333333333
"2131","chrX",44524002,44527365,4.13333333333333
"2132","chr8",98706467,98707311,7.06666666666667
"2133","chr14",49586800,49862676,2.33333333333333
"2134","chr14",49586806,49862645,2.5
"2135","chr11",65500461,65500587,1.56666666666667
"2136","chr8",60741259,60743097,3.16666666666667
"2137","chr14",39276934,39279537,4.8
"2138","chr1",9931891,9934860,15.1
"2139","chr10",97436417,97437750,5.46666666666667
"2140","chr2",47377014,47379969,5.13333333333333
"2141","chrM",10510,10603,1.53333333333333
"2142","chr7",99493040,99494631,9.33333333333333
"2143","chrX",101041317,101042312,3.26666666666667
"2144","chr12",82369387,82403130,3.73333333333333
"2145","chr1",169978085,170031975,3.5
"2146","chr11",65500578,65500650,1.96666666666667
"2147","chr20",21209594,21209838,2.46666666666667
"2148","chr8",30101898,30104486,3.03333333333333
"2149","chr18",62348168,62349937,8.26666666666667
"2150","chr8",130152736,130169067,3.46666666666667
"2151","chr22",29978442,29998857,1.63333333333333
"2152","chrM",5401,5510,3.83333333333333
"2153","chr6",107921797,107929514,2.8
"2154","chr2",8908621,8958642,15.0333333333333
"2155","chr4",102304317,102324998,4.4
"2156","chr12",120782655,120810886,1.63333333333333
"2157","chr11",65499285,65499483,4.9
"2158","chrM",6810,7009,7.2
"2159","chr8",140585119,140605914,1.6
"2160","chr11",65499628,65499727,2.16666666666667
"2161","chr7",100992313,101000193,2.93333333333333
"2162","chr4",87195324,87195690,26.2333333333333
"2163","chrM",10287,10394,1.93333333333333
"2164","chr10",32565558,32584304,2.66666666666667
"2165","chrM",3439,3555,2.5
"2166","chrM",6002,6216,2.6
"2167","chr2",69358329,69363670,2.56666666666667
"2168","chr11",62527877,62528863,2.06666666666667
"2169","chr11",65499823,65499932,2.13333333333333
"2170","chr15",101235082,101235577,2.73333333333333
"2171","chr16",88027483,88038011,5.86666666666667
"2172","chr3",155833468,155842619,2.9
"2173","chr10",84438512,84477664,8.53333333333333
"2174","chrM",13020,13121,3.3
"2175","chr3",149846011,149912083,2.2
"2176","chr4",165219934,165263359,3.2
"2177","chr9",20819796,20823115,5.36666666666667
"2178","chr1",206928687,206928815,1.8
"2179","chr6",111262257,111263946,3.13333333333333
"2180","chr18",44949881,44953340,4.83333333333333
"2181","chr2",95148885,95153259,4.46666666666667
"2182","chr2",232787151,232796222,2.7
"2183","chr1",155721517,155726019,1.73333333333333
"2184","chr9",96320998,96324169,2.53333333333333
"2185","chr1",233198939,233208689,1.56666666666667
"2186","chr4",1900626,1939778,1.9
"2187","chr1",45640210,45642499,9
"2188","chr7",104188251,104204234,1.9
"2189","chr2",88857294,88857416,2.5
"2190","chr5",43675511,43677806,2
"2191","chrM",5902,6084,4.96666666666667
"2192","chr9",133019662,133019842,2.13333333333333
"2193","chr1",32030298,32033334,2.2
"2194","chr9",93471141,93476338,11.7333333333333
"2195","chr16",47497399,47515601,10.6
"2196","chr9",33948374,33953474,2.23333333333333
"2197","chr11",65499691,65499742,6.83333333333333
"2198","chr3",141512163,141540609,1.73333333333333
"2199","chr12",120782655,120791557,4.33333333333333
"2200","chr7",101004558,101004725,3.6
