"","ID","dcc_mean","ciri2_mean"
"1","chr1:104785950-104795565",2.2,2.8
"2","chr1:104792188-104821976",3.93333333333333,6.8
"3","chr1:114304821-114311513",2.33333333333333,2.4
"4","chr1:116643750-116660509",1.33333333333333,1.86666666666667
"5","chr1:126188351-126195625",3.73333333333333,4.73333333333333
"6","chr1:126573474-126583015",10.2,18.7333333333333
"7","chr1:127025462-127025957",5.26666666666667,22.6
"8","chr1:128239552-128243030",12.5333333333333,20.3333333333333
"9","chr1:128501692-128526760",1.6,2.2
"10","chr1:128978104-128978649",4.6,5.53333333333333
"11","chr1:134843160-134848903",4.6,5.6
"12","chr1:137247124-137264458",5,7.73333333333333
"13","chr1:139943398-139956356",15.6666666666667,17.8666666666667
"14","chr1:140131618-140142798",4.26666666666667,5.33333333333333
"15","chr1:143143055-143143524",3.73333333333333,4.53333333333333
"16","chr1:143712491-143718900",4.8,5.73333333333333
"17","chr1:143712491-143723739",6.53333333333333,8.6
"18","chr1:150830996-150846872",2.2,5.13333333333333
"19","chr1:150871108-150887461",1.26666666666667,1.73333333333333
"20","chr1:150887401-150961642",3.13333333333333,4.66666666666667
"21","chr1:150937283-150961642",1.4,1.66666666666667
"22","chr1:154405931-154425509",4.13333333333333,4.86666666666667
"23","chr1:154405931-154447475",5.53333333333333,9.46666666666667
"24","chr1:154406807-154418787",2.2,2.8
"25","chr1:154439745-154447475",3,5.13333333333333
"26","chr1:15488392-15494771",11.5333333333333,19.4666666666667
"27","chr1:15488392-15514085",0.466666666666667,0.466666666666667
"28","chr1:15488392-15526167",2.06666666666667,2.86666666666667
"29","chr1:161928871-161932898",1.93333333333333,1.93333333333333
"30","chr1:163203870-163216364",3.66666666666667,6.8
"31","chr1:164025518-164064815",5.66666666666667,21.0666666666667
"32","chr1:164046102-164064815",5.13333333333333,22.9333333333333
"33","chr1:164931730-164947123",22.5333333333333,31.6666666666667
"34","chr1:165366392-165367044",0.866666666666667,1
"35","chr1:165646261-165654319",4.73333333333333,13.6666666666667
"36","chr1:166208849-166259335",3.06666666666667,2.8
"37","chr1:166351174-166368428",11.2,22.4
"38","chr1:166351174-166378796",1.86666666666667,2.8
"39","chr1:166378662-166385907",5.93333333333333,8.26666666666667
"40","chr1:174609600-174613577",3.86666666666667,4.73333333333333
"41","chr1:175200414-175218889",2.46666666666667,2.53333333333333
"42","chr1:175252582-175284224",1.6,1.46666666666667
"43","chr1:185263914-185267832",3.06666666666667,4.13333333333333
"44","chr1:190980864-190991049",26.4666666666667,75.6666666666667
"45","chr1:192952650-192955267",4.26666666666667,7.93333333333333
"46","chr1:198429807-198432232",2.53333333333333,2.73333333333333
"47","chr1:198932174-198934500",2.13333333333333,5.46666666666667
"48","chr1:198994747-198995342",4.26666666666667,6.53333333333333
"49","chr1:201183051-201188802",3.53333333333333,6.33333333333333
"50","chr1:201523375-201524041",2.8,4.2
"51","chr1:203272587-203286711",4.46666666666667,11.3333333333333
"52","chr1:204773090-204780713",1.6,2.33333333333333
"53","chr1:204959173-204961691",24.6,64.8
"54","chr1:204960841-204980121",3.73333333333333,5.2
"55","chr1:20961258-20962540",3.06666666666667,4
"56","chr1:21142145-21164430",2.8,5.33333333333333
"57","chr1:217779008-217782988",7.26666666666667,12
"58","chr1:220032746-220034697",0.733333333333333,1
"59","chr1:220039308-220040146",2.2,3.8
"60","chr1:220039308-220049075",4.46666666666667,6.73333333333333
"61","chr1:220047471-220049075",44.3333333333333,77.6666666666667
"62","chr1:221158617-221158790",40.5333333333333,51.6666666666667
"63","chr1:234383455-234538951",7.33333333333333,7.86666666666667
"64","chr1:235750193-235761819",1.93333333333333,2.73333333333333
"65","chr1:238998947-239014340",2.33333333333333,2.26666666666667
"66","chr1:243373401-243376079",2.33333333333333,3.66666666666667
"67","chr1:246472167-246476440",1.06666666666667,1.2
"68","chr1:246648294-246649407",3.33333333333333,4.66666666666667
"69","chr1:246648294-246657760",3.66666666666667,4.66666666666667
"70","chr1:247711959-247745292",1.46666666666667,1.66666666666667
"71","chr1:247922780-247960553",2.66666666666667,3.46666666666667
"72","chr1:247944245-247945662",5.13333333333333,7.26666666666667
"73","chr1:247944245-247960553",8.46666666666667,11.8
"74","chr1:251262192-251269854",4.46666666666667,5.33333333333333
"75","chr1:251455609-251463748",3.93333333333333,9.6
"76","chr1:252539423-252547611",1.46666666666667,2.53333333333333
"77","chr1:253120469-253148277",4.66666666666667,5.26666666666667
"78","chr1:253147925-253148277",8.86666666666667,13.5333333333333
"79","chr1:260498142-260507970",2,2.33333333333333
"80","chr1:260791756-260801171",2.4,3.33333333333333
"81","chr1:261347528-261350203",1.93333333333333,2.53333333333333
"82","chr1:264674065-264689905",2,3.13333333333333
"83","chr1:265331904-265401005",4.2,4.6
"84","chr1:265518157-265524404",4.86666666666667,5.6
"85","chr1:275999821-276141673",27.9333333333333,28.7333333333333
"86","chr1:276011500-276141673",21.1333333333333,15.0666666666667
"87","chr1:278580846-278594581",6.86666666666667,9.86666666666667
"88","chr1:278580846-278620822",7.33333333333333,8.8
"89","chr1:278580846-278749829",2.66666666666667,3.53333333333333
"90","chr1:278698312-278731755",4.46666666666667,5.2
"91","chr1:278698312-278749829",3.86666666666667,5.26666666666667
"92","chr1:279235046-279248435",0.866666666666667,0.733333333333333
"93","chr1:281834156-281857037",3.93333333333333,7.4
"94","chr1:282490425-282498880",2.06666666666667,2.26666666666667
"95","chr1:28362167-28391305",1.33333333333333,1.2
"96","chr1:2839790-2849731",2,4.06666666666667
"97","chr1:36417425-36419485",2.53333333333333,2.86666666666667
"98","chr1:41787939-41796360",1.06666666666667,1.06666666666667
"99","chr1:47030544-47032563",2.26666666666667,4
"100","chr1:47030544-47077979",2.13333333333333,2.33333333333333
"101","chr1:56366809-56370833",1.2,1.93333333333333
"102","chr1:6804365-6816920",3.13333333333333,3.8
"103","chr1:6804365-6819230",0.8,0.666666666666667
"104","chr1:88586311-88592011",2.46666666666667,2.86666666666667
"105","chr1:91873487-91879026",2.73333333333333,3.4
"106","chr1:92039556-92043956",3.06666666666667,3.53333333333333
"107","chr10:106264856-106265494",4.8,7.4
"108","chr10:108486117-108494849",4.86666666666667,3.26666666666667
"109","chr10:110101466-110101880",9.86666666666667,12
"110","chr10:110495072-110508344",1.4,2.13333333333333
"111","chr10:110680099-110690679",2.86666666666667,7.8
"112","chr10:11626519-11627228",5.26666666666667,7.4
"113","chr10:16724062-16727861",3.53333333333333,4.13333333333333
"114","chr10:16724062-16730140",45,60.9333333333333
"115","chr10:16769713-16774652",2.4,3.06666666666667
"116","chr10:18218676-18238682",1.46666666666667,1.73333333333333
"117","chr10:18326421-18402658",1.13333333333333,0.8
"118","chr10:29318809-29319752",4.73333333333333,45.7333333333333
"119","chr10:29318809-29330456",3.4,5.06666666666667
"120","chr10:30980709-30988908",1.8,2.13333333333333
"121","chr10:30980709-30993573",6.6,8.73333333333333
"122","chr10:35815476-35819778",9.33333333333333,14.8
"123","chr10:35876013-35876397",4.2,6.73333333333333
"124","chr10:35876034-35876397",2.26666666666667,4.33333333333333
"125","chr10:37764317-37764822",2,3.2
"126","chr10:38622808-38633058",5.86666666666667,8.33333333333333
"127","chr10:43227922-43229953",3,3.73333333333333
"128","chr10:43504523-43509133",3.13333333333333,3.53333333333333
"129","chr10:4624614-4629886",8.2,12.7333333333333
"130","chr10:46771409-46776306",1.6,2.93333333333333
"131","chr10:46824807-46826650",2.2,2.93333333333333
"132","chr10:48460656-48470732",2.86666666666667,2.06666666666667
"133","chr10:51724607-51739115",28.4,44.8666666666667
"134","chr10:57549452-57549919",1.8,2.8
"135","chr10:57549452-57563686",1.53333333333333,1.93333333333333
"136","chr10:57551345-57563686",0.8,0.6
"137","chr10:57610281-57611309",1.66666666666667,1.93333333333333
"138","chr10:57634023-57634588",5.4,7.26666666666667
"139","chr10:59294314-59298784",6,13.1333333333333
"140","chr10:59423266-59441831",4.66666666666667,5.8
"141","chr10:61207781-61217982",2.53333333333333,2.73333333333333
"142","chr10:61461420-61498597",2.86666666666667,3.26666666666667
"143","chr10:61464686-61498597",4.8,7.13333333333333
"144","chr10:61476849-61483913",2.13333333333333,3.93333333333333
"145","chr10:61882916-61885796",7.13333333333333,10.5333333333333
"146","chr10:62566642-62581037",1.86666666666667,3.13333333333333
"147","chr10:62623758-62664462",26.6,82.0666666666667
"148","chr10:63840631-63841166",3.26666666666667,3.86666666666667
"149","chr10:63908528-63915032",2.6,3.73333333333333
"150","chr10:65025196-65026738",1.86666666666667,2.53333333333333
"151","chr10:66595570-66597359",3.93333333333333,4.4
"152","chr10:66891013-66900528",2,2.13333333333333
"153","chr10:67965487-67982051",15.7333333333333,21
"154","chr10:71322147-71323079",1.46666666666667,1.73333333333333
"155","chr10:776697-783836",4.06666666666667,5.86666666666667
"156","chr10:77765225-77772738",5.2,6.73333333333333
"157","chr10:77769631-77772738",1,1.2
"158","chr10:81736165-81755839",1.86666666666667,2.13333333333333
"159","chr10:81798931-81799587",2.26666666666667,3.33333333333333
"160","chr10:85169572-85172858",5.93333333333333,9.6
"161","chr10:86175962-86195240",8.26666666666667,9.8
"162","chr10:86222510-86227004",2.6,5.93333333333333
"163","chr10:91965974-91973005",0.866666666666667,0.866666666666667
"164","chr10:92474821-92476192",21.1333333333333,26.1333333333333
"165","chr10:93451477-93483645",2.4,2.93333333333333
"166","chr10:94083626-94187819",11.7333333333333,414.466666666667
"167","chr10:94292693-94314584",2.33333333333333,2.53333333333333
"168","chr10:94307816-94320863",4.86666666666667,8.6
"169","chr10:94615617-94617077",4.26666666666667,4.86666666666667
"170","chr10:96672236-96679543",3.86666666666667,17.4666666666667
"171","chr11:24479964-24498116",7.13333333333333,8.06666666666667
"172","chr11:24491881-24498116",3.2,3.26666666666667
"173","chr11:24547990-24550752",4.33333333333333,5.8
"174","chr11:31723564-31733245",3.33333333333333,4.46666666666667
"175","chr11:31943121-31955266",2.33333333333333,3
"176","chr11:31974630-31979720",1.66666666666667,1.46666666666667
"177","chr11:34060062-34073206",4.06666666666667,7.4
"178","chr11:34065892-34070810",3.8,4.33333333333333
"179","chr11:34495233-34500943",10.2666666666667,12.6
"180","chr11:34611539-34614139",12.1333333333333,28.4666666666667
"181","chr11:34611539-34616155",1.2,1.73333333333333
"182","chr11:34612627-34614139",25.8,105.266666666667
"183","chr11:34612627-34616155",4.6,6.26666666666667
"184","chr11:34612627-34631134",15.8666666666667,29
"185","chr11:34631080-34738852",6.06666666666667,8.46666666666667
"186","chr11:34861207-34879143",5.26666666666667,10.8
"187","chr11:57442466-57454443",6.8,9.73333333333333
"188","chr11:60383243-60388137",2.93333333333333,3.86666666666667
"189","chr11:60646798-60656478",2.93333333333333,4.26666666666667
"190","chr11:60943399-60956337",1.66666666666667,1.93333333333333
"191","chr11:61121301-61122547",7.33333333333333,15.5333333333333
"192","chr11:68722906-68725314",3.46666666666667,5
"193","chr11:68722906-68730129",4.26666666666667,5.73333333333333
"194","chr11:69636827-69640718",1.53333333333333,1.8
"195","chr11:69785001-69837765",1.93333333333333,3.13333333333333
"196","chr11:70086253-70096544",11.2666666666667,16.1333333333333
"197","chr11:70570466-70585055",7.06666666666667,8.33333333333333
"198","chr11:71069746-71074618",5.93333333333333,7.26666666666667
"199","chr11:74759325-74786639",4.53333333333333,6
"200","chr11:83939845-83940879",10.7333333333333,16.1333333333333
"201","chr11:84369373-84379343",2.4,2.13333333333333
"202","chr11:84619089-84633565",10.4,13.8
"203","chr11:84619089-84638229",3.33333333333333,5.73333333333333
"204","chr11:84632585-84638229",2.53333333333333,4.46666666666667
"205","chr11:86824053-86834088",1.8,2.13333333333333
"206","chr11:87898055-87899561",4.46666666666667,6.73333333333333
"207","chr11:89108654-89110961",6.26666666666667,7.26666666666667
"208","chr11:89155750-89180448",1.6,1.4
"209","chr11:89175425-89180448",37.6,45.8666666666667
"210","chr11:89316354-89332868",4.33333333333333,5.2
"211","chr11:89316354-89341959",1.33333333333333,1.26666666666667
"212","chr12:10527308-10534434",15.6666666666667,19.0666666666667
"213","chr12:14608110-14703546",0.866666666666667,1.06666666666667
"214","chr12:14654706-14703546",3.26666666666667,3.93333333333333
"215","chr12:15075273-15098764",6.13333333333333,8.2
"216","chr12:1793318-1793869",3.06666666666667,3.26666666666667
"217","chr12:22237823-22238433",3.66666666666667,5.26666666666667
"218","chr12:24271680-24273857",1.2,2.26666666666667
"219","chr12:24285582-24285875",2.13333333333333,2.53333333333333
"220","chr12:24505864-24511621",1.73333333333333,1.93333333333333
"221","chr12:24513410-24524704",4.46666666666667,5.13333333333333
"222","chr12:25001615-25002399",1.2,0.933333333333333
"223","chr12:25431710-25435591",8.2,15.3333333333333
"224","chr12:29985632-29988732",5.06666666666667,7.13333333333333
"225","chr12:30082881-30083826",5.66666666666667,6.06666666666667
"226","chr12:40329454-40332371",7.53333333333333,16.4666666666667
"227","chr12:40388299-40397763",24.1333333333333,14.7333333333333
"228","chr12:43501060-43510832",2.2,4.2
"229","chr12:43501060-43576734",10.8,13.8666666666667
"230","chr12:43576497-43576734",4.66666666666667,5.66666666666667
"231","chr12:47286246-47292049",5.8,8.53333333333333
"232","chr12:51582921-51584301",10.5333333333333,13.8666666666667
"233","chr12:51582921-51592889",1.93333333333333,2.46666666666667
"234","chr12:51960260-51961629",1.8,2.26666666666667
"235","chr12:5593776-5632155",1.2,2.8
"236","chr12:5603316-5604016",4.4,6.6
"237","chr12:5646166-5654694",2.33333333333333,2.73333333333333
"238","chr12:628708-632694",5.33333333333333,6
"239","chr12:628708-636629",5.66666666666667,7.4
"240","chr12:6404013-6419916",1.13333333333333,1.53333333333333
"241","chr12:9061581-9062262",7.73333333333333,21.5333333333333
"242","chr12:9229552-9240810",2.93333333333333,3.93333333333333
"243","chr12:9256476-9313769",17.0666666666667,22.3333333333333
"244","chr12:9273125-9313769",24.1333333333333,27.9333333333333
"245","chr12:9297691-9313769",23.3333333333333,35.2666666666667
"246","chr12:9309987-9313769",16.6666666666667,21.5333333333333
"247","chr13:100347405-100353039",4.53333333333333,5.53333333333333
"248","chr13:100885656-100893577",4.33333333333333,7.06666666666667
"249","chr13:100885656-100893629",2,3.46666666666667
"250","chr13:101502509-101503027",1.86666666666667,2.46666666666667
"251","chr13:101732743-101738842",1.8,2.73333333333333
"252","chr13:105693583-105701842",2.26666666666667,2.13333333333333
"253","chr13:105699059-105701842",4.6,7
"254","chr13:109457218-109471561",3.33333333333333,4.13333333333333
"255","chr13:113832448-113836291",0.6,2.53333333333333
"256","chr13:113832448-113844645",1.53333333333333,1.6
"257","chr13:113832448-113847832",3.93333333333333,4.2
"258","chr13:26277463-26280241",3.4,5.33333333333333
"259","chr13:26826515-26836657",2,2.6
"260","chr13:34399886-34400364",2.13333333333333,2.6
"261","chr13:34515329-34528874",3.53333333333333,5.33333333333333
"262","chr13:34519015-34528874",0.866666666666667,0.866666666666667
"263","chr13:35597462-35608096",4,5.26666666666667
"264","chr13:41898165-41907307",3.46666666666667,5.26666666666667
"265","chr13:56114438-56129496",3.53333333333333,11.1333333333333
"266","chr13:57044027-57047903",4.26666666666667,6
"267","chr13:69016108-69031223",1.46666666666667,2.06666666666667
"268","chr13:73203187-73265813",0.866666666666667,0.933333333333333
"269","chr13:73615097-73622224",19.2,26.6
"270","chr13:75177963-75192743",2.13333333333333,2.2
"271","chr13:76979427-77004245",7.26666666666667,14.1333333333333
"272","chr13:83862000-83863692",2,2
"273","chr13:86424477-86451001",2.33333333333333,3.6
"274","chr13:89211389-89229970",2.46666666666667,3.33333333333333
"275","chr13:95120752-95128782",2.33333333333333,2.86666666666667
"276","chr13:95193009-95196402",6.8,9.73333333333333
"277","chr13:95914250-95932651",2.6,3.46666666666667
"278","chr13:97022518-97023051",2.66666666666667,3.86666666666667
"279","chr13:98386342-98403224",10.3333333333333,20
"280","chr14:10419799-10420720",1.73333333333333,2.33333333333333
"281","chr14:104268362-104277402",1.93333333333333,2.13333333333333
"282","chr14:106153575-106161579",1.73333333333333,4
"283","chr14:106492370-106500203",4.73333333333333,8.4
"284","chr14:108013275-108020828",7.13333333333333,15.1333333333333
"285","chr14:108446849-108456923",9.4,36.4666666666667
"286","chr14:113906516-113922713",2.26666666666667,2.46666666666667
"287","chr14:15086543-15091475",10.3333333333333,22.9333333333333
"288","chr14:37228632-37254001",8.66666666666667,10.3333333333333
"289","chr14:37228632-37262083",5.46666666666667,6.33333333333333
"290","chr14:37238505-37254001",5.46666666666667,6.8
"291","chr14:37238505-37262083",8.06666666666667,10.7333333333333
"292","chr14:37552177-37583161",2.06666666666667,2.4
"293","chr14:4178531-4182331",3,3.33333333333333
"294","chr14:43420839-43430679",3.93333333333333,6.13333333333333
"295","chr14:43420839-43461320",3.86666666666667,6.33333333333333
"296","chr14:43511710-43517916",2.6,4.46666666666667
"297","chr14:44440261-44456717",6.66666666666667,9.26666666666667
"298","chr14:45668936-45683858",4.6,4.86666666666667
"299","chr14:45668936-45691895",5.6,6.26666666666667
"300","chr14:60573253-60586776",1.4,2.33333333333333
"301","chr14:60581951-60586776",2.66666666666667,3.33333333333333
"302","chr14:6608144-6622491",1.13333333333333,1.6
"303","chr14:6612028-6622491",4.53333333333333,5.93333333333333
"304","chr14:69800154-69819258",6.66666666666667,11.5333333333333
"305","chr14:71861197-71877488",3.26666666666667,7.06666666666667
"306","chr14:71861197-71884876",4.73333333333333,6.73333333333333
"307","chr14:7186515-7190518",9.66666666666667,38.1333333333333
"308","chr14:79953865-79974054",1.46666666666667,1.46666666666667
"309","chr14:81267948-81280976",3.4,4
"310","chr14:81556164-81560858",1.53333333333333,2.13333333333333
"311","chr14:82168512-82171569",18.1333333333333,23.2
"312","chr14:82168512-82184087",1.8,2.86666666666667
"313","chr14:83236400-83236920",2.46666666666667,3.66666666666667
"314","chr14:84739856-84766181",2.93333333333333,4.46666666666667
"315","chr14:85059667-85061960",2.93333333333333,3.06666666666667
"316","chr14:88724076-88725530",4.4,5.93333333333333
"317","chr14:9421418-9440942",2,2.53333333333333
"318","chr15:108315938-108318732",5.73333333333333,8.26666666666667
"319","chr15:109125713-109141568",6.26666666666667,16.6666666666667
"320","chr15:23605382-23606634",2.8,3.13333333333333
"321","chr15:23792824-23793342",11.8,58
"322","chr15:23840157-23853169",2.93333333333333,3.26666666666667
"323","chr15:25331703-25333342",2.06666666666667,2.73333333333333
"324","chr15:2849126-2867333",9.53333333333333,11.4666666666667
"325","chr15:2965953-2966833",1.66666666666667,2
"326","chr15:34277381-34277914",2.2,2.8
"327","chr15:34428289-34428656",2.26666666666667,2.93333333333333
"328","chr15:36823412-36828644",2.06666666666667,2.73333333333333
"329","chr15:38130856-38151304",0.933333333333333,0.866666666666667
"330","chr15:41008529-41011344",4.33333333333333,5.26666666666667
"331","chr15:44533258-44539992",1.13333333333333,0.666666666666667
"332","chr15:51822314-51823271",2.33333333333333,3.4
"333","chr15:51936366-51944899",8.66666666666667,10.4
"334","chr15:51936366-51954838",2.06666666666667,2.33333333333333
"335","chr15:55485728-55488198",1.46666666666667,1.66666666666667
"336","chr15:6349802-6464312",5.53333333333333,7.06666666666667
"337","chr15:6464170-6464312",1.4,1.4
"338","chr15:70790038-70792497",2.33333333333333,2.53333333333333
"339","chr15:70790038-70819895",1.4,1.33333333333333
"340","chr15:837322-852690",2.4,3.33333333333333
"341","chr15:88651499-88659273",4.46666666666667,6.26666666666667
"342","chr16:11046372-11051389",2.06666666666667,2.53333333333333
"343","chr16:21142668-21143130",1.66666666666667,2.13333333333333
"344","chr16:2115374-2126628",8.26666666666667,12.5333333333333
"345","chr16:2138232-2171786",2.53333333333333,5.13333333333333
"346","chr16:23555919-23600154",10.9333333333333,24.6
"347","chr16:26628565-26633439",4.86666666666667,6
"348","chr16:3060713-3064512",18.2,26.1333333333333
"349","chr16:3060713-3072642",13.3333333333333,17
"350","chr16:3068022-3072642",2.13333333333333,2.06666666666667
"351","chr16:32120310-32121085",1.2,1.26666666666667
"352","chr16:40469880-40483041",1.73333333333333,1.66666666666667
"353","chr16:49367616-49369496",1.33333333333333,2.06666666666667
"354","chr16:62023411-62056753",11.7333333333333,20.4
"355","chr16:71013767-71016529",4.46666666666667,6.33333333333333
"356","chr16:71849834-71853546",3.13333333333333,3.4
"357","chr16:74219791-74228826",5.13333333333333,8.4
"358","chr16:7438795-7463395",5.46666666666667,9.06666666666667
"359","chr16:7577726-7586144",5.6,7.2
"360","chr17:12322146-12352876",3.33333333333333,8.26666666666667
"361","chr17:16124900-16129065",9.66666666666667,17.4
"362","chr17:18369555-18375993",1.2,1.13333333333333
"363","chr17:19160994-19321551",3.26666666666667,3.8
"364","chr17:24032670-24045965",8.6,10
"365","chr17:26968192-26969252",2.26666666666667,2.33333333333333
"366","chr17:27592203-27602936",10.2,13.2666666666667
"367","chr17:29730437-29731094",37.0666666666667,48.7333333333333
"368","chr17:29730437-29757605",11.5333333333333,13.6
"369","chr17:34787652-34799549",3.6,4.06666666666667
"370","chr17:36113611-36121325",1.33333333333333,0.933333333333333
"371","chr17:52477332-52555114",12.8,15.4
"372","chr17:53963185-53968528",1.8,1.93333333333333
"373","chr17:54298407-54301447",5.6,20.3333333333333
"374","chr17:5429865-5436758",3.93333333333333,4.13333333333333
"375","chr17:5511386-5548199",4.8,6.4
"376","chr17:5511386-5571375",3.4,6.33333333333333
"377","chr17:5514017-5571375",3.46666666666667,5.53333333333333
"378","chr17:5524117-5548199",3.73333333333333,6.13333333333333
"379","chr17:5524117-5571375",2.73333333333333,4.6
"380","chr17:5532157-5571375",4.73333333333333,6.33333333333333
"381","chr17:55367271-55374136",4.06666666666667,5.33333333333333
"382","chr17:5555491-5571375",8.6,26
"383","chr17:599906-610676",1.6,1.66666666666667
"384","chr17:63849305-63879166",7.4,8.66666666666667
"385","chr17:63860368-63879166",2.33333333333333,2.8
"386","chr17:65855661-65896119",2.13333333333333,1.93333333333333
"387","chr17:6857810-6864981",1.8,1.73333333333333
"388","chr17:694609-739440",2,3.86666666666667
"389","chr17:694609-764010",2.2,2.4
"390","chr17:70309152-70310609",14,17.3333333333333
"391","chr17:76245627-76265943",27.0666666666667,23.6666666666667
"392","chr17:78922772-78942311",3.53333333333333,3.66666666666667
"393","chr17:79345740-79391846",5.73333333333333,7.8
"394","chr17:79367996-79391846",8.6,11.8
"395","chr17:79367996-79561626",12.7333333333333,19.2
"396","chr17:79573257-79612177",6.06666666666667,10.4
"397","chr17:79573257-79644806",3,3.46666666666667
"398","chr17:79609613-79612177",6.06666666666667,7.86666666666667
"399","chr17:79609613-79644806",5.06666666666667,6.26666666666667
"400","chr17:79740146-79777211",10.7333333333333,14.9333333333333
"401","chr17:79761095-79777211",3.4,4.6
"402","chr17:79761095-79789485",6.13333333333333,6.86666666666667
"403","chr17:80521386-80529452",8.4,16.2666666666667
"404","chr17:81173780-81187710",12.1333333333333,15.2666666666667
"405","chr17:81177595-81187710",30.8,37.2666666666667
"406","chr17:83502435-83539887",1.4,2.33333333333333
"407","chr17:83567831-83589045",1.93333333333333,2.26666666666667
"408","chr17:84855705-84901793",8.86666666666667,12.9333333333333
"409","chr17:84872804-84888911",2.53333333333333,3.4
"410","chr17:84888802-84904355",0.866666666666667,0.666666666666667
"411","chr17:85036937-85057912",7.73333333333333,9.93333333333333
"412","chr17:87758882-87760775",9.46666666666667,15.6666666666667
"413","chr17:87758882-87771508",8.66666666666667,12.4666666666667
"414","chr17:90327972-90334785",2.93333333333333,3.86666666666667
"415","chr17:9912158-9929565",7.6,10.2666666666667
"416","chr18:1337228-1354828",2.53333333333333,3.06666666666667
"417","chr18:14595550-14610978",4.86666666666667,6.06666666666667
"418","chr18:14595550-14616707",5.06666666666667,8.26666666666667
"419","chr18:1803205-1819028",3.33333333333333,2.4
"420","chr18:2445774-2446986",7.33333333333333,10.4666666666667
"421","chr18:27261576-27278436",2.4,2.66666666666667
"422","chr18:29409770-29412096",1.53333333333333,1.2
"423","chr18:29633808-29634585",8.2,13.1333333333333
"424","chr18:307052-312848",6.6,9.13333333333333
"425","chr18:31461554-31463598",5.53333333333333,7.13333333333333
"426","chr18:36244090-36271261",1.2,7
"427","chr18:48443339-48443646",3.53333333333333,8.33333333333333
"428","chr18:48443339-48505167",4.13333333333333,7
"429","chr18:48443339-48508708",10.5333333333333,29.4
"430","chr18:48443339-48521166",6.4,33.8666666666667
"431","chr18:48443339-48531023",3.46666666666667,12.4666666666667
"432","chr18:48853173-48874963",3.8,5.73333333333333
"433","chr18:59190041-59192425",3.66666666666667,4.06666666666667
"434","chr18:6047215-6051719",5.6,8.26666666666667
"435","chr18:61323689-61340634",3.86666666666667,12.8666666666667
"436","chr18:63784568-63786264",3.86666666666667,5.06666666666667
"437","chr18:63784568-63844188",6.8,12.6666666666667
"438","chr18:63843748-63844188",5.13333333333333,8.33333333333333
"439","chr18:69634006-69657373",3.8,5
"440","chr18:69642130-69657373",4.46666666666667,7.66666666666667
"441","chr18:69647502-69657373",9.8,13.8666666666667
"442","chr18:69654505-69657373",3.26666666666667,8.53333333333333
"443","chr18:70254197-70255206",5.06666666666667,10.6666666666667
"444","chr18:71136036-71149287",9.13333333333333,14.7333333333333
"445","chr18:71141382-71149287",2.53333333333333,4.13333333333333
"446","chr18:72571325-72597936",2.93333333333333,4
"447","chr18:72571325-72611211",1.86666666666667,2.06666666666667
"448","chr18:73479863-73490210",1.33333333333333,1.26666666666667
"449","chr18:73479863-73498648",2.6,3.06666666666667
"450","chr18:75203861-75207308",8.73333333333333,12.0666666666667
"451","chr18:75429814-75430443",32.9333333333333,54.8666666666667
"452","chr18:77512807-77520779",7.06666666666667,8.53333333333333
"453","chr18:79530861-79532387",3.73333333333333,4.13333333333333
"454","chr18:81289815-81428974",3.2,4.6
"455","chr18:81724770-81726644",2,2.66666666666667
"456","chr19:12691066-12713398",2.26666666666667,2.66666666666667
"457","chr19:19872833-19874612",1.13333333333333,1.13333333333333
"458","chr19:22143683-22179584",10.7333333333333,13.6666666666667
"459","chr19:22158621-22179584",9.73333333333333,11.1333333333333
"460","chr19:22373973-22382073",6.8,9.53333333333333
"461","chr19:2506536-2521388",1.46666666666667,1.73333333333333
"462","chr19:25866615-25886887",1.73333333333333,2.26666666666667
"463","chr19:25886356-25886887",533.933333333333,700
"464","chr19:25886356-25903940",7.53333333333333,10.4
"465","chr19:30869716-30870010",4.06666666666667,5.33333333333333
"466","chr19:32214551-32215127",3.13333333333333,3.73333333333333
"467","chr19:32527921-32528958",3.06666666666667,3.86666666666667
"468","chr19:34249087-34272192",3.13333333333333,3.73333333333333
"469","chr19:34270069-34305849",6.6,11.6666666666667
"470","chr19:34270069-34312530",2.26666666666667,3.53333333333333
"471","chr19:34298523-34312530",3.46666666666667,4.53333333333333
"472","chr19:37135068-37156867",4,7.46666666666667
"473","chr19:37135068-37156898",3.73333333333333,7.2
"474","chr19:38057557-38062193",1.26666666666667,1.33333333333333
"475","chr19:39164242-39195019",2.93333333333333,4.06666666666667
"476","chr19:42781069-42920390",2.53333333333333,2.93333333333333
"477","chr19:42856166-42920390",10.8666666666667,15.8666666666667
"478","chr19:42911935-42920390",11.7333333333333,18.2
"479","chr19:42917629-42920390",1.86666666666667,2.06666666666667
"480","chr19:43119868-43124021",5.33333333333333,8.53333333333333
"481","chr19:49158646-49159228",4.53333333333333,5.53333333333333
"482","chr19:54786578-54790907",2.86666666666667,4.06666666666667
"483","chr19:54803498-54815443",1.8,1.8
"484","chr19:56187917-56195289",2.53333333333333,3.93333333333333
"485","chr2:104882050-104908155",1.53333333333333,1.66666666666667
"486","chr2:113177840-113192625",2.66666666666667,5.86666666666667
"487","chr2:113177840-113198013",3.93333333333333,7.46666666666667
"488","chr2:113322714-113345579",1,1.33333333333333
"489","chr2:113739689-113745181",5,6.26666666666667
"490","chr2:113739689-113747247",2.66666666666667,5.13333333333333
"491","chr2:113744312-113745181",1.73333333333333,2.6
"492","chr2:113744312-113761334",1.73333333333333,1.8
"493","chr2:117666300-117666646",7.8,8.93333333333333
"494","chr2:11780889-11790870",2.66666666666667,4.86666666666667
"495","chr2:123163417-123170775",4.4,5.53333333333333
"496","chr2:123582304-123600232",1.4,1.6
"497","chr2:123597469-123600232",1.6,2.06666666666667
"498","chr2:128562842-128636642",6.4,10.2666666666667
"499","chr2:128599095-128636642",1.93333333333333,2.6
"500","chr2:140357774-140387503",5,6
"501","chr2:140366057-140387503",8.86666666666667,11.8
"502","chr2:141024600-141026192",3.06666666666667,3.73333333333333
"503","chr2:144876416-144917472",2.4,2.8
"504","chr2:150838385-150846727",3.73333333333333,6.6
"505","chr2:154520979-154532393",4,4.93333333333333
"506","chr2:157066595-157082251",13,21.6666666666667
"507","chr2:166406958-166423542",2.06666666666667,2
"508","chr2:171170990-171172517",3.2,4.33333333333333
"509","chr2:174336857-174342089",13,15.0666666666667
"510","chr2:183520240-183542215",5.4,6.53333333333333
"511","chr2:18514668-18531203",4.6,5.6
"512","chr2:187525295-187532740",5.53333333333333,9.26666666666667
"513","chr2:187527683-187529234",2.93333333333333,5.53333333333333
"514","chr2:188269009-188286112",6.26666666666667,9
"515","chr2:188298849-188309036",1.86666666666667,1.86666666666667
"516","chr2:188301023-188309036",9.46666666666667,26.2
"517","chr2:188301023-188330330",6.93333333333333,10.2
"518","chr2:188308301-188309036",1.6,1.53333333333333
"519","chr2:188348239-188364907",3.13333333333333,3.6
"520","chr2:188485333-188486213",2.06666666666667,2.6
"521","chr2:195768840-195795666",2.33333333333333,2.33333333333333
"522","chr2:197906758-197913548",1.93333333333333,3.8
"523","chr2:199880862-199882743",4.26666666666667,5.13333333333333
"524","chr2:20488617-20531444",7.26666666666667,14.7333333333333
"525","chr2:20507150-20531444",10.2666666666667,22.2666666666667
"526","chr2:206956638-206976810",7.6,11.8666666666667
"527","chr2:209143856-209152642",5.06666666666667,5.86666666666667
"528","chr2:21915465-21921128",1.46666666666667,1.26666666666667
"529","chr2:22264781-22267377",1.2,1.13333333333333
"530","chr2:223285167-223304322",9,11.9333333333333
"531","chr2:224794357-224803455",3.4,4.66666666666667
"532","chr2:226925637-226926225",12.4,22.2
"533","chr2:226925637-226942478",2.53333333333333,3.4
"534","chr2:22950023-22964734",7.2,12.7333333333333
"535","chr2:231078900-231128709",2.93333333333333,4.66666666666667
"536","chr2:23399715-23410608",10.8666666666667,18.0666666666667
"537","chr2:238023879-238038227",8.4,9.26666666666667
"538","chr2:24067948-24083767",2.93333333333333,4.06666666666667
"539","chr2:240854068-240867796",18.2,29.2
"540","chr2:247429495-247446708",2.6,2.86666666666667
"541","chr2:247836113-247883725",6.06666666666667,7.33333333333333
"542","chr2:247853847-247883725",7,11.0666666666667
"543","chr2:247883196-247894081",13.6666666666667,27.8666666666667
"544","chr2:252807923-252811538",2.26666666666667,3.73333333333333
"545","chr2:257626382-257634977",3.4,4.53333333333333
"546","chr2:258868022-258932200",4.8,5.26666666666667
"547","chr2:27326041-27333634",3.46666666666667,4.93333333333333
"548","chr2:27713879-27755789",2.8,5.53333333333333
"549","chr2:2903491-2918203",14.3333333333333,16.8666666666667
"550","chr2:29105950-29114770",3.33333333333333,4.53333333333333
"551","chr2:33252541-33258660",3.26666666666667,4.46666666666667
"552","chr2:33933956-33955969",2.66666666666667,3.46666666666667
"553","chr2:33950934-33955969",32.2,45.2666666666667
"554","chr2:34373875-34404958",6.66666666666667,11.9333333333333
"555","chr2:34373875-34476222",2.53333333333333,3.26666666666667
"556","chr2:34373875-34503654",1.66666666666667,3.06666666666667
"557","chr2:34396320-34404958",2.73333333333333,3.53333333333333
"558","chr2:34396320-34434762",1.86666666666667,2.8
"559","chr2:34476081-34503654",3.2,4.73333333333333
"560","chr2:34491467-34503654",5.53333333333333,9.73333333333333
"561","chr2:34491467-34517560",5.26666666666667,8.93333333333333
"562","chr2:34491467-34534125",2.33333333333333,2.46666666666667
"563","chr2:35086861-35104742",1.8,2.53333333333333
"564","chr2:38006903-38014366",3.6,2.93333333333333
"565","chr2:38096882-38097500",4.86666666666667,4.13333333333333
"566","chr2:38096882-38110573",4.06666666666667,4.6
"567","chr2:44554761-44564131",5.73333333333333,9
"568","chr2:45778706-45813991",1.86666666666667,1.66666666666667
"569","chr2:45801786-45859187",2.86666666666667,3.93333333333333
"570","chr2:47139938-47143309",1.73333333333333,1.8
"571","chr2:47139938-47146434",1.93333333333333,2.33333333333333
"572","chr2:49109238-49112006",3.2,4.66666666666667
"573","chr2:56061126-56069928",2.86666666666667,3.4
"574","chr2:5636554-5640909",6.86666666666667,10.7333333333333
"575","chr2:56451097-56456188",12.1333333333333,26.1333333333333
"576","chr2:62955690-62973365",1.73333333333333,1.46666666666667
"577","chr2:80215799-80234308",8.26666666666667,11.9333333333333
"578","chr2:80226167-80234308",5.26666666666667,9
"579","chr2:86868285-86964272",3.73333333333333,8.4
"580","chr2:93460344-93495152",1.06666666666667,1.2
"581","chr2:93488471-93495152",3.73333333333333,4.93333333333333
"582","chr2:94708675-94720889",6.8,6.53333333333333
"583","chr2:94716330-94720889",0.4,2.53333333333333
"584","chr20:14319170-14326640",10.3333333333333,16.2666666666667
"585","chr20:27278618-27279990",8.13333333333333,10.0666666666667
"586","chr20:27409750-27415954",4.4,14
"587","chr20:32513668-32523997",3,3.4
"588","chr20:32513668-32537033",6.53333333333333,7
"589","chr20:34646376-34656748",2.4,2.73333333333333
"590","chr20:43092420-43093954",7.66666666666667,13.7333333333333
"591","chr20:50659751-50687868",2.86666666666667,8.86666666666667
"592","chr20:5129033-5131408",5.73333333333333,12.8666666666667
"593","chr20:5972508-5975676",1.8,2.93333333333333
"594","chr20:7363740-7372069",2.73333333333333,5.06666666666667
"595","chr3:111250424-111251407",2.53333333333333,4
"596","chr3:112752502-112762808",2.6,3.13333333333333
"597","chr3:112896028-112899649",12.6,15.0666666666667
"598","chr3:11394659-11396393",2.8,4.6
"599","chr3:117374371-117382881",2.2,3.53333333333333
"600","chr3:118399578-118409116",0.933333333333333,0.933333333333333
"601","chr3:119264196-119265879",9.13333333333333,13.6666666666667
"602","chr3:123077758-123078115",2.33333333333333,3.53333333333333
"603","chr3:123819852-123833222",4.8,5.86666666666667
"604","chr3:123825681-123833222",3.13333333333333,3.6
"605","chr3:13270114-13288615",1.73333333333333,1.73333333333333
"606","chr3:133108204-133122763",4.4,5.33333333333333
"607","chr3:13510410-13522529",13.8666666666667,38.2
"608","chr3:13510410-13602354",1.73333333333333,1.73333333333333
"609","chr3:136874645-136896550",1.86666666666667,3.26666666666667
"610","chr3:140058428-140061239",3.73333333333333,5.4
"611","chr3:140598632-140616459",2.8,3.53333333333333
"612","chr3:140598632-140622850",2.26666666666667,2.26666666666667
"613","chr3:140614866-140622850",3.53333333333333,4.4
"614","chr3:148837814-148852242",1.13333333333333,1
"615","chr3:150348098-150382703",3.13333333333333,4.13333333333333
"616","chr3:15042229-15042609",4.86666666666667,8.73333333333333
"617","chr3:152322366-152324968",1.26666666666667,1.66666666666667
"618","chr3:156775155-156778136",3.93333333333333,4.4
"619","chr3:157028112-157040380",3,4.53333333333333
"620","chr3:157039863-157040380",15.1333333333333,22.4
"621","chr3:160491308-160495240",2.33333333333333,3.2
"622","chr3:163592872-163595055",5.8,7.4
"623","chr3:166743545-166746478",3.93333333333333,10.3333333333333
"624","chr3:176914734-176926722",1.2,1.06666666666667
"625","chr3:21878521-21904269",5.06666666666667,6.2
"626","chr3:2762162-2764477",2.4,3.13333333333333
"627","chr3:33465220-33467909",3.06666666666667,3.4
"628","chr3:33465220-33503687",2.26666666666667,3
"629","chr3:3413579-3414759",11.4666666666667,14.4666666666667
"630","chr3:3512475-3517163",2.8,3.66666666666667
"631","chr3:38609106-38614592",2.4,4.2
"632","chr3:54509941-54566332",3.13333333333333,5.4
"633","chr3:54547246-54566332",4.6,11
"634","chr3:55888291-55898385",4.6,6
"635","chr3:58866313-58874195",0.933333333333333,0.666666666666667
"636","chr3:59678949-59680308",9.46666666666667,13.9333333333333
"637","chr3:61781151-61813898",1.73333333333333,3.93333333333333
"638","chr3:62666948-62675261",4.06666666666667,5.2
"639","chr3:62719200-62733674",4.33333333333333,8.6
"640","chr3:6464953-6472752",6.33333333333333,9
"641","chr3:7456433-7475230",2.13333333333333,3.93333333333333
"642","chr3:81121255-81143240",8.86666666666667,13.5333333333333
"643","chr3:81127393-81143240",16.4,188.2
"644","chr3:81127393-81159096",5,10.8
"645","chr3:8887351-8892631",3.4,5.4
"646","chr3:91713775-91725977",4.73333333333333,6
"647","chr3:94396940-94398038",41.4666666666667,46.6
"648","chr3:94736244-94745177",6.4,7.46666666666667
"649","chr4:100760040-100783015",1.2,1.2
"650","chr4:10775672-10777395",4.4,6.73333333333333
"651","chr4:115104274-115106428",26.4666666666667,31.1333333333333
"652","chr4:115636561-115643263",2.6,4.13333333333333
"653","chr4:115840469-115843272",4.2,14.2
"654","chr4:117422680-117446827",4.6,6.4
"655","chr4:125762257-125789911",5.4,6.93333333333333
"656","chr4:131366412-131382968",3.73333333333333,4.6
"657","chr4:131439626-131453028",14.2666666666667,18.6
"658","chr4:140870957-140876764",4,6.66666666666667
"659","chr4:147527096-147528435",1.93333333333333,2.33333333333333
"660","chr4:150781208-150803194",2.53333333333333,5.06666666666667
"661","chr4:151118221-151123637",29.4666666666667,38.9333333333333
"662","chr4:151118221-151124504",4.46666666666667,6.53333333333333
"663","chr4:152265847-152274059",2.13333333333333,3.06666666666667
"664","chr4:152355108-152355930",2.53333333333333,3.6
"665","chr4:152526403-152536014",4,4.66666666666667
"666","chr4:152921913-152925673",6.2,9.33333333333333
"667","chr4:158103902-158108668",5.86666666666667,6.53333333333333
"668","chr4:168213382-168221653",2.06666666666667,2.13333333333333
"669","chr4:168219620-168221653",18.5333333333333,37
"670","chr4:168260038-168267184",5.73333333333333,5.53333333333333
"671","chr4:168296980-168297373",21.8666666666667,24.1333333333333
"672","chr4:168499186-168517342",15.5333333333333,19.8666666666667
"673","chr4:168514863-168517342",28.3333333333333,34.2666666666667
"674","chr4:171770056-171787877",4.73333333333333,5.26666666666667
"675","chr4:174810962-174816343",2.73333333333333,3.33333333333333
"676","chr4:176868013-176879489",2.8,5.86666666666667
"677","chr4:182811463-182817396",24.8666666666667,33.2
"678","chr4:22084945-22091386",4.2,7.13333333333333
"679","chr4:2546232-2564215",4.4,5
"680","chr4:27509136-27524886",6.06666666666667,14.8
"681","chr4:27509136-27537918",3.13333333333333,4.6
"682","chr4:28457541-28467072",2.66666666666667,3.46666666666667
"683","chr4:28474639-28514174",1.93333333333333,2.46666666666667
"684","chr4:28488037-28495139",2.26666666666667,3.8
"685","chr4:28488037-28520904",1.06666666666667,1.2
"686","chr4:38263240-38271681",4.8,6.4
"687","chr4:3972586-3976284",4.26666666666667,5.73333333333333
"688","chr4:49207203-49220556",4.6,14
"689","chr4:49207203-49287862",5.26666666666667,8.2
"690","chr4:49210934-49220556",2.8,5
"691","chr4:57387152-57396104",3.06666666666667,4.06666666666667
"692","chr4:58367537-58373168",2.53333333333333,3.33333333333333
"693","chr4:58714647-58725647",17.6,78.9333333333333
"694","chr4:58714647-58739890",6.06666666666667,15.2666666666667
"695","chr4:62617602-62619866",5,7.06666666666667
"696","chr4:6306138-6317357",3.66666666666667,4.33333333333333
"697","chr4:64889575-64899587",5.53333333333333,8.93333333333333
"698","chr4:64894605-64899587",5.33333333333333,5.8
"699","chr4:66172555-66200637",15.4,20.4
"700","chr4:66172555-66219277",7.66666666666667,11
"701","chr4:66172555-66232564",10.2666666666667,15.7333333333333
"702","chr4:66193731-66200637",3.13333333333333,5.33333333333333
"703","chr4:66193731-66214585",1.6,6.86666666666667
"704","chr4:66195236-66207619",1.13333333333333,1.33333333333333
"705","chr4:8120652-8149019",1.33333333333333,1.4
"706","chr4:8223840-8239403",13.8,16.8
"707","chr4:8223840-8241173",2.06666666666667,2.13333333333333
"708","chr4:8223840-8241220",5.26666666666667,6.2
"709","chr4:8223840-8242710",10.5333333333333,14.4666666666667
"710","chr4:82682367-82685493",1.8,2.4
"711","chr4:82682367-82692626",8.73333333333333,10.1333333333333
"712","chr4:85481108-85484856",3.73333333333333,4.4
"713","chr4:95892497-95912787",1.66666666666667,2.06666666666667
"714","chr4:96732982-96745521",7.66666666666667,13.0666666666667
"715","chr4:96732982-96767151",6.53333333333333,19.8
"716","chr4:96732982-96787475",8.33333333333333,39.6
"717","chr4:96736381-96787475",5.26666666666667,8.4
"718","chr4:96739878-96745521",6.26666666666667,10.6
"719","chr4:96739878-96767151",5.2,27.6666666666667
"720","chr4:96739878-96787475",9,19.2666666666667
"721","chr4:96744220-96767151",4.13333333333333,4.46666666666667
"722","chr4:96744220-96787475",2.93333333333333,3.46666666666667
"723","chr4:98988352-98989621",1.8,1.6
"724","chr4:99275917-99291251",5.8,7.53333333333333
"725","chr4:99489315-99494425",3.73333333333333,5.2
"726","chr5:100493404-100523952",3,4.26666666666667
"727","chr5:100493404-100640984",6.33333333333333,8.13333333333333
"728","chr5:100523899-100640984",3.73333333333333,6.4
"729","chr5:100640453-100640984",2.4,2.6
"730","chr5:103089622-103172127",2.13333333333333,2
"731","chr5:103106261-103172127",5.13333333333333,7.8
"732","chr5:103106261-103201011",5.8,8.4
"733","chr5:105114416-105114740",5.26666666666667,7.26666666666667
"734","chr5:105182877-105187360",5,10.5333333333333
"735","chr5:105185997-105187360",11.5333333333333,17.7333333333333
"736","chr5:106171074-106171781",1.13333333333333,2.8
"737","chr5:113794314-113803150",1.73333333333333,2.13333333333333
"738","chr5:116593430-116658945",1.73333333333333,3
"739","chr5:117716189-117725823",1.93333333333333,2.2
"740","chr5:119207376-119211535",2.46666666666667,3.86666666666667
"741","chr5:12156802-12172003",4.33333333333333,5.13333333333333
"742","chr5:12171585-12172003",3.46666666666667,5.4
"743","chr5:122659399-122678330",3.2,3.33333333333333
"744","chr5:127620259-127629649",2.93333333333333,4.13333333333333
"745","chr5:127620259-127635191",9.53333333333333,13.5333333333333
"746","chr5:128130304-128136348",1.8,2.13333333333333
"747","chr5:128327978-128337440",5.33333333333333,7.46666666666667
"748","chr5:128678699-128681202",7.06666666666667,13
"749","chr5:128714471-128733959",4.8,7.4
"750","chr5:129413066-129457884",3.26666666666667,5
"751","chr5:129621176-129647021",3.46666666666667,3.93333333333333
"752","chr5:13064947-13076754",0.666666666666667,0.466666666666667
"753","chr5:131765715-131787748",0.866666666666667,0.6
"754","chr5:135596270-135608345",2.13333333333333,2.6
"755","chr5:136420692-136447778",8.6,20.5333333333333
"756","chr5:136420692-136471341",15,22.6666666666667
"757","chr5:136420698-136447778",3.8,6.33333333333333
"758","chr5:136420698-136471341",2.93333333333333,3.66666666666667
"759","chr5:136437825-136447778",14.6666666666667,26.2666666666667
"760","chr5:136437825-136471341",12.2666666666667,23.9333333333333
"761","chr5:142152201-142154418",3.6,6.33333333333333
"762","chr5:14282912-14297862",2.6,3.13333333333333
"763","chr5:14282912-14314250",1.26666666666667,1
"764","chr5:144367260-144380803",8.13333333333333,10.2666666666667
"765","chr5:147482283-147483432",3.86666666666667,8.06666666666667
"766","chr5:148050939-148054556",4.53333333333333,8.86666666666667
"767","chr5:148050939-148057784",2.93333333333333,4.2
"768","chr5:148050939-148060187",3.6,5.13333333333333
"769","chr5:150850432-150865550",4.46666666666667,9.33333333333333
"770","chr5:151944769-151947717",38.1333333333333,45.2
"771","chr5:152619586-152621233",1.53333333333333,2.2
"772","chr5:154919349-154929004",1.06666666666667,0.866666666666667
"773","chr5:155691684-155709264",3.6,6.33333333333333
"774","chr5:155702728-155709264",3.33333333333333,4.4
"775","chr5:155850980-155851664",14.4666666666667,34.7333333333333
"776","chr5:156506448-156517254",2.13333333333333,2.6
"777","chr5:157863697-157864867",1.4,1.73333333333333
"778","chr5:159113203-159119213",4.13333333333333,14.8
"779","chr5:160127430-160128210",2,2.93333333333333
"780","chr5:160138672-160148528",11.8666666666667,19.0666666666667
"781","chr5:160187300-160188351",3.86666666666667,4.93333333333333
"782","chr5:166485517-166492515",4.26666666666667,8.4
"783","chr5:167455211-167455676",4,5.06666666666667
"784","chr5:167486001-167526275",8.06666666666667,14.5333333333333
"785","chr5:167516581-167526275",6.06666666666667,9.46666666666667
"786","chr5:167516581-167547741",2.93333333333333,5.26666666666667
"787","chr5:167516581-167558250",4.2,6.93333333333333
"788","chr5:171934969-171935318",1.73333333333333,2
"789","chr5:172949060-172965700",1.66666666666667,2.13333333333333
"790","chr5:2257913-2314821",1.46666666666667,1.8
"791","chr5:24464482-24478439",1.33333333333333,1.26666666666667
"792","chr5:24473219-24478439",2.2,2.06666666666667
"793","chr5:36040325-36046665",27.6666666666667,43.9333333333333
"794","chr5:36040325-36054615",5.93333333333333,8.06666666666667
"795","chr5:36043415-36046665",1.73333333333333,2.2
"796","chr5:40847502-40856420",4.8,5.73333333333333
"797","chr5:50318351-50319000",4.53333333333333,5.13333333333333
"798","chr5:50318351-50323609",3.26666666666667,5.13333333333333
"799","chr5:62081720-62093458",3.26666666666667,10.8
"800","chr5:73937165-73951450",3.53333333333333,3.93333333333333
"801","chr5:73937165-73955766",1.4,1.2
"802","chr5:73937165-73976112",2.26666666666667,2.8
"803","chr5:73961475-73976112",3.13333333333333,4.33333333333333
"804","chr5:74785868-74786848",1.06666666666667,3.53333333333333
"805","chr5:74954384-74956829",4.6,8.2
"806","chr5:75968777-75975620",2.73333333333333,3.86666666666667
"807","chr5:75999930-76011558",2.86666666666667,3.2
"808","chr5:7703776-7780390",10.1333333333333,11.8666666666667
"809","chr5:7763385-7764306",4.33333333333333,5.33333333333333
"810","chr5:7763385-7780390",5.6,7
"811","chr5:7777226-7798747",4.4,6.4
"812","chr5:7830490-7872679",3.06666666666667,4
"813","chr5:78495231-78516521",2.26666666666667,3.33333333333333
"814","chr5:8794167-8810643",2.33333333333333,2.26666666666667
"815","chr6:104798968-104831076",5.06666666666667,10.9333333333333
"816","chr6:104798968-104846483",10.7333333333333,18.7333333333333
"817","chr6:104828874-104846483",10.5333333333333,44.8666666666667
"818","chr6:104862169-104864968",3.13333333333333,3.46666666666667
"819","chr6:108797786-108802113",3.33333333333333,3.46666666666667
"820","chr6:10920914-10923681",3.46666666666667,7.73333333333333
"821","chr6:109742370-109745287",3.8,6.53333333333333
"822","chr6:12179226-12179776",7,8.73333333333333
"823","chr6:12179226-12194014",1.73333333333333,2.53333333333333
"824","chr6:122741264-122741693",1.8,2.26666666666667
"825","chr6:124625936-124677509",2.46666666666667,3.06666666666667
"826","chr6:124651885-124677509",3.4,4.2
"827","chr6:125438435-125594377",8.66666666666667,12.2
"828","chr6:125523808-125524984",5.4,7.26666666666667
"829","chr6:125523808-125553497",1.93333333333333,1.93333333333333
"830","chr6:125523808-125569718",3.93333333333333,5.26666666666667
"831","chr6:125523808-125594377",3.13333333333333,5.33333333333333
"832","chr6:125538240-125569718",4.53333333333333,5.66666666666667
"833","chr6:125538240-125594377",10.0666666666667,13.7333333333333
"834","chr6:125550201-125569718",7.86666666666667,9.13333333333333
"835","chr6:125568127-125569718",1.93333333333333,2.26666666666667
"836","chr6:125568127-125594377",4.6,6.53333333333333
"837","chr6:129864989-129890111",2.2,2.73333333333333
"838","chr6:135786660-135797661",8.46666666666667,11.6
"839","chr6:135790445-135797661",3.6,4.66666666666667
"840","chr6:136059672-136071884",2.66666666666667,3.66666666666667
"841","chr6:136059672-136084622",12.0666666666667,20.0666666666667
"842","chr6:136102013-136107031",3.33333333333333,7.46666666666667
"843","chr6:136430192-136436620",5.33333333333333,6.26666666666667
"844","chr6:137924572-137936007",1.4,3.8
"845","chr6:144189453-144275272",10.7333333333333,19.8666666666667
"846","chr6:144211592-144275272",36.3333333333333,139.733333333333
"847","chr6:1613963-1614878",13.7333333333333,19.0666666666667
"848","chr6:19003638-19012898",7.26666666666667,10.9333333333333
"849","chr6:21268305-21308087",2.33333333333333,2.33333333333333
"850","chr6:21301779-21308087",3.06666666666667,4
"851","chr6:21334766-21354603",32.1333333333333,40
"852","chr6:21539861-21540152",6.66666666666667,7.86666666666667
"853","chr6:22033342-22038870",5.53333333333333,9
"854","chr6:22362488-22407626",1.93333333333333,1.86666666666667
"855","chr6:22373412-22407626",2.26666666666667,3
"856","chr6:2599223-2605598",2.46666666666667,2.8
"857","chr6:27573046-27582987",2.46666666666667,2.8
"858","chr6:28022406-28051704",4.4,6.2
"859","chr6:28235696-28272697",3.06666666666667,3.33333333333333
"860","chr6:3324175-3334117",2,2.93333333333333
"861","chr6:3328492-3345418",1,1.53333333333333
"862","chr6:4278307-4315062",3.8,4.2
"863","chr6:4518806-4520635",41.8666666666667,50.6666666666667
"864","chr6:45526457-45537399",1.46666666666667,1
"865","chr6:53883229-53890985",0.933333333333333,0.866666666666667
"866","chr6:54522274-54530157",9.73333333333333,11.1333333333333
"867","chr6:60609626-60618957",5,8.33333333333333
"868","chr6:60609626-60633969",1.06666666666667,1.33333333333333
"869","chr6:72418120-72421935",4.13333333333333,6.53333333333333
"870","chr6:72418120-72430205",3.73333333333333,4.33333333333333
"871","chr6:72537858-72538290",2.2,3.6
"872","chr6:7547050-7572651",6.46666666666667,8.66666666666667
"873","chr6:76020953-76031336",2.53333333333333,3.06666666666667
"874","chr6:7623900-7698590",2.2,2.66666666666667
"875","chr6:76487880-76492176",17,25.1333333333333
"876","chr6:76491315-76492176",3.13333333333333,3.66666666666667
"877","chr6:76576170-76608864",1.26666666666667,1.86666666666667
"878","chr6:76591791-76599536",108.533333333333,129.133333333333
"879","chr6:76591791-76626199",2.33333333333333,3.13333333333333
"880","chr6:76613549-76626199",1.93333333333333,2.46666666666667
"881","chr6:76616895-76626199",2.26666666666667,3.06666666666667
"882","chr6:76620895-76626199",1.93333333333333,3.06666666666667
"883","chr6:828602-907083",1.73333333333333,1.53333333333333
"884","chr6:86842054-86849086",3.33333333333333,4.8
"885","chr6:871525-894714",3.53333333333333,4.26666666666667
"886","chr6:871525-907083",3.73333333333333,7
"887","chr6:91933750-91961861",3.33333333333333,3.53333333333333
"888","chr6:91938501-91961861",3.2,3.86666666666667
"889","chr6:9405093-9434931",16.4666666666667,21.2666666666667
"890","chr6:9421744-9434931",1.46666666666667,1.2
"891","chr6:96487054-96541680",1.4,1.46666666666667
"892","chr7:114608925-114611317",2.4,3.06666666666667
"893","chr7:118173410-118179266",1,0.8
"894","chr7:119987740-119990759",2.33333333333333,5.06666666666667
"895","chr7:120608346-120610489",5.2,6.86666666666667
"896","chr7:123709341-123715127",6.2,7.46666666666667
"897","chr7:124180911-124182706",3,4
"898","chr7:129696842-129708614",3,3.86666666666667
"899","chr7:130522030-130524289",3.53333333333333,6
"900","chr7:137274286-137281978",3.06666666666667,4.53333333333333
"901","chr7:138002505-138021168",2.06666666666667,2.66666666666667
"902","chr7:138739114-138820528",1.93333333333333,3.73333333333333
"903","chr7:2558105-2558739",7.73333333333333,9.2
"904","chr7:26522315-26526603",4.8,7
"905","chr7:28987514-28990116",2,3.13333333333333
"906","chr7:28987514-28992637",7.4,13.8
"907","chr7:29284390-29288495",3.93333333333333,5.26666666666667
"908","chr7:29286904-29288495",3.66666666666667,5.13333333333333
"909","chr7:30382502-30388657",5.2,7.33333333333333
"910","chr7:59556898-59587384",5.4,8.6
"911","chr7:60390972-60408823",2.46666666666667,2.8
"912","chr7:60397574-60408823",8,11.8666666666667
"913","chr7:60733754-60737965",3.86666666666667,6.73333333333333
"914","chr7:62899716-62931338",3.66666666666667,17.5333333333333
"915","chr7:62929510-62931338",13.4,19.2
"916","chr7:62929510-62949077",5.8,8.2
"917","chr7:64959567-64961215",11.3333333333333,13.4666666666667
"918","chr7:66743103-66747728",1.06666666666667,1.26666666666667
"919","chr7:71322606-71331115",0.733333333333333,0.666666666666667
"920","chr7:73808151-73848871",15.6666666666667,18.5333333333333
"921","chr7:73834044-73848871",31,40.1333333333333
"922","chr7:74258330-74259380",1.86666666666667,2.53333333333333
"923","chr7:76871323-76873445",1.33333333333333,1.66666666666667
"924","chr8:100006687-100026871",3.8,4.06666666666667
"925","chr8:104192886-104202285",7.13333333333333,7.93333333333333
"926","chr8:104199588-104202285",7.13333333333333,11.6666666666667
"927","chr8:104493052-104514522",27.1333333333333,33.8666666666667
"928","chr8:104504801-104514522",6.8,10.8
"929","chr8:116554093-116555206",1.73333333333333,1.53333333333333
"930","chr8:117144403-117150102",2.66666666666667,2.46666666666667
"931","chr8:117318623-117325025",4.4,9.33333333333333
"932","chr8:117318623-117334586",6.26666666666667,12.0666666666667
"933","chr8:119844188-119861690",1.86666666666667,2.4
"934","chr8:12160079-12161683",5.46666666666667,7.13333333333333
"935","chr8:123340909-123344508",3.13333333333333,4.8
"936","chr8:124353233-124355370",5.06666666666667,6.26666666666667
"937","chr8:127289436-127301219",4.46666666666667,6.6
"938","chr8:129123864-129133074",3.53333333333333,6.33333333333333
"939","chr8:129617811-129627374",5.53333333333333,12.4666666666667
"940","chr8:130006477-130031678",3.4,4.4
"941","chr8:130762665-130768360",9,17.5333333333333
"942","chr8:13085939-13090209",4.53333333333333,7.46666666666667
"943","chr8:19886208-19890764",11,14.8666666666667
"944","chr8:21481642-21490337",1.93333333333333,2.86666666666667
"945","chr8:21643844-21652864",1.66666666666667,1.6
"946","chr8:23508992-23560371",11.6,16.0666666666667
"947","chr8:26290097-26294259",14.1333333333333,17.5333333333333
"948","chr8:26290097-26303578",4.33333333333333,6.86666666666667
"949","chr8:28018432-28026404",27.4,36.4666666666667
"950","chr8:33252442-33279218",11.2,15.8666666666667
"951","chr8:33312321-33317709",8.66666666666667,12.6666666666667
"952","chr8:33312321-33335423",6,11.1333333333333
"953","chr8:33572918-33597389",4.73333333333333,6.4
"954","chr8:439822-456940",3.46666666666667,4.53333333333333
"955","chr8:45691134-45743143",6.6,42.7333333333333
"956","chr8:46716191-46723643",1.33333333333333,1.33333333333333
"957","chr8:46716191-46730691",11.4666666666667,14.8
"958","chr8:508994-509712",12.9333333333333,18.6
"959","chr8:5246848-5260696",1.93333333333333,2.06666666666667
"960","chr8:55398022-55402713",3.26666666666667,4.2
"961","chr8:60441497-60443706",1.73333333333333,2.13333333333333
"962","chr8:60814789-60817064",1.53333333333333,1.53333333333333
"963","chr8:60979824-61034811",1.33333333333333,1.73333333333333
"964","chr8:63332376-63335340",3.86666666666667,4.2
"965","chr8:64139289-64145423",2.33333333333333,3.2
"966","chr8:64205386-64214997",1.4,2.33333333333333
"967","chr8:64205386-64233082",4.06666666666667,10.8
"968","chr8:64635064-64648503",3.66666666666667,4.93333333333333
"969","chr8:64712695-64734479",8.66666666666667,13.6666666666667
"970","chr8:64724416-64749357",2.4,2.93333333333333
"971","chr8:64724416-64763815",9.73333333333333,11.7333333333333
"972","chr8:64739402-64749357",4.06666666666667,6.53333333333333
"973","chr8:65258584-65319417",0.733333333333333,0.666666666666667
"974","chr8:67019992-67021657",1.2,1.93333333333333
"975","chr8:68539308-68542150",5.93333333333333,7.6
"976","chr8:70194477-70206310",5.86666666666667,7.13333333333333
"977","chr8:70203322-70206310",21.4,29.2666666666667
"978","chr8:71336875-71337745",7.46666666666667,8.73333333333333
"979","chr8:72065616-72067595",4,5.13333333333333
"980","chr8:72138878-72148728",4.2,6.66666666666667
"981","chr8:73704074-73737419",1.53333333333333,1.4
"982","chr8:76897417-76904745",3.86666666666667,4.46666666666667
"983","chr8:78908446-78910847",2.06666666666667,2.86666666666667
"984","chr8:85436186-85444178",5.33333333333333,7.86666666666667
"985","chr8:87268950-87273285",1.53333333333333,2.93333333333333
"986","chr8:90470886-90483077",3.73333333333333,4.8
"987","chr8:94725468-94730732",2.8,5.06666666666667
"988","chr9:10773884-10775310",2.4,3.46666666666667
"989","chr9:110908611-110925546",3.26666666666667,4.13333333333333
"990","chr9:112005677-112008516",3.46666666666667,3.66666666666667
"991","chr9:11209034-11219449",3.2,10.0666666666667
"992","chr9:11217254-11219449",4.86666666666667,11.6
"993","chr9:112317485-112318444",4.53333333333333,5.4
"994","chr9:112317485-112342454",5.33333333333333,7.93333333333333
"995","chr9:112317485-112353641",1.6,1.73333333333333
"996","chr9:112406660-112412113",4.26666666666667,5.2
"997","chr9:113386175-113416653",7.13333333333333,9.2
"998","chr9:113534327-113545068",6.86666666666667,7.66666666666667
"999","chr9:113534378-113545068",1.86666666666667,2.46666666666667
"1000","chr9:113918918-113927885",3.2,54.3333333333333
"1001","chr9:119309035-119311107",2.6,3.73333333333333
"1002","chr9:119615345-119617261",2.33333333333333,2.6
"1003","chr9:121831708-121843361",5.46666666666667,9.06666666666667
"1004","chr9:121831708-121862897",2.73333333333333,4.13333333333333
"1005","chr9:1442054-1446134",2.26666666666667,2.8
"1006","chr9:1442054-1485363",6.66666666666667,11.1333333333333
"1007","chr9:1473647-1485363",7.33333333333333,11.9333333333333
"1008","chr9:37910962-37923009",4.93333333333333,6.4
"1009","chr9:38014670-38022569",7.33333333333333,8.46666666666667
"1010","chr9:38321692-38326937",4.86666666666667,9.8
"1011","chr9:45203455-45205627",5.4,8.2
"1012","chr9:46104677-46105695",2.13333333333333,2.66666666666667
"1013","chr9:46123188-46125984",2.13333333333333,2.66666666666667
"1014","chr9:50892486-50906966",2.93333333333333,4.93333333333333
"1015","chr9:51469347-51524024",2.06666666666667,2.53333333333333
"1016","chr9:52047552-52047844",0.8,1.53333333333333
"1017","chr9:54232163-54235344",5.26666666666667,8.66666666666667
"1018","chr9:54232163-54248877",5.33333333333333,8.86666666666667
"1019","chr9:61618320-61623019",2.26666666666667,2.73333333333333
"1020","chr9:65976760-65980632",1.46666666666667,1.4
"1021","chr9:66618610-66620541",3.46666666666667,6.53333333333333
"1022","chr9:66885432-66889912",1.46666666666667,1.6
"1023","chr9:66964853-66976610",2,2.33333333333333
"1024","chr9:66993271-66995647",4.26666666666667,5
"1025","chr9:67242046-67257543",2.33333333333333,3.33333333333333
"1026","chr9:69854064-69860576",2.2,3.4
"1027","chr9:71954951-71960153",3.46666666666667,4.2
"1028","chr9:73752937-73773659",3.6,4.53333333333333
"1029","chr9:73752937-73799430",4.4,4.73333333333333
"1030","chr9:73766839-73773659",7.93333333333333,9.93333333333333
"1031","chr9:73766839-73799430",29.4666666666667,34.8666666666667
"1032","chr9:73798311-73799430",53.7333333333333,64.0666666666667
"1033","chr9:75222546-75230161",2.4,2.8
"1034","chr9:81232085-81275269",2,3.06666666666667
"1035","chr9:81258380-81275269",11.8666666666667,16.8
"1036","chr9:82580816-82598718",3.26666666666667,6.73333333333333
"1037","chr9:88630024-88653711",5.8,6.86666666666667
"1038","chr9:92325183-92327598",3.66666666666667,3.86666666666667
"1039","chr9:94463647-94474809",5.33333333333333,8.4
"1040","chr9:94463647-94481167",11.1333333333333,131.533333333333
"1041","chr9:94463647-94504892",5,7.33333333333333
"1042","chr9:96769379-96775060",5.4,11.8666666666667
"1043","chr9:99266783-99267021",7.53333333333333,9.4
"1044","chrX:105071497-105074006",1.93333333333333,1.93333333333333
"1045","chrX:112033981-112050600",1.6,1.66666666666667
"1046","chrX:119115334-119117197",2.4,3.53333333333333
"1047","chrX:119152559-119152714",8.2,5.66666666666667
"1048","chrX:128202172-128205259",3.13333333333333,6.06666666666667
"1049","chrX:139736501-139737195",2.53333333333333,3.33333333333333
"1050","chrX:144328480-144330480",1.73333333333333,1.93333333333333
"1051","chrX:157320211-157323891",2.73333333333333,2.8
"1052","chrX:46725057-46754070",1.8,2.06666666666667
"1053","chrX:4876505-4898806",5.4,6.6
"1054","chrX:51692026-51794841",1.66666666666667,2.53333333333333
"1055","chrX:51713405-51794841",4.06666666666667,4.8
"1056","chrX:52581092-52679268",1.8,2
"1057","chrX:63177769-63182385",8.6,9.8
"1058","chrX:63177769-63195572",5.93333333333333,10.3333333333333
"1059","chrX:71119280-71121063",5.4,6.33333333333333
"1060","chrX:75174388-75174831",4.13333333333333,6.4
"1061","chrX:99728011-99758593",7.33333333333333,19.5333333333333
"1062","chrY:1126684-1153312",1,1.86666666666667
"1063","chrY:562326-562757",1.73333333333333,2
