"","ciri2_ids","dcc_ids"
"1","chr10:57634023-57634588","chr16:26628565-26633439"
"2","chr17:5537447-5571375","chr15:51822314-51823271"
"3","chr2:45801786-45859187","chr17:5524117-5571375"
"4","chr1:198429807-198432232","chr17:12322146-12352876"
"5","chr9:110908611-110925546","chr14:6612028-6622491"
"6","chr16:26628565-26633439","chr3:112896028-112899649"
"7","chr20:3196267-3282058","chr9:112317485-112353641"
"8","chr19:54803498-54822499","chr8:64724416-64763815"
"9","chr4:181396179-181412674","chr17:84872804-84888911"
"10","chr5:105114416-105114740","chr4:96732982-96767151"
"11","chr6:871525-894714","chr6:7623900-7698590"
"12","chr2:35086861-35104742","chr4:22084945-22091386"
"13","chr1:251455609-251463748","chr7:66743103-66747728"
"14","chr13:75177963-75192743","chr2:247836113-247883725"
"15","chr8:33252442-33279218","chr19:19333724-19342877"
"16","chr1:203286679-203317455","chr5:73937165-73955766"
"17","chr6:76576170-76608864","chr9:51469347-51524024"
"18","chr6:906886-907083","chr2:113203367-113203801"
"19","chr3:54455979-54566332","chr11:79693103-79693346"
"20","chr2:128599095-128636642","chr6:3324175-3334117"
"21","chr8:33572918-33597389","chr2:188298849-188309036"
"22","chr1:281834156-281857037","chr8:72824328-72825078"
"23","chr6:135790445-135797661","chr5:152136-152639"
"24","chr8:76897417-76904745","chr19:42781069-42920390"
"25","chr8:67019992-67021657","chr4:158103902-158108668"
"26","chr5:160138672-160148528","chr1:142755857-142766844"
"27","chr19:54803498-54815443","chr16:3060713-3072642"
"28","chr17:83567831-83589045","chr12:5743414-5743744"
"29","chr16:74219791-74228826","chr19:22143683-22179584"
"30","chr1:260498142-260507970","chrMT:7363-7454"
"31","chr6:22362488-22376735","chr1:221158214-221158288"
"32","chr2:33252541-33258660","chr15:6349802-6464312"
"33","chr18:48443339-48521166","chr8:63332376-63335340"
"34","chr16:20606480-20606895","chr10:77765225-77772738"
"35","chr1:165646261-165654319","chrX:119109035-119109793"
"36","chr1:246648294-246657760","chr1:221158178-221158228"
"37","chrX:75174388-75174831","chr3:157039863-157040380"
"38","chr18:81724770-81726644","chr2:38096882-38110573"
"39","chr5:36040325-36054615","chr1:225202130-225202330"
"40","chr6:12179226-12179776","chr10:20043379-20043460"
"41","chr4:96736381-96787475","chr1:41787939-41796360"
"42","chr2:22264781-22267377","chr9:73766839-73799430"
"43","chr15:2965953-2966833","chr16:23555919-23600154"
"44","chr15:2849126-2867333","chr5:90818736-90827570"
"45","chr1:1841452-1846589","chr14:84814399-84815409"
"46","chr6:3324175-3334117","chr2:33252541-33258660"
"47","chr17:79573257-79644806","chr19:22373973-22382073"
"48","chr8:70203322-70206310","chr7:141440384-141440585"
"49","chr19:34292209-34312530","chr10:43637683-43652760"
"50","chr2:209143856-209152642","chr8:63239745-63239919"
"51","chr2:34476081-34503654","chr10:845975-846239"
"52","chr4:632256-642336","chr8:64139289-64145423"
"53","chr1:244650351-244664389","chr12:25008872-25012091"
"54","chr11:34611539-34614139","chr2:34577937-34578047"
"55","chr14:113906516-113922713","chr11:86824053-86834088"
"56","chr9:81258380-81275269","chr4:179704611-179707414"
"57","chr5:103106261-103201011","chr4:99275917-99291251"
"58","chr18:72571325-72611211","chr18:44694209-44694262"
"59","chr10:38622808-38633058","chr4:8223840-8242710"
"60","chr5:167486001-167558250","chr7:140415833-140417547"
"61","chr12:628708-632694","chr12:628708-636629"
"62","chr20:50444171-50448905","chr1:218836671-218839594"
"63","chr14:85057352-85061960","chr17:694609-739440"
"64","chr13:101729059-101732557","chr6:144189453-144275272"
"65","chr9:1473647-1485363","chr13:83862000-83863692"
"66","chr8:127289436-127301219","chr8:117318623-117334586"
"67","chr17:18369555-18375993","chr8:104493052-104514522"
"68","chr12:24285582-24285875","chr1:253147925-253148277"
"69","chr1:127025462-127025957","chr10:48460656-48470732"
"70","chr10:91965974-91973005","chr3:140614866-140622850"
"71","chr4:66193731-66214585","chr8:60917720-60920949"
"72","chr3:94736244-94745177","chr1:177172066-177172263"
"73","chr9:75222546-75230161","chr5:103089622-103172127"
"74","chr5:105185997-105187360","chr7:120608346-120610489"
"75","chr14:45668936-45691895","chr18:63843748-63844188"
"76","chr4:66463926-66473208","chr1:204773090-204780713"
"77","chr2:2903491-2918203","chr1:46017758-46018818"
"78","chr13:109457218-109588736","chr5:6058283-6084027"
"79","chr10:4624614-4629886","chr5:116593430-116658945"
"80","chr4:22238040-22345152","chr7:140415139-140417547"
"81","chrX:52581092-52679268","chr11:24491881-24498116"
"82","chr3:118399578-118409116","chr11:34612627-34616155"
"83","chr12:6404013-6419916","chr1:221158192-221158255"
"84","chr17:65855661-65896119","chr18:307052-312848"
"85","chr17:24032670-24045965","chr14:82168512-82171569"
"86","chr14:6612028-6622491","chr1:150937283-150961642"
"87","chr2:231078900-231128709","chr16:80780733-80788988"
"88","chr14:81267948-81280976","chr10:49002448-49003062"
"89","chr1:217779008-217782988","chrMT:4478-4543"
"90","chr17:79761095-79789485","chr9:81204850-81208345"
"91","chr8:23508992-23560371","chr17:5555491-5571375"
"92","chr5:172949060-172965700","chr12:14654706-14703546"
"93","chr2:23399715-23410608","chr4:174810962-174816343"
"94","chr2:62955690-62956953","chrY:1126684-1153312"
"95","chr12:51582921-51584301","chr7:98016383-98017381"
"96","chr5:75968777-75975620","chr1:176920081-176920214"
"97","chr18:69642130-69657373","chr5:103106261-103201011"
"98","chrX:35344847-35352097","chr6:30631147-30631668"
"99","chr3:133108204-133122763","chr18:27261576-27278436"
"100","chr15:41008529-41011344","chr1:261347528-261350203"
"101","chr10:77765225-77772738","chr13:51876987-51877068"
"102","chr13:69016108-69031223","chr10:38622808-38633058"
"103","chr13:81156728-81162420","chr13:98386342-98403224"
"104","chr10:66595570-66597359","chr5:75999930-76011558"
"105","chr9:38321692-38326937","chr9:1473647-1485363"
"106","chr1:166208849-166259335","chrMT:6006-6226"
"107","chr14:69800154-69819258","chr5:156506448-156517254"
"108","chr1:253120469-253134791","chr17:2928274-3717786"
"109","chr14:79953865-79974054","chr17:694609-764010"
"110","chr8:130006477-130031678","chr8:125047301-125047441"
"111","chr2:188301023-188309036","chr12:15075273-15098764"
"112","chr12:24271680-24273857","chr8:67019992-67021657"
"113","chr12:24513410-24524704","chr13:51584446-51584674"
"114","chr9:53492939-53508890","chr10:34944570-34948876"
"115","chr11:34612627-34614139","chr14:33452541-33543244"
"116","chr11:34612627-34631134","chrX:46725057-46754070"
"117","chr3:61781151-61813898","chr12:14608110-14703546"
"118","chr19:12691066-12796904","chr8:46716191-46730691"
"119","chr9:11217254-11219449","chr4:96739878-96745521"
"120","chr9:73752937-73799430","chr4:100760040-100783015"
"121","chr13:68736732-68756721","chr14:37238505-37254001"
"122","chr6:125523808-125553497","chr9:69005057-69025070"
"123","chr13:69077866-69083366","chr1:177569617-177569872"
"124","chr2:197722898-197836197","chr15:23840157-23853169"
"125","chr8:87268950-87273285","chr1:166378662-166385907"
"126","chr1:78369712-78370333","chr10:98420461-98485193"
"127","chr4:64894605-64899587","chr4:31566617-31566739"
"128","chr9:50892486-50906966","chr2:113177840-113198013"
"129","chr4:82682367-82692626","chr5:135354650-135359472"
"130","chr1:99510577-99533851","chr13:95167819-95208329"
"131","chr5:12171585-12172003","chr10:61882916-61885796"
"132","chr5:13064947-13076754","chr6:19003638-19027905"
"133","chr16:3060713-3072642","chr18:81724770-81726644"
"134","chr18:48505040-48521166","chr11:31943121-31955266"
"135","chr5:12156802-12172003","chr19:25886356-25886887"
"136","chr2:188308301-188309036","chr14:69800154-69819258"
"137","chr1:15488392-15514085","chr1:88145614-88147210"
"138","chr19:39164242-39195019","chr17:55367271-55374136"
"139","chr5:144367260-144380803","chr8:56585375-56590733"
"140","chr1:36417425-36419485","chr17:599906-610676"
"141","chr15:108315938-108318732","chr1:143143055-143143524"
"142","chr5:148050939-148060187","chr8:33312321-33335423"
"143","chr6:22362488-22407626","chr9:92633470-92633974"
"144","chr7:129696842-129708614","chr1:221158100-221158227"
"145","chr17:83502435-83539887","chr17:79573257-79612177"
"146","chr10:48460656-48470732","chr19:52166168-52166499"
"147","chr2:34491467-34517560","chrX:157319616-157319683"
"148","chr1:220039308-220049075","chr9:113386175-113416653"
"149","chr5:127160496-127165240","chr3:148837814-148852242"
"150","chr9:119309035-119311107","chr9:78900746-78901459"
"151","chr8:129617811-129627374","chr17:87758882-87760775"
"152","chr1:222763689-222775140","chr8:21481642-21490337"
"153","chr6:10920914-10923681","chr16:85333905-85334060"
"154","chr7:64024698-64033477","chr7:123709341-123715127"
"155","chr9:112317485-112342454","chr9:113918918-113927885"
"156","chr2:113739689-113747247","chr1:177172061-177172258"
"157","chr6:38617368-38619590","chr17:9912158-9929565"
"158","chr12:5603316-5604016","chr7:28987514-28992637"
"159","chr1:114304821-114311513","chr3:119264196-119265879"
"160","chr8:60814789-60817064","chrX:157322647-157323317"
"161","chr13:76979427-77004245","chr5:7830490-7872679"
"162","chr7:120608346-120610489","chr1:260791756-260801171"
"163","chr3:21782079-21792112","chr4:34569949-34602713"
"164","chr15:23605382-23606634","chr4:168296980-168297373"
"165","chr2:140366057-140387503","chr5:127620259-127629649"
"166","chr5:136420698-136471341","chr5:152619586-152621233"
"167","chr3:117374371-117382881","chr1:104785950-104795565"
"168","chr12:5646166-5654694","chr2:166406958-166423542"
"169","chr4:31220330-31319352","chr16:49367616-49369496"
"170","chr7:30382502-30388657","chr4:176868013-176879489"
"171","chr6:136059672-136084622","chr6:124651885-124677509"
"172","chr10:106673704-106699402","chr1:239293164-239299795"
"173","chr4:157436084-157436365","chr19:22172781-22179584"
"174","chr14:37552177-37583161","chr19:22158621-22179584"
"175","chr6:72418120-72430205","chr16:40469880-40483041"
"176","chr17:694609-728329","chr17:52477332-52555114"
"177","chr2:248464229-248613351","chr3:61781151-61813898"
"178","chr1:201442093-201451005","chr1:192952650-192955267"
"179","chr3:33465220-33503687","chr4:31548414-31550688"
"180","chr17:29730437-29757605","chr14:43511710-43517916"
"181","chrX:46725057-46754070","chr1:221152613-221152815"
"182","chr5:159085217-159086263","chr7:118173410-118179266"
"183","chr5:122659399-122678330","chr20:4311414-4502852"
"184","chr15:51936366-51954838","chr2:252807923-252811538"
"185","chr3:8548854-8553003","chr12:9229552-9240810"
"186","chr9:112005677-112008516","chr11:89328437-89332868"
"187","chr10:92474821-92476192","chr12:5646166-5654694"
"188","chr2:22950023-22964734","chr5:166485517-166492515"
"189","chr14:83236400-83236920","chr12:25012082-25013556"
"190","chr3:2762162-2764477","chr1:278580846-278749829"
"191","chr12:24505864-24511621","chr1:253120469-253148277"
"192","chr14:71861197-71877488","chr10:37764317-37764822"
"193","chr4:152939743-152941737","chr2:86868285-86964272"
"194","chr2:11780889-11790870","chr2:209143856-209152642"
"195","chr2:33950934-33955969","chrX:71119280-71121063"
"196","chr10:81605735-81612625","chr9:45203455-45205627"
"197","chr18:73479863-73498648","chr2:247949321-247953356"
"198","chr19:42856166-42920390","chr3:160491308-160495240"
"199","chr4:27509136-27537918","chr6:137349485-137359178"
"200","chr2:188269009-188309036","chr1:225019523-225021984"
"201","chr18:307052-312848","chr6:125568127-125569718"
"202","chr2:27713879-27755789","chr11:87860912-87861175"
"203","chr8:50206189-50213003","chr5:155702728-155709264"
"204","chr13:56114438-56129496","chr5:36040325-36054615"
"205","chr1:234383455-234538951","chr8:132643106-132649724"
"206","chr3:123825681-123833222","chr13:105693583-105701842"
"207","chr12:9297691-9313769","chr1:274700623-274718538"
"208","chr7:29284390-29288495","chr13:78836820-78847234"
"209","chr11:69785001-69837765","chr6:136059672-136084622"
"210","chrX:137709443-137730239","chr7:129696842-129708614"
"211","chr2:127855809-127866380","chr18:32548750-32554731"
"212","chrX:51713405-51794841","chr17:85036937-85057912"
"213","chr18:1318740-1340371","chr2:38006903-38014366"
"214","chr10:94307816-94320863","chr9:46123188-46125984"
"215","chr14:43400193-43461320","chr18:36244090-36271261"
"216","chr7:28987514-28990116","chr1:165366392-165367044"
"217","chr10:30980709-30993573","chr2:188308301-188309036"
"218","chr1:20961258-20962540","chrX:4876505-4898806"
"219","chr8:116554093-116555206","chr13:85401003-85401929"
"220","chr6:904491-907083","chr11:57442466-57454443"
"221","chr20:4307892-4499169","chr11:69636827-69640718"
"222","chr1:235750193-235761819","chr1:275999821-276141673"
"223","chr14:15086543-15091475","chr15:23789604-23790098"
"224","chr2:113739689-113745181","chr6:135790445-135797661"
"225","chr3:15042229-15042609","chr10:62566642-62581037"
"226","chr5:2257913-2314821","chr15:38651172-38701205"
"227","chr19:32214551-32215127","chr20:4305049-4496815"
"228","chr16:62207671-62226896","chr5:74954384-74956829"
"229","chr10:626473-633049","chr18:72571325-72611211"
"230","chr11:84632585-84638229","chr6:76613549-76626199"
"231","chr11:69064518-69068514","chr16:83837020-83837215"
"232","chr6:45526457-45537399","chr2:2903491-2918203"
"233","chr12:9273125-9313769","chr9:112317485-112318444"
"234","chrX:128202172-128205259","chr19:12691066-12713398"
"235","chr20:3149071-3169368","chr17:65855661-65896119"
"236","chr8:64635064-64648503","chr2:247429495-247446708"
"237","chr11:34060062-34073206","chr2:154520979-154532393"
"238","chr2:257626382-257634977","chr14:6609033-6609087"
"239","chr6:108797786-108802113","chr9:11217254-11219449"
"240","chr10:51724607-51739115","chr2:123582304-123600232"
"241","chr9:46123188-46125984","chr10:18359720-18402658"
"242","chr8:104504801-104514522","chr2:188301023-188309036"
"243","chr2:20488617-20555751","chr1:221158375-221158533"
"244","chr10:110680099-110690679","chr6:72418120-72430205"
"245","chr10:63908528-63915032","chr2:218563041-218582780"
"246","chr9:94463647-94481167","chr8:93334030-93350656"
"247","chr19:22373973-22382073","chr19:42856166-42920390"
"248","chr2:56061126-56069928","chr1:201523375-201524041"
"249","chr12:47286246-47292049","chr10:64042077-64042262"
"250","chr8:23508992-23534941","chr18:31609901-31619788"
"251","chrX:4876505-4898806","chr15:55485728-55488198"
"252","chr2:34396320-34434762","chr5:171771433-171771960"
"253","chr19:19872833-19874612","chr13:101502509-101503027"
"254","chr9:30099113-30122634","chr14:44440261-44456717"
"255","chr16:23555919-23600154","chr5:155691684-155709264"
"256","chr3:140598632-140616459","chr8:64635064-64648503"
"257","chr2:43012575-43019867","chr14:46517863-46653954"
"258","chr6:104798968-104846483","chr20:4302487-4493390"
"259","chr5:75999930-76011558","chr1:243377224-243382726"
"260","chr1:253120469-253148277","chr13:113832448-113847832"
"261","chr3:81134588-81143240","chr7:114608925-114611317"
"262","chr3:140598632-140622850","chr8:125047309-125047449"
"263","chr5:73937165-73951450","chr20:3237658-3285900"
"264","chr1:278580846-278620822","chr10:35876034-35876397"
"265","chr18:75429814-75430443","chr2:113739689-113745181"
"266","chr12:37373844-37377849","chr16:21142668-21143130"
"267","chr19:34270069-34305849","chr3:21878521-21904269"
"268","chr3:54547246-54566332","chr9:66885432-66889912"
"269","chr12:51960260-51961629","chr2:93460344-93495152"
"270","chr1:166378662-166385907","chr6:135786660-135797661"
"271","chr13:95120752-95128782","chr5:7703776-7780390"
"272","chrY:1142577-1153312","chr19:32214551-32215127"
"273","chr3:81127393-81159096","chr20:50659751-50687868"
"274","chr10:30980709-30988908","chr7:60390972-60408823"
"275","chr14:43420839-43430679","chr2:34491467-34503654"
"276","chr4:8120652-8149019","chr3:163592872-163595055"
"277","chr9:81232085-81275269","chr8:85436186-85444178"
"278","chr2:171170990-171172517","chr2:21915465-21921128"
"279","chr11:89155750-89180448","chr15:25331703-25333342"
"280","chr4:115820712-115833021","chr6:19003638-19012898"
"281","chr11:61121301-61122547","chr6:136059672-136071884"
"282","chr6:125550201-125569718","chr6:91938501-91961861"
"283","chr6:86842054-86849086","chr20:45189472-45193661"
"284","chr13:101502509-101503027","chr6:109742370-109745287"
"285","chr10:35876013-35876397","chr8:33252442-33279218"
"286","chr5:105182877-105187360","chr3:67751613-67755221"
"287","chr12:15075273-15098764","chr2:238023879-238038227"
"288","chr4:96739878-96767151","chr14:104268362-104277402"
"289","chr15:34428289-34428656","chr1:221152989-221153130"
"290","chr13:86424477-86451001","chr2:34373875-34404958"
"291","chr5:171277663-171281241","chr2:93488471-93495152"
"292","chr4:58367537-58373168","chr3:3413579-3414759"
"293","chr13:73203187-73265813","chr8:72138878-72148728"
"294","chr4:125762257-125789911","chr9:111597035-111794123"
"295","chr8:73732789-73737419","chr18:1337228-1354828"
"296","chr13:105699059-105701842","chr4:96739878-96787475"
"297","chr2:157066595-157082251","chr8:116554093-116555206"
"298","chr2:178246797-178249289","chr9:16959148-16975339"
"299","chr8:129123864-129133074","chr4:38263240-38271681"
"300","chrX:112033981-112050600","chr6:28022406-28051704"
"301","chr8:60441497-60443706","chr5:147482283-147483432"
"302","chr5:150850432-150865550","chr8:68539308-68542150"
"303","chr3:3512475-3517163","chr17:5429865-5436758"
"304","chr11:83939845-83940879","chr2:207375745-207382937"
"305","chr1:220039308-220040146","chr5:50318351-50319000"
"306","chr6:133791092-133795645","chrX:75174388-75174831"
"307","chr8:73720946-73737419","chr10:81736165-81755839"
"308","chr2:174336857-174342089","chr4:151118221-151123637"
"309","chr2:206956638-206976810","chr2:219674871-219681115"
"310","chr1:3941650-3949063","chr4:96732982-96787475"
"311","chr5:36043415-36046665","chr8:87503726-87511565"
"312","chr10:86175962-86195240","chr3:121378975-121387551"
"313","chr11:60383243-60388137","chr12:51582921-51592889"
"314","chr5:128678699-128681202","chr12:24271680-24273857"
"315","chr4:96732982-96767151","chr8:71601458-71601850"
"316","chr18:29633808-29634585","chr13:70748434-70749232"
"317","chr14:37228632-37262083","chr6:22373412-22407626"
"318","chr5:159113203-159119213","chr11:71069746-71074618"
"319","chr1:6804365-6816920","chrMT:8184-8332"
"320","chr8:78908446-78910847","chr10:96264760-96266403"
"321","chr6:21301779-21308087","chr6:72418120-72421935"
"322","chr4:96739878-96787475","chr9:52058957-52059063"
"323","chr10:71515700-71519615","chr6:108549456-108552990"
"324","chr2:123163417-123170775","chr10:57549452-57549919"
"325","chr10:110495072-110508344","chr14:71861197-71884876"
"326","chr5:113794314-113803150","chrX:105071497-105074006"
"327","chr4:49207203-49287862","chr3:58798745-58799794"
"328","chr8:64139289-64145423","chr2:226925637-226926225"
"329","chr12:5593776-5632155","chr1:260498142-260507970"
"330","chr1:104785950-104795565","chr9:93374436-93374540"
"331","chr8:79330088-79347376","chr13:113832448-113844645"
"332","chr3:21878521-21904269","chr14:81317469-81329508"
"333","chr10:57551345-57563686","chr5:136437825-136471341"
"334","chr8:45691134-45743143","chr1:91364165-91364388"
"335","chr9:112317485-112353641","chr7:73684650-73748233"
"336","chr1:174609600-174613577","chr12:25001615-25002399"
"337","chr6:49198513-49249731","chr10:13156873-13156975"
"338","chr5:64346707-64358597","chr12:48509737-48531389"
"339","chr13:34519015-34528874","chr7:76229137-76229533"
"340","chr11:31723564-31733245","chr8:90470886-90483077"
"341","chr4:49207203-49220556","chr2:258868022-258932200"
"342","chr6:122741264-122741693","chr4:183498456-183537970"
"343","chr5:50318351-50319000","chr10:91965974-91973005"
"344","chr9:73752937-73773659","chr2:150838385-150846727"
"345","chr14:7186515-7190518","chrY:366439-370065"
"346","chr11:86824053-86834088","chr6:91546662-91549390"
"347","chr11:89316354-89332868","chr15:23605382-23606634"
"348","chr11:74759325-74786639","chr1:104583436-104583493"
"349","chr1:204960841-204961691","chr3:166743545-166746478"
"350","chr15:48165423-48172696","chrMT:11145-11240"
"351","chr4:96739878-96745521","chr2:22264781-22267377"
"352","chr4:151118221-151124504","chr19:2506536-2521388"
"353","chr5:157863697-157864867","chr9:75222546-75230161"
"354","chr1:278698312-278749829","chr2:174336857-174342089"
"355","chr4:10687758-10694249","chr3:133108204-133122763"
"356","chr2:34462446-34503654","chr5:148050939-148054556"
"357","chr4:168499186-168517342","chr17:79740146-79777211"
"358","chr1:154439745-154447475","chr20:26499544-26507687"
"359","chr17:79609613-79612177","chr6:9405093-9434931"
"360","chr7:51410270-51416139","chr1:221157830-221157980"
"361","chr8:124353233-124355370","chr1:154439745-154447475"
"362","chr4:140870957-140876764","chr18:63792894-63793032"
"363","chr4:10775672-10777395","chr8:117093752-117096731"
"364","chrX:139736501-139737195","chr11:68722906-68730129"
"365","chr3:176914734-176926722","chr19:38861941-38868361"
"366","chr8:33312321-33317709","chr1:225202103-225202303"
"367","chr2:187525295-187532740","chr8:26290097-26294259"
"368","chr13:95193009-95196402","chr4:66193731-66200637"
"369","chr3:13270114-13288615","chr4:162474510-162480238"
"370","chr8:65258584-65319417","chr20:20529114-20882268"
"371","chr16:2138232-2171786","chr6:4278307-4315062"
"372","chr19:12691066-12713398","chr1:11904516-11904799"
"373","chr9:88630024-88653711","chr6:125568127-125594377"
"374","chr15:51822314-51823271","chr15:44533258-44539992"
"375","chr2:79322029-79429449","chr18:63784568-63844188"
"376","chr19:42917629-42920390","chr3:1988750-1998592"
"377","chr6:54522274-54530157","chr6:12179226-12179776"
"378","chr11:89108654-89110961","chr18:31461554-31463598"
"379","chr9:121831708-121843361","chr8:125403516-125424942"
"380","chr6:76591791-76626199","chr7:29284390-29288495"
"381","chr9:69854064-69860576","chr19:19872833-19874612"
"382","chr14:45668936-45683858","chr1:221158161-221158250"
"383","chr8:68539308-68542150","chr10:59294314-59298784"
"384","chr5:24464482-24478439","chr13:75177963-75192743"
"385","chr8:112777013-112778440","chr18:71136036-71149287"
"386","chr4:49201155-49220556","chr3:94736244-94745177"
"387","chr14:37238505-37254001","chr1:104583432-104583489"
"388","chr10:16724062-16727861","chr20:27409750-27415954"
"389","chr7:119987740-119990759","chr1:221158209-221158250"
"390","chr8:21481642-21490337","chr19:40922649-40923916"
"391","chr5:8794167-8810643","chr1:190980864-190991049"
"392","chr8:55398022-55402713","chr8:70339051-70352964"
"393","chr3:122130941-122141403","chr20:34646376-34656748"
"394","chr7:62929510-62931338","chr3:54509941-54566332"
"395","chr9:71954951-71960153","chr13:43807799-43830230"
"396","chr1:143712491-143723739","chr1:211754068-211754454"
"397","chr8:72138878-72148728","chr12:24505864-24511621"
"398","chr7:138739114-138820528","chr12:36955272-36956043"
"399","chr3:172518176-172524861","chr4:58714647-58739890"
"400","chr14:113838631-113857380","chr10:110495072-110508344"
"401","chr1:204960841-204980121","chr1:163203870-163216364"
"402","chr1:91873487-91879026","chr1:221155952-221156042"
"403","chr6:125568127-125569718","chr8:130006477-130031678"
"404","chr6:104828874-104846483","chr18:71141382-71149287"
"405","chr8:90470886-90483077","chr8:73255366-73256487"
"406","chr1:238998947-239014340","chr14:79953865-79974054"
"407","chr6:107055966-107056470","chr4:133741680-133744948"
"408","chr4:22280005-22380316","chr12:24513410-24524704"
"409","chr2:29105950-29114770","chr1:143712491-143718900"
"410","chr5:76711755-76728269","chr1:247944245-247945662"
"411","chr9:51469347-51524024","chr3:62666948-62675261"
"412","chr5:152619586-152621233","chr1:140131618-140142798"
"413","chr2:44554761-44564131","chr10:63412175-63418716"
"414","chr5:166485517-166492515","chr6:115509431-115513406"
"415","chr10:110101466-110101880","chr10:72756549-73014711"
"416","chr12:10527308-10534434","chr9:111653302-111703964"
"417","chr4:28488037-28520904","chr9:37910962-37923009"
"418","chr2:247429495-247446708","chr1:221158105-221158182"
"419","chr5:21277740-21297927","chr7:29286904-29288495"
"420","chr5:100523899-100640984","chr5:92962208-92983896"
"421","chr17:79740146-79777211","chr11:34612627-34614139"
"422","chr13:44907813-44937796","chr18:29118001-29118217"
"423","chr4:82682367-82685493","chr10:61476848-61498596"
"424","chr2:31816052-31816763","chr18:72571325-72597936"
"425","chr7:2558105-2558739","chr4:6477702-6477983"
"426","chr10:85169572-85172858","chr1:166208849-166259335"
"427","chr3:123077758-123078115","chr20:4692735-4701397"
"428","chr18:17404077-17496916","chr4:96736381-96787475"
"429","chr9:94463647-94474809","chr17:63849305-63879166"
"430","chr8:61027213-61034811","chr5:147859728-147861952"
"431","chr6:72717570-72737402","chr2:34396320-34404958"
"432","chr20:43092420-43093954","chr18:5056822-5057685"
"433","chr13:73615097-73622224","chr2:5636554-5640909"
"434","chr5:24473219-24478439","chr2:188269009-188286112"
"435","chr5:119097703-119129476","chr9:73752937-73799430"
"436","chr8:72231561-72261300","chr10:98420455-98485187"
"437","chr15:6349802-6464312","chr13:34519015-34528874"
"438","chr1:15488392-15494771","chr16:2578902-2581762"
"439","chr12:9229552-9240810","chr13:34515329-34528874"
"440","chr6:124596541-124629605","chr10:14628972-14630162"
"441","chr6:7623900-7698590","chr2:224794357-224803455"
"442","chr9:82580816-82598718","chr18:69642130-69657373"
"443","chr5:73937165-73955766","chr8:68178234-68178404"
"444","chr6:129621583-129660096","chr6:72537858-72538290"
"445","chr7:64959567-64961215","chr6:30631222-30631668"
"446","chr14:60581951-60586776","chr2:172312783-172350004"
"447","chr8:85436186-85444178","chr14:46635004-46680513"
"448","chr5:128714471-128733959","chr1:128978104-128978649"
"449","chr19:22143683-22179584","chrMT:1489-1573"
"450","chr6:109850518-109875835","chr9:121831708-121843361"
"451","chr1:25767968-25787662","chr15:34277381-34277914"
"452","chrX:119115334-119117197","chr16:74092568-74092614"
"453","chr14:106492370-106500203","chr17:69854187-69857793"
"454","chr16:7577726-7586144","chr1:221194260-221199076"
"455","chr8:26290097-26294259","chr8:46716191-46723643"
"456","chr16:49367616-49369496","chr1:88586311-88592011"
"457","chr18:31461554-31463598","chr13:56922043-57008467"
"458","chr10:61207781-61217982","chr20:5140144-5140385"
"459","chr2:188298849-188309036","chr16:81243272-81243760"
"460","chr6:125568127-125594377","chr4:182796290-182797545"
"461","chr17:34787652-34799549","chr8:122151446-122161182"
"462","chr19:37629883-37633959","chr14:37552177-37583161"
"463","chr8:64205386-64214997","chr3:38609106-38614592"
"464","chr17:5511386-5548199","chr2:231078900-231128709"
"465","chr1:116643750-116660509","chr15:2849126-2867333"
"466","chr7:123600187-123634890","chrX:63177769-63182385"
"467","chrX:105071497-105074006","chr5:73937165-73976112"
"468","chr13:35597462-35668970","chr12:5593776-5632155"
"469","chr19:15151107-15207439","chr1:221158107-221158248"
"470","chr16:71849834-71853546","chr6:134915743-134920468"
"471","chr1:175252582-175284224","chr12:24991049-24992268"
"472","chr12:40329454-40332371","chr5:151343556-151346512"
"473","chr3:166743545-166746478","chr19:51919744-51920020"
"474","chr9:112317485-112318444","chr1:134843160-134848903"
"475","chr19:30869716-30870010","chr2:18514668-18531203"
"476","chr4:152355108-152355930","chr1:164046102-164064815"
"477","chr18:1803205-1821146","chr4:147527096-147528435"
"478","chr16:49648477-49663240","chr14:108446849-108456923"
"479","chr1:278580846-278594581","chr19:34270069-34298610"
"480","chrX:123718252-123720910","chr5:106171074-106171781"
"481","chr5:136420692-136471341","chr19:42911935-42920390"
"482","chr1:247944245-247960553","chr17:87758882-87771508"
"483","chr6:96487054-96541680","chr20:4302484-4493387"
"484","chr2:20488617-20531444","chr17:70309152-70310609"
"485","chr1:139943398-139956356","chr8:26290097-26303578"
"486","chr19:25886356-25903940","chr1:161928871-161932898"
"487","chr4:150781208-150803194","chr14:37228632-37254001"
"488","chr11:84619089-84633565","chr1:47030544-47077979"
"489","chr8:64712695-64734479","chr2:95020979-95029068"
"490","chr20:34646376-34656748","chr9:1442054-1446134"
"491","chr10:43539819-43542903","chr13:73203187-73265813"
"492","chr12:24301970-24306006","chr4:157635551-157635865"
"493","chr1:163203870-163216364","chr13:35658619-35669017"
"494","chr5:75990187-76011558","chr5:129413066-129457884"
"495","chr9:11194239-11219449","chr10:63840631-63841166"
"496","chr17:9858124-9861877","chr19:34298523-34312530"
"497","chr1:116604549-116610544","chr8:97590300-97605993"
"498","chr3:148837814-148852242","chr7:64959567-64961215"
"499","chr2:49109238-49112006","chr16:75598249-75636405"
"500","chr8:104493052-104514522","chr3:93975723-93976980"
"501","chr1:166351174-166368428","chr18:63792896-63793034"
"502","chr9:43968846-43977575","chr14:46517869-46653960"
"503","chr5:147482283-147483432","chr1:203272587-203286711"
"504","chr17:81177595-81187710","chr14:84739856-84766181"
"505","chr16:2121549-2126628","chr4:125762257-125789911"
"506","chr6:124625936-124677509","chr6:80085774-80097296"
"507","chr10:62623758-62664462","chr4:99489315-99494425"
"508","chr16:2297907-2304875","chr17:79634489-79634871"
"509","chr8:12160079-12161683","chr10:62010266-62482957"
"510","chr16:2114006-2126628","chr3:11394659-11396393"
"511","chr8:104192886-104202285","chr4:28488037-28495139"
"512","chr15:56804970-56818325","chrMT:13282-13438"
"513","chr2:113177840-113198013","chr3:111250424-111251407"
"514","chr14:104268362-104277402","chr5:147363511-147367416"
"515","chr20:5347661-5414567","chrMT:13313-13385"
"516","chr2:20507150-20519067","chr9:98146063-98146367"
"517","chr2:189405958-189406741","chr2:247949322-247953356"
"518","chr13:107733302-107749528","chr10:20043376-20043457"
"519","chr17:81173780-81187710","chr15:41008529-41011344"
"520","chr5:78495231-78516521","chr8:122024123-122038442"
"521","chr1:92039556-92043956","chr13:69936554-69944404"
"522","chr4:152526403-152536014","chr1:221158368-221158528"
"523","chr7:130522030-130524289","chr13:26826515-26836657"
"524","chr3:38609106-38614592","chr1:221158185-221158248"
"525","chr5:106171074-106171781","chr12:24991047-24992275"
"526","chr1:47030544-47032563","chr6:60609626-60618957"
"527","chr14:43420836-43430679","chr7:82368836-82371326"
"528","chr13:41898165-41907307","chr1:221158029-221158248"
"529","chr18:1337228-1354828","chr10:74892407-74894828"
"530","chr17:84855705-84901793","chr5:40847502-40849350"
"531","chr1:220047471-220049075","chr7:62929510-62978098"
"532","chr13:98386342-98403224","chr5:136420698-136471341"
"533","chr2:54755242-54768987","chr2:34577936-34578046"
"534","chr10:67965487-67982051","chr11:69785001-69837765"
"535","chr3:56148805-56152705","chr1:175781052-175781523"
"536","chr9:10773884-10775310","chr10:61476849-61483913"
"537","chr9:53475012-53508890","chr4:49210934-49220556"
"538","chr2:93488471-93495152","chr5:136437825-136447778"
"539","chr4:131366412-131382968","chr10:29318809-29330456"
"540","chr5:129621176-129647021","chr4:31568823-31568873"
"541","chr7:29286904-29288495","chr1:177129021-177130995"
"542","chr1:261347528-261350203","chr14:46524081-46653728"
"543","chr6:4278307-4315062","chr15:27739109-27739270"
"544","chr3:81134588-81159096","chr1:91873487-91879026"
"545","chr8:64724416-64763815","chr3:62719200-62733674"
"546","chr3:136874645-136896550","chr15:70790038-70819895"
"547","chr1:141877382-141880461","chr1:201183051-201188802"
"548","chr17:79345740-79391846","chr3:81127393-81143240"
"549","chr2:94716330-94720889","chr8:21643844-21652864"
"550","chr2:144876416-144917472","chr2:141024600-141026192"
"551","chr13:34515329-34528874","chr17:85046029-85057912"
"552","chr1:253147925-253148277","chr11:34065892-34070810"
"553","chr1:201183051-201188802","chr11:89316354-89332868"
"554","chr19:2506536-2521388","chr1:175200414-175218889"
"555","chr19:43119868-43124021","chr2:1564986-1626159"
"556","chr6:104862169-104864968","chr17:79761095-79777211"
"557","chr2:33933956-33955969","chr2:123597469-123600232"
"558","chr17:29730437-29731094","chr5:150850432-150865550"
"559","chr4:66172555-66200637","chr9:112406660-112412113"
"560","chr10:81736165-81755839","chr2:211606554-211615253"
"561","chr14:81556164-81560858","chr2:207283687-207283950"
"562","chr19:32527921-32528958","chr15:48278041-48284550"
"563","chrY:1126684-1153312","chr6:125550201-125569718"
"564","chr3:54509941-54566332","chr1:221158390-221158545"
"565","chr1:104792188-104821976","chr2:171170990-171172517"
"566","chr14:110683107-110709166","chr2:140366057-140387503"
"567","chr7:60390972-60408823","chr10:61464686-61498597"
"568","chr1:185261106-185267832","chr4:8223840-8239403"
"569","chr5:127856624-127858366","chr11:24479964-24498116"
"570","chr17:84872804-84888911","chr1:178907873-178908019"
"571","chr4:151118221-151123637","chr9:119615345-119617261"
"572","chr17:63849305-63879166","chr6:76616895-76626199"
"573","chr19:42911935-42920390","chr10:16724062-16727861"
"574","chr4:158103902-158108668","chr5:36043415-36046665"
"575","chr15:24302102-24308087","chr11:68745884-68750272"
"576","chr6:28022406-28051704","chr1:221158114-221158191"
"577","chr5:136420692-136447778","chr7:137782726-137784670"
"578","chr5:155702728-155709264","chr5:78133671-78133845"
"579","chr17:27592203-27602936","chr4:58714647-58725647"
"580","chr9:10683822-10690477","chr1:221158617-221158790"
"581","chr1:6800132-6819230","chrX:139736501-139737195"
"582","chr1:278698312-278731755","chr2:34491467-34517560"
"583","chr19:31878182-31886209","chr14:10786399-10794860"
"584","chr3:59678949-59680308","chr1:265386052-265401005"
"585","chr3:33465220-33467909","chrX:51692026-51794841"
"586","chr11:34065892-34070810","chr8:127289436-127301219"
"587","chr1:221158617-221158790","chr16:11046372-11051389"
"588","chr18:69634006-69657373","chr7:118301545-118302552"
"589","chr3:157028112-157040380","chr20:5140137-5140378"
"590","chr17:6857810-6864981","chr18:79530861-79532387"
"591","chr17:87758882-87771508","chr13:100885656-100893629"
"592","chr9:1442054-1446134","chr17:24070636-24073858"
"593","chr2:56451097-56456188","chr6:76487880-76492176"
"594","chr1:47030544-47077979","chr1:221158039-221158181"
"595","chr13:109457218-109471561","chr14:83236400-83236920"
"596","chr10:61464686-61498597","chr3:112752502-112762808"
"597","chr18:14595550-14610978","chr14:71861197-71877488"
"598","chr5:156506448-156517254","chr1:221158035-221158123"
"599","chr1:251262192-251269854","chr10:764468-776872"
"600","chr2:206534104-206536360","chr9:38014670-38022569"
"601","chr11:84369373-84379343","chr1:221158119-221158181"
"602","chr5:136437825-136447778","chr8:78908446-78910847"
"603","chr1:278580846-278749829","chr1:251262192-251269854"
"604","chr6:76613549-76626199","chr6:871525-907083"
"605","chr4:85481108-85484856","chr12:24991058-24992272"
"606","chrX:71119280-71121063","chr14:4178531-4182331"
"607","chr13:35597462-35608096","chr18:75203861-75207308"
"608","chr9:66964853-66976610","chr6:1613963-1614878"
"609","chr1:154405931-154425509","chr8:23508992-23524947"
"610","chr2:24065908-24073884","chr4:152355108-152355930"
"611","chr10:51724607-51734014","chr2:80215799-80234308"
"612","chr2:21915465-21921128","chr6:27575763-27582987"
"613","chr6:137924572-137936007","chr7:60733754-60737965"
"614","chrX:72273709-72304246","chr1:28362167-28391305"
"615","chr10:94083626-94187819","chr5:167516581-167547741"
"616","chr17:694609-739440","chr17:16124900-16129065"
"617","chr2:34396320-34404958","chr10:845963-846238"
"618","chr1:204959173-204961691","chr8:23771919-23787900"
"619","chr8:21643844-21652864","chr13:89211389-89229970"
"620","chr13:95914250-95932651","chr1:221157418-221157536"
"621","chr1:165414771-165415667","chr7:119987740-119990759"
"622","chr1:282490425-282498880","chr1:203152128-203299612"
"623","chr4:3972586-3976284","chr18:61323689-61340634"
"624","chr6:22373412-22407626","chr13:73615097-73622224"
"625","chr18:48443339-48505167","chr15:23687231-23688831"
"626","chr2:93460344-93495152","chr3:123829471-123833222"
"627","chr5:117716189-117725823","chr3:163954641-163955641"
"628","chr20:32513668-32523997","chr2:247949323-247953356"
"629","chr3:112896028-112899649","chr8:33572918-33597389"
"630","chr6:91933750-91961861","chr7:30382502-30388657"
"631","chr9:113918918-113927885","chr18:48443339-48521166"
"632","chr16:3068022-3072642","chr4:82682367-82685493"
"633","chr9:10347615-10349027","chr3:13270114-13288615"
"634","chr16:32120310-32121085","chr10:63890554-63890753"
"635","chr9:113534327-113545068","chr5:69951194-69966907"
"636","chr14:108446849-108456923","chr3:67746785-67755221"
"637","chr14:88724076-88725530","chr6:111459649-111459878"
"638","chr2:240854068-240867796","chr12:6404013-6419916"
"639","chr12:25431710-25435591","chr2:47139938-47146434"
"640","chr8:23851919-23884848","chr5:64566814-64584309"
"641","chr10:77769631-77772738","chr2:34373875-34503654"
"642","chr12:14689166-14703546","chr8:70203322-70206310"
"643","chr7:62899716-62978098","chr6:27573046-27582987"
"644","chr3:140614866-140622850","chr3:152322366-152324968"
"645","chr1:198932174-198934500","chr2:29105950-29114770"
"646","chr3:13510410-13602354","chr9:73766839-73773659"
"647","chr7:118173410-118179266","chr10:110680099-110690679"
"648","chr1:279235046-279248435","chr9:81258380-81275269"
"649","chr12:43501060-43510832","chr12:25021140-25021461"
"650","chrX:144328480-144330480","chr5:12156802-12172003"
"651","chr4:176868013-176879489","chr18:16775181-17496916"
"652","chr7:28987514-28992637","chr8:31542495-31543485"
"653","chr10:71322147-71323079","chr10:16724062-16730140"
"654","chr4:115104274-115106428","chr3:91713775-91725977"
"655","chr4:158242270-158244493","chr3:7456433-7475230"
"656","chr1:150830996-150846872","chr4:98988352-98989621"
"657","chr12:14654706-14703546","chr12:24986843-24992268"
"658","chrX:135406401-135419614","chr13:100885656-100893577"
"659","chr4:117422680-117442928","chrMT:13868-13953"
"660","chr15:55485728-55488198","chr5:156227048-156227199"
"661","chr16:11046372-11051389","chr6:131646144-132075882"
"662","chr6:136059672-136071884","chr4:62617602-62619866"
"663","chr2:238023879-238038227","chr14:43420839-43430679"
"664","chr10:110043769-110090416","chr11:60646798-60656478"
"665","chr4:168296980-168297373","chr17:79728108-79789485"
"666","chr5:36040325-36046665","chr6:122741264-122741693"
"667","chr5:119207376-119211535","chr6:136102013-136107031"
"668","chr2:189226433-189230967","chr1:215663317-215663356"
"669","chr4:8223840-8242710","chr2:80226167-80234308"
"670","chr7:62899716-62931338","chr5:153588995-153589597"
"671","chr18:63784568-63844188","chr1:206956299-206978733"
"672","chr14:43511710-43517916","chr14:114653791-114664935"
"673","chr4:151118221-151148873","chr3:140058428-140061239"
"674","chr6:12179226-12194014","chr4:8223840-8241220"
"675","chr3:119264196-119265879","chr12:43501060-43576734"
"676","chr17:79761095-79777211","chr1:203317306-203349454"
"677","chr5:7763385-7764306","chr14:43298312-43298807"
"678","chr5:151944769-151947717","chr2:20507150-20649110"
"679","chr15:51936366-51944899","chr17:81173780-81187710"
"680","chr3:123819852-123833222","chr7:58404450-58410406"
"681","chr5:7830490-7872679","chr5:148849156-148858278"
"682","chr19:37135068-37156867","chr6:125523808-125569718"
"683","chr4:99275917-99291251","chr5:105114416-105114740"
"684","chr9:65361368-65364133","chr3:2762162-2764477"
"685","chr6:7547050-7572651","chr5:171771426-171771956"
"686","chr10:18218676-18238682","chr13:95193009-95196402"
"687","chr8:64205386-64233082","chr7:109055032-109071915"
"688","chr2:20507150-20531444","chr9:66751637-66774536"
"689","chr4:100760040-100783015","chr6:76576170-76608864"
"690","chr8:71336875-71337745","chr5:129621176-129647021"
"691","chr11:31974630-31979720","chr20:7157006-7161645"
"692","chr14:108013275-108020828","chr4:171770056-171787877"
"693","chr17:79367996-79561626","chr1:278698312-278749829"
"694","chr5:136420698-136447778","chr4:66195236-66207619"
"695","chr6:125538240-125594377","chr2:263936156-263963308"
"696","chr16:2115374-2126628","chr14:108013275-108020828"
"697","chr4:62617602-62619866","chr9:11209034-11219449"
"698","chr15:103872241-103886205","chr10:65025196-65026738"
"699","chr5:167516581-167547741","chr15:33015618-33017521"
"700","chr4:58714647-58748928","chr10:59471837-59472333"
"701","chr18:71136036-71149287","chr4:66172555-66219277"
"702","chr1:150887401-150961642","chr7:71322606-71331115"
"703","chr9:121831708-121862897","chr10:15489266-15490668"
"704","chr14:81667646-81672500","chr17:79573257-79644806"
"705","chr11:84619089-84638229","chr5:103106261-103172127"
"706","chr1:134843160-134848903","chr10:94307816-94320863"
"707","chr11:34611539-34616155","chr5:14282912-14314250"
"708","chr2:104882050-104908155","chr8:104199588-104202285"
"709","chr18:27261576-27278436","chr1:221158113-221158212"
"710","chr1:150937283-150961642","chr2:113744312-113761334"
"711","chr3:13510410-13522529","chr7:118382002-118383953"
"712","chr5:116593430-116658945","chr4:82682367-82692626"
"713","chr18:1803205-1819028","chr6:828602-907083"
"714","chr10:43227922-43229953","chr7:62929510-62949077"
"715","chr6:9421744-9434931","chr2:44554761-44564131"
"716","chr1:128239552-128243030","chr20:19484810-19484905"
"717","chr1:203272587-203286711","chr17:79609613-79644806"
"718","chr3:140058428-140061239","chr2:144876416-144917472"
"719","chrX:51692026-51794841","chr19:27473885-27477590"
"720","chr6:76487880-76492176","chr5:7763385-7764306"
"721","chr5:19536900-19546064","chr11:74759325-74786639"
"722","chr8:73704074-73737419","chr8:19886208-19890764"
"723","chr8:118066987-118085473","chr4:66172555-66200637"
"724","chr8:119447348-119465058","chr9:71920586-71960153"
"725","chr9:46104677-46105695","chr14:7186515-7190518"
"726","chr9:54232163-54235344","chr9:69854064-69860576"
"727","chr12:25001615-25002399","chr1:221155959-221156049"
"728","chr6:136059672-136093254","chr16:2115374-2126628"
"729","chr11:68722906-68725314","chr1:143712491-143723739"
"730","chr10:72369079-72371838","chr13:35597462-35608096"
"731","chr1:8846801-8860029","chr4:64894605-64899587"
"732","chr4:28457541-28467072","chr3:156775155-156778136"
"733","chr5:129413066-129457884","chr1:226566338-226566744"
"734","chr19:42781069-42920390","chr10:18326421-18402658"
"735","chr5:167516581-167526275","chr10:92474821-92476192"
"736","chr5:127620259-127629649","chr1:265331904-265401005"
"737","chr12:5612049-5619907","chr3:156690910-156699465"
"738","chrX:63177769-63182385","chr11:84619089-84633565"
"739","chr2:80226167-80234308","chr20:4877671-4956534"
"740","chr1:21142145-21164430","chr9:54232163-54257387"
"741","chr4:66172555-66219277","chr12:5603316-5604016"
"742","chr1:122605870-122678378","chr11:89316354-89341959"
"743","chr5:74954384-74956829","chr1:265396240-265401005"
"744","chr6:9405093-9434931","chr2:47139938-47143309"
"745","chr17:53963185-53968528","chr16:74219791-74228826"
"746","chr7:72800253-72804218","chr1:154405931-154425509"
"747","chr10:18326421-18402658","chr1:11910895-11911122"
"748","chr6:129864989-129890111","chr3:15042229-15042609"
"749","chr15:88651499-88659273","chr4:182811463-182826795"
"750","chr3:112752502-112762808","chr3:112363690-112364200"
"751","chr5:40847502-40856420","chr1:278698312-278731755"
"752","chr9:113534378-113545068","chr1:92039556-92043956"
"753","chr10:46771409-46776306","chr1:252539423-252547611"
"754","chr1:126188351-126195625","chr5:73937165-73937568"
"755","chr10:37764317-37764822","chr9:52058950-52059056"
"756","chr2:38096882-38097500","chr11:80969142-80970156"
"757","chr4:49210934-49220556","chr15:61665894-61683055"
"758","chr1:243373401-243376079","chr12:25431710-25435591"
"759","chr5:7817336-7872679","chr1:221158184-221158234"
"760","chr18:3175483-3176344","chr1:275983186-276187240"
"761","chr3:94360855-94363073","chr14:88724076-88725530"
"762","chr11:34611539-34631134","chr5:144904225-144907761"
"763","chr1:126573474-126583015","chr4:10775672-10777395"
"764","chr11:24491881-24498116","chr1:246472167-246476440"
"765","chr6:136102013-136107031","chrMT:8191-8339"
"766","chr14:60573253-60586776","chr10:81798931-81799587"
"767","chr1:246648294-246649407","chr12:5360308-5492254"
"768","chr18:61308852-61311205","chr5:40847502-40856420"
"769","chr6:3328492-3345418","chr15:51936366-51944899"
"770","chr2:113322714-113345579","chr14:46517872-46653973"
"771","chr10:29318809-29319752","chrX:128202172-128205259"
"772","chr5:154919349-154929004","chr15:34428289-34428656"
"773","chr5:100493404-100640984","chr17:78922772-78942311"
"774","chr4:66193731-66200637","chr8:55398022-55402713"
"775","chr9:92325183-92327598","chr5:148050939-148060187"
"776","chr10:35876034-35876397","chr8:79673623-79674151"
"777","chr1:247944245-247945662","chr15:837322-852690"
"778","chr17:36602134-36627167","chr2:104882050-104908155"
"779","chr8:439822-456940","chr10:796668-802135"
"780","chr11:89434192-89447041","chr5:100640453-100640984"
"781","chr5:127852669-127857017","chr4:58661996-58673975"
"782","chr5:160066006-160070914","chr8:64712695-64734479"
"783","chr5:7703776-7780390","chr13:110049191-110052621"
"784","chr1:164025518-164064815","chr5:13064947-13076754"
"785","chr4:161652798-161658514","chr6:76591791-76599536"
"786","chr1:175200414-175218889","chr1:220039308-220049075"
"787","chr12:30082881-30083826","chr10:30980709-30988908"
"788","chr17:52477332-52555114","chr5:24473219-24478439"
"789","chr2:34373875-34404958","chr10:61461420-61498597"
"790","chr4:66172555-66232564","chr1:238998947-239014340"
"791","chr18:81289815-81428974","chr10:18218676-18238682"
"792","chr18:61323689-61340634","chr7:138739114-138820528"
"793","chr3:54509941-54519757","chr1:6837861-6841171"
"794","chr12:628708-636629","chr3:67723614-67757148"
"795","chr4:58469325-58485447","chr10:61476851-61498599"
"796","chr6:135786660-135797661","chr9:88630024-88653711"
"797","chr8:26290097-26303578","chr4:27509136-27524886"
"798","chr4:49207203-49232570","chr18:72571325-72576120"
"799","chr17:5514017-5571375","chr3:54547246-54566332"
"800","chr15:70790038-70792497","chr20:7363740-7372069"
"801","chr19:34249087-34272192","chr2:172370540-172370669"
"802","chr9:37910962-37923009","chr9:38321692-38326937"
"803","chr11:57442466-57454443","chr19:39164242-39195019"
"804","chr17:5429865-5436758","chr1:47030544-47032563"
"805","chr11:34495233-34500943","chr10:94292693-94314584"
"806","chr20:27278618-27279990","chr4:27509136-27537918"
"807","chr10:57549452-57549919","chr11:89175425-89180448"
"808","chr7:102723273-102724348","chr12:22237823-22238433"
"809","chr1:219018599-219028923","chr16:71862024-71874158"
"810","chr15:70790038-70819895","chr10:35815476-35819778"
"811","chr4:171770056-171787877","chr2:34396320-34434762"
"812","chr2:226925637-226942478","chr2:27713879-27755789"
"813","chr13:113832448-113836291","chr9:10773884-10775310"
"814","chr8:72065616-72067595","chr7:62899716-62931338"
"815","chr10:29318809-29330456","chr1:126573474-126583015"
"816","chr16:83050847-83058847","chr6:9421744-9434931"
"817","chr1:166231693-166259335","chr1:221158089-221158182"
"818","chr6:76620895-76626199","chr19:25866615-25886887"
"819","chr8:28018432-28026404","chr4:96732982-96745521"
"820","chr4:8223840-8241173","chr5:155898829-155899064"
"821","chr11:31943121-31955266","chr4:66172555-66232564"
"822","chr5:147363511-147368505","chr9:94463647-94481167"
"823","chr3:81121255-81143240","chr6:125523808-125594377"
"824","chr5:99465650-99474162","chr2:113322714-113345579"
"825","chr1:220032746-220034697","chr2:223285167-223304322"
"826","chr2:117666300-117666646","chr9:50892486-50906966"
"827","chr5:155850980-155851664","chr1:263049176-263054735"
"828","chr1:88586311-88592011","chr1:204959173-204961691"
"829","chr4:147527096-147528435","chr6:136430192-136436620"
"830","chr8:79234306-79249597","chr13:95120752-95128782"
"831","chr10:46824807-46826650","NW_007906843.1:36906-37035"
"832","chr1:206989832-207016489","chr14:46517866-46653967"
"833","chr3:6464953-6472752","chr8:60814789-60817064"
"834","chr10:48452001-48528848","chr6:104862169-104864968"
"835","chr13:97022518-97023051","chr14:113906516-113922713"
"836","chr5:7777226-7798747","chr17:63876316-63876483"
"837","chr2:94708675-94720889","chr1:221152983-221153124"
"838","chr10:61476849-61483913","chr6:38433247-38433429"
"839","chr8:13085939-13090209","chr5:136420692-136471341"
"840","chr13:26277463-26280241","chr18:75429814-75430443"
"841","chr7:66743103-66747728","chr20:14335985-14348042"
"842","chr6:4518806-4520635","chr5:127620259-127635191"
"843","chr12:25226326-25234184","chr3:79777224-79777413"
"844","chr17:12322146-12352876","chr8:12160079-12161683"
"845","chr4:8223840-8241220","chr10:43227922-43229953"
"846","chr7:59556898-59587384","chr4:42969247-42979647"
"847","chr10:106264856-106265494","chr1:247711959-247745292"
"848","chr10:61461420-61498597","chr11:34631080-34738852"
"849","chr5:100493404-100523952","chr5:136420698-136447778"
"850","chr14:9421418-9440942","chr1:221158152-221158249"
"851","chr17:63860368-63879166","chr1:221158121-221158182"
"852","chr2:24067948-24083767","chrX:157321372-157321657"
"853","chr12:14608110-14703546","chr4:168213382-168221653"
"854","chr8:46716191-46723643","chr2:147877035-147890274"
"855","chr2:195768840-195795666","chr12:10527308-10534434"
"856","chr5:146964481-146974020","chr4:182811463-182817396"
"857","chr18:48853173-48874963","chr5:139394727-139421497"
"858","chr2:188301023-188330330","chr10:90106578-90106848"
"859","chr10:57549452-57563686","chr1:15488392-15514085"
"860","chr18:73479863-73490210","chr11:34065884-34070810"
"861","chr5:128130304-128136348","chr4:96739878-96767151"
"862","chr9:1442054-1485363","chr11:70570466-70585055"
"863","chr17:5511386-5571375","chr10:46824807-46826650"
"864","chr19:49158646-49159228","chr10:18932814-18933006"
"865","chr8:59736470-59745377","chr10:77769631-77772738"
"866","chr6:125523808-125569718","chr3:147782473-147785568"
"867","chr2:86868285-86964272","chr14:46638662-46682036"
"868","chr11:34631080-34738852","chr20:19306226-19398970"
"869","chr10:81798931-81799587","chr1:220032746-220034697"
"870","chr18:2005294-2032491","chr12:15225465-15340216"
"871","chr14:84739856-84766181","chr10:86175962-86184480"
"872","chr13:26826515-26836657","chr5:160138672-160148528"
"873","chr11:68652290-68672983","chr10:57634023-57634588"
"874","chr9:52044251-52045476","chr1:221158128-221158212"
"875","chr18:2445774-2446986","chr6:144251038-144251984"
"876","chr3:62666948-62675261","chr10:67965487-67982051"
"877","chrX:984901-990236","chr3:140598632-140616459"
"878","chr2:202479064-202493972","chr14:46517956-46524289"
"879","chr2:113177840-113192625","chr12:5406748-5574216"
"880","chr2:34491467-34503654","chr1:246648294-246657760"
"881","chr5:122659399-122671094","chr7:140533891-140536242"
"882","chr5:160127430-160128210","chr13:67126289-67143114"
"883","chr11:68722906-68730129","chr7:113681841-114154896"
"884","chr10:63332239-63332486","chr17:5524117-5548199"
"885","chr13:34399886-34400364","chr1:225199964-225200053"
"886","chr9:119615345-119617261","chr9:65976760-65980632"
"887","chr18:69654505-69657373","chr17:18369555-18375993"
"888","chr4:38263240-38271681","chr10:67936673-67982051"
"889","chr15:6464170-6464312","chr14:113832266-113857381"
"890","chr5:148835226-148836445","chr5:159113203-159119213"
"891","chr5:100640453-100640984","chr15:6464170-6464312"
"892","chr13:101732743-101738842","chr7:74258330-74259380"
"893","chr6:125523808-125524984","chrMT:13863-13949"
"894","chr2:123597469-123600232","chr1:221158154-221158243"
"895","chr3:160491308-160495240","chr17:15674101-15674236"
"896","chr4:96732982-96745521","chr2:18805524-18814240"
"897","chr3:175512077-175527973","chr13:26277463-26280241"
"898","chr1:128978104-128978649","chr2:157334132-157341142"
"899","chr4:168260038-168267184","chr9:66964853-66976610"
"900","chr20:7363740-7372069","chr8:123340909-123344508"
"901","chr14:85059667-85061960","chr8:117106575-117109692"
"902","chr9:113386175-113416653","chr1:221158358-221158518"
"903","chr14:71861197-71884876","chr3:94396940-94398038"
"904","chrX:99728011-99758593","chr1:104792188-104821976"
"905","chr4:174810962-174816343","chr4:99970321-99980034"
"906","chr11:89175425-89180448","chr1:11911596-11913544"
"907","chr2:188348239-188364907","chr6:21334766-21354603"
"908","chr8:70194477-70206310","chr9:46104677-46105695"
"909","chr5:171934969-171935318","chr1:11907358-11907457"
"910","chr14:82168512-82171569","chr4:85481108-85484856"
"911","chr1:154405931-154447475","chr1:91364169-91364392"
"912","chr6:21334766-21354603","chr2:226978199-226982861"
"913","chr5:47986680-47997290","chr5:128678699-128681202"
"914","chr9:30314001-30322372","chr18:1803205-1819028"
"915","chr10:16769713-16774652","chr16:79797447-79797497"
"916","chr7:137274286-137281978","chr1:221158115-221158256"
"917","chr5:135596270-135608345","chr6:53883229-53890985"
"918","chr1:6804365-6819230","chr16:62042139-62042327"
"919","chr16:71013767-71016529","chr1:221157774-221158010"
"920","chr17:5555491-5571375","chr7:478844-486592"
"921","chr2:187527683-187529234","chr9:112317485-112328437"
"922","chr8:19886208-19890764","chr1:45923228-46014665"
"923","chr8:130367266-130370921","chr1:204979934-204988430"
"924","chrX:105805717-105821741","chr5:172919276-172919502"
"925","chr10:38712831-38725063","chr11:45487965-45497839"
"926","chr2:197906758-197913548","chr8:73704074-73737419"
"927","chr8:64739402-64749357","chr5:24464482-24478439"
"928","chr16:40469880-40483041","chr1:216237749-216237973"
"929","chr12:22237823-22238433","chr11:65791484-65791736"
"930","chr7:71322606-71331115","chr4:58714648-58748929"
"931","chr8:94725468-94730732","chr3:176914734-176926722"
"932","chr9:73766839-73773659","chr17:29730437-29757605"
"933","chr2:47139938-47143309","chr5:2257913-2314821"
"934","chr7:114608925-114611317","chr4:62258457-62258549"
"935","chr2:38006903-38014366","chr3:123077758-123078115"
"936","chr14:37238505-37262083","chr18:48443339-48505167"
"937","chr3:156775155-156778136","chrMT:13885-13973"
"938","chr15:38130856-38151304","chr3:150348098-150382703"
"939","chr18:36244090-36271261","chr5:117716189-117725823"
"940","chr5:155691684-155709264","chr4:117422680-117446827"
"941","chr13:100885656-100893577","chr1:247944245-247960553"
"942","chr4:31220330-31320090","chr2:117666300-117666646"
"943","chr2:38096882-38110573","chr1:128239552-128243030"
"944","chr8:33312321-33335423","chr9:119309035-119311107"
"945","chr15:44533258-44539992","chr9:93374434-93374538"
"946","chr6:144211592-144275272","chr2:197906758-197913548"
"947","chr14:33083680-33089673","chr2:199880862-199882743"
"948","chr1:192952650-192955267","chrX:137705337-137736959"
"949","chr2:258836959-258843908","chr6:3807346-4520635"
"950","chr17:5524117-5548199","chr10:106264856-106265494"
"951","chr2:80215799-80234308","chr9:54232163-54235344"
"952","chr7:47865531-47889037","chr17:79367996-79391846"
"953","chr1:128501692-128526760","chr4:182569250-182594233"
"954","chr2:123582304-123600232","chr14:6624080-6625422"
"955","chr7:141824553-141832801","chr8:127529747-127530025"
"956","chr9:52047552-52047844","chr9:94463647-94474809"
"957","chr3:111250424-111251407","chr7:137274286-137281978"
"958","chr4:66195236-66207619","chr9:66993271-66995647"
"959","chr15:52370515-52375430","chr2:34491467-34534125"
"960","chr18:70254197-70255206","chr6:137345414-137359178"
"961","chr6:76020953-76031336","chr17:79775882-79789485"
"962","chr16:21142668-21143130","chr1:198932174-198934500"
"963","chr9:99266783-99267021","chr9:113814772-113846055"
"964","chr6:72537858-72538290","chr17:63860368-63879166"
"965","chr12:43501060-43576734","chr3:92214758-92215165"
"966","chr14:6608144-6622491","chr1:255213670-255215037"
"967","chr12:1793318-1793869","chr18:48853173-48874963"
"968","chr20:5129033-5131408","chr16:80780733-80793376"
"969","chr19:37135068-37156898","chr5:144931944-144942704"
"970","chr5:167516581-167558250","chr14:15086543-15091475"
"971","chr1:185263914-185267832","chr12:24285582-24285875"
"972","chr2:166406958-166423542","chr8:65027028-65027400"
"973","chr5:74786156-74786848","chr5:154919349-154929004"
"974","chr17:54298407-54301447","chr9:96769379-96775060"
"975","chr3:3413579-3414759","chr6:12179226-12194014"
"976","chr8:60979824-61034811","chr15:36823412-36828644"
"977","chr17:80521386-80529452","chr12:43501060-43510832"
"978","chr4:57387152-57396104","chr1:204960841-204988430"
"979","chr12:41157218-41200958","chr3:33465220-33503687"
"980","chr11:69636827-69640718","chr7:97572250-97572470"
"981","chr16:50483768-50487053","chr5:167516581-167526275"
"982","chr17:90327972-90334785","chr5:100493404-100523952"
"983","chr9:81216557-81222354","chr1:91058531-91069789"
"984","chr15:109125713-109168413","chr19:37135068-37156898"
"985","chr9:66993271-66995647","chr12:9273125-9313769"
"986","chr12:40388299-40397763","chr11:24547990-24550752"
"987","chr17:26968192-26969252","chr2:247883196-247894081"
"988","chr8:94718121-94730732","chr11:84369373-84379343"
"989","chr6:72418120-72421935","chrMT:5823-6021"
"990","chr14:106153575-106161579","chr10:4624614-4629886"
"991","chr4:22084945-22091386","chr3:8887351-8892631"
"992","chr14:113271542-113314869","chr6:54522274-54541455"
"993","chr3:94397499-94398038","chr5:8794167-8810643"
"994","chr9:52056297-52057872","chr1:227643679-227883978"
"995","chr8:46716191-46730691","chr14:7018938-7019009"
"996","chr12:47286246-47286938","chr1:11907362-11907461"
"997","chr5:103106261-103172127","chr18:2445774-2446986"
"998","chr9:38014670-38022569","chrX:157319618-157319686"
"999","chr4:127663314-127709016","chr20:4674502-4939729"
"1000","chr9:94463647-94504892","chr8:117318623-117325025"
"1001","chr19:34249087-34272145","chr6:10555635-10555678"
"1002","chr2:223285167-223304322","chr12:628708-632694"
"1003","chr2:183520240-183542215","chr14:45668936-45683858"
"1004","chr1:198994747-198995342","chr18:64733151-65391400"
"1005","chr2:150838385-150846727","chr9:73798311-73799430"
"1006","chr10:66897863-66898928","chr1:15488392-15526167"
"1007","chr4:152921913-152925673","chr18:59190041-59209831"
"1008","chr18:6047215-6051719","chr5:166185423-166191317"
"1009","chr10:63840631-63841166","chr14:72953915-72955327"
"1010","chr19:56187917-56195289","chr11:60943399-60956337"
"1011","chr10:61476849-61498597","chr1:221158103-221158203"
"1012","chr4:123873802-123876481","chr2:94708675-94720889"
"1013","chr14:44440261-44456717","chr6:871525-894714"
"1014","chr4:114879427-114880228","chr1:164931730-164947123"
"1015","chr2:18514668-18531203","chr2:140592437-140597578"
"1016","chr6:22033342-22038870","chr2:128599095-128636642"
"1017","chr13:100885656-100893629","chr1:150830996-150846872"
"1018","chr1:276011500-276141673","chrX:99912054-100160464"
"1019","chr5:73937165-73976112","NW_007906770.1:52186-62184"
"1020","chr9:96769379-96775060","chr8:127971477-127991861"
"1021","chr6:144189453-144275272","chr9:112317485-112342454"
"1022","chr5:7777226-7780390","chr1:2839790-2849731"
"1023","chr16:62023411-62026513","chr5:105182877-105187360"
"1024","chr18:63843748-63844188","chr1:246648294-246649407"
"1025","chr10:16724062-16730140","chr13:57044027-57047903"
"1026","chr4:99489315-99494425","chr10:86175962-86195240"
"1027","chr17:5563519-5571375","chr4:150781208-150803194"
"1028","chr2:113744312-113745181","chr2:113177840-113192625"
"1029","chr6:125523808-125594377","chr2:123163417-123170775"
"1030","chr2:240822115-240867796","chr7:10080577-10696845"
"1031","chr2:224794357-224803455","chr9:54232163-54248877"
"1032","chr13:113832448-113844645","chr2:34373875-34476222"
"1033","chr19:38470146-38472268","chr8:65258584-65319417"
"1034","chr2:188269009-188286112","chr14:43420839-43461320"
"1035","chr7:62929510-62949077","chr1:21142145-21164430"
"1036","chr4:8223840-8239403","chr1:234383455-234538951"
"1037","chr15:837322-852690","chr12:25020171-25021054"
"1038","chrY:562326-562757","chr1:139943398-139956356"
"1039","chrX:119152559-119152714","chr13:97022518-97023051"
"1040","chr2:141024600-141026192","chr3:159751269-159751322"
"1041","chr4:98988352-98989621","chr1:128621052-128628362"
"1042","chr18:14595550-14616707","chr11:10020678-10022991"
"1043","chr7:74258330-74259380","chr11:60383243-60388137"
"1044","chr1:140131618-140142798","chr19:25886356-25903940"
"1045","chr18:72571325-72597936","chr1:176920084-176920217"
"1046","chr17:79367996-79391846","chr6:86842054-86849086"
"1047","chr4:96732982-96787475","chr4:115840469-115843272"
"1048","chr5:160187300-160188351","chr13:90807320-90807632"
"1049","chr18:48443339-48508708","chr5:119207376-119211535"
"1050","chr3:8887351-8892631","chr17:19160994-19417560"
"1051","chr6:76616895-76626199","chr3:59678949-59680308"
"1052","chr3:11394659-11396393","chr6:21301779-21308087"
"1053","chr15:61664226-61683055","chr9:71954951-71960153"
"1054","chr18:75203861-75207308","chr2:113744312-113745181"
"1055","chr7:27108142-27134842","chr1:20022792-20047889"
"1056","chr1:161928871-161932898","chr7:60376010-60377102"
"1057","chr5:131765715-131787748","chr7:138002505-138021168"
"1058","chr1:188510274-188530025","chrX:108069796-108206567"
"1059","chr1:15488392-15526167","chr1:165646261-165654319"
"1060","chr7:73834044-73848871","chr6:76620895-76626199"
"1061","chr6:132551396-132555729","chr6:122210479-122230095"
"1062","chr10:48165219-48200848","chr9:82580816-82598718"
"1063","chr15:23840157-23853169","chr14:44440262-44456679"
"1064","chr16:3060713-3064512","chr7:114550936-114611317"
"1065","chr4:6306138-6317357","chr2:35086861-35104742"
"1066","chr18:59190041-59192425","chr13:100665647-100665875"
"1067","chr7:138002505-138021168","chr4:3972586-3976284"
"1068","chr5:167486001-167615430","chr1:221158380-221158578"
"1069","chr2:252807923-252811538","chr2:247853847-247883725"
"1070","chr19:34298523-34312530","chr18:14595550-14616707"
"1071","chr14:4178531-4182331","chr1:282490425-282498880"
"1072","chr9:66885432-66889912","chr1:164025518-164064815"
"1073","chr2:198276002-198284858","chr6:137341044-137355309"
"1074","chr4:168219620-168221653","chr20:47514639-47522647"
"1075","chr20:14319170-14326640","chr4:96744220-96787475"
"1076","chr2:113744312-113761334","chr5:142158782-142193772"
"1077","chr8:91509748-91527174","chr14:10419799-10420720"
"1078","chr8:119844188-119861690","chr18:81289815-81428974"
"1079","chr2:247853847-247883725","chr8:64739402-64749357"
"1080","chr20:50659751-50687868","chr1:221158395-221158583"
"1081","chr17:36113611-36121325","chr13:34399886-34400364"
"1082","chr5:142152201-142154418","chr6:108797786-108802113"
"1083","chr1:215934081-215939788","chr2:33950934-33955969"
"1084","chr17:79623091-79644806","chrMT:13288-13374"
"1085","chr11:89316354-89341959","chr17:58006111-58031197"
"1086","chr17:5532157-5571375","chr1:251455609-251463748"
"1087","chr11:71069746-71074618","chr11:87898055-87899561"
"1088","chr10:59423266-59441831","chr16:2117271-2126628"
"1089","chr2:45778706-45813991","chr1:114304821-114311513"
"1090","chr10:94292693-94314584","chr11:60646593-60646733"
"1091","chr10:48452001-48470732","chr1:162684057-162691242"
"1092","chr11:24479964-24498116","chr12:24991053-24992257"
"1093","chr6:91938501-91961861","chr1:116643750-116660509"
"1094","chr9:75290901-75305840","chr14:92057226-92077027"
"1095","chr18:63784568-63786264","chr8:104504801-104514522"
"1096","chr12:9309987-9313769","chr12:38604141-38611817"
"1097","chr2:256669855-256683075","chr1:203343400-203385990"
"1098","chr3:82716131-82725485","chr18:6047215-6051719"
"1099","chr10:574395-593608","chr7:94377043-94378381"
"1100","chr5:74785868-74786848","chr20:43092420-43093954"
"1101","chr4:96744220-96767151","chr10:90469202-90469816"
"1102","chr2:34491467-34534125","chr6:125523808-125553497"
"1103","chr14:92057227-92077028","chr1:281834156-281857037"
"1104","chr1:28362167-28391305","chr10:57549452-57563686"
"1105","chr6:28235696-28272697","chr1:221158096-221158196"
"1106","chr3:94396940-94398038","chr19:34270069-34312530"
"1107","chr6:53883229-53890985","chr5:171771431-171771961"
"1108","chr9:67242046-67257543","chr16:8356487-8368671"
"1109","chr6:871525-907083","chr7:76871323-76873445"
"1110","chr17:79373151-79561626","chr6:60609626-60633969"
"1111","chr2:128562842-128636642","chr8:119844188-119861690"
"1112","chr15:51896716-51944899","chr2:140357774-140387503"
"1113","chr12:29985632-29988732","chr10:16769713-16774652"
"1114","chr10:11626519-11627228","chr10:59423266-59441831"
"1115","chr15:25331703-25333342","chr8:33312321-33317709"
"1116","chr10:62566642-62575768","chr6:3328492-3345418"
"1117","chr11:87898055-87899561","chr8:13085939-13090209"
"1118","chr11:34861207-34879143","chr1:126188351-126195625"
"1119","chr8:64724416-64749357","chr10:46771409-46776306"
"1120","chr9:11209034-11219449","chr2:188301023-188330330"
"1121","chr1:90116534-90126552","chr20:3237044-3285273"
"1122","chr1:265518157-265524404","chr5:122667521-122671094"
"1123","chr7:60397574-60408823","chr11:61121301-61122547"
"1124","chr7:26522315-26526603","chr9:4542961-4543421"
"1125","chr2:248222990-248253593","chr5:135489772-135490037"
"1126","chr4:58714647-58725647","chr12:9309987-9313769"
"1127","chr16:50413024-50413854","chr8:5246848-5260696"
"1128","chr18:29409770-29412096","chr14:37238505-37262083"
"1129","chr17:10096739-10124159","chr1:221158168-221158256"
"1130","chr13:113832448-113847832","chr1:177253840-177254816"
"1131","chr1:247922780-247960553","chr2:240854068-240867796"
"1132","chr2:154520979-154532393","chr4:66193731-66214585"
"1133","chr4:64889575-64899587","chrX:119152559-119152714"
"1134","chr5:148868269-148874137","chr4:152526403-152536014"
"1135","chr7:73808151-73848871","chr10:71322147-71323079"
"1136","chr10:62566642-62581037","chr14:37228632-37262083"
"1137","chr1:143143055-143143524","chr9:115504262-115504351"
"1138","chr8:117318623-117334586","chr5:128327978-128337440"
"1139","chr10:57610281-57611309","chr11:60646597-60646737"
"1140","chr12:51582921-51592889","chr10:95293891-95299099"
"1141","chr6:2599223-2605598","chr18:16457814-16458027"
"1142","chr1:2839790-2849731","chr8:87268950-87273285"
"1143","chr6:136430192-136436620","chr1:221152756-221152979"
"1144","chr18:36640589-36645658","chrX:63177769-63195572"
"1145","chr7:123709341-123715127","chr17:27592203-27602936"
"1146","chr4:168514863-168517342","chr8:72065616-72067595"
"1147","chr12:13717791-13718009","chr14:46643163-46683332"
"1148","chr4:150711832-150749902","chr4:49207203-49287862"
"1149","chr17:79573257-79575914","chr10:4583896-4605111"
"1150","chr9:73766839-73799430","chr14:60581951-60586776"
"1151","chr9:73798311-73799430","chr12:589609-591296"
"1152","chr17:79609613-79644806","chr2:183520240-183542215"
"1153","chr8:117318623-117325025","chr14:60538626-60539431"
"1154","chr10:35815476-35819778","chr3:157028112-157040380"
"1155","chr19:22158621-22179584","chr4:40076416-40085763"
"1156","chr18:48443339-48531023","chr7:2558105-2558739"
"1157","chr6:27573046-27582987","chr14:81556164-81560858"
"1158","chr12:9256476-9313769","chr19:32527921-32528958"
"1159","chr1:204959173-204980121","chr5:105185997-105187360"
"1160","chr17:84888802-84904355","chr20:3216411-3238536"
"1161","chr5:14282912-14297862","chr16:3060713-3064512"
"1162","chr16:62023411-62056753","chr2:56061126-56069928"
"1163","chr1:56366809-56370833","chr4:27439011-27453031"
"1164","chr13:89211389-89229970","chr10:94615617-94617077"
"1165","chr1:164046102-164064815","chr10:11626519-11627228"
"1166","chr19:43265984-43294685","chr1:221158376-221158535"
"1167","chr16:7438795-7463395","chr6:76591791-76626199"
"1168","chr20:32513668-32537033","chr17:43258446-43290432"
"1169","chr8:130762665-130768360","chr5:62081720-62093458"
"1170","chr17:75295083-75352500","chrX:157319223-157319414"
"1171","chr10:93451477-93483645","chr9:52113835-52115200"
"1172","chr1:201523375-201524041","chr4:31569579-31569672"
"1173","chr19:25866615-25886887","chr16:83837026-83837221"
"1174","chr2:188485333-188486213","chr3:33465220-33473531"
"1175","chr18:77512807-77520779","chr6:21539861-21540152"
"1176","chr8:100006687-100026871","chr5:113794314-113803150"
"1177","chr6:104798968-104831076","chr5:36040325-36046665"
"1178","chr18:69647502-69657373","chr5:148050939-148057784"
"1179","chr5:148050939-148057784","chr4:28488037-28520904"
"1180","chr17:76245627-76265943","chr11:34612627-34631134"
"1181","chr19:54786578-54790907","chr1:221158367-221158526"
"1182","chr10:86222510-86227004","chr10:20217343-20217479"
"1183","chr11:70570466-70585055","chr10:17424725-17424904"
"1184","chr19:25886356-25886887","chr19:54786578-54790907"
"1185","chr5:73961475-73976112","chr5:144367260-144380803"
"1186","chr9:45203455-45205627","chr2:247867348-247868187"
"1187","chr3:62719200-62733674","chr6:102186579-102187980"
"1188","chr2:140357774-140387503","chr10:57610281-57611309"
"1189","chr8:123340909-123344508","chr5:78495231-78516521"
"1190","chr1:247711959-247745292","chr19:54803498-54815443"
"1191","chr1:265331904-265401005","chr11:72848908-72854598"
"1192","chr1:137247124-137264458","chr8:439822-456940"
"1193","chr8:19883715-19890764","chr16:62023411-62056753"
"1194","chr2:258868022-258932200","chr18:29633808-29634585"
"1195","chr3:55888291-55898385","chr10:62623758-62664462"
"1196","chr1:165366392-165367044","chr10:30980709-30993573"
"1197","chr9:54232163-54248877","chr10:13156871-13156973"
"1198","chr6:60609626-60618957","chr1:154406807-154418787"
"1199","chr8:79330088-79338690","chr2:23399715-23410608"
"1200","chr15:36823412-36828644","chr5:172949060-172965700"
"1201","chr4:158242270-158420230","chr18:44503687-44505692"
"1202","chr17:599906-610676","chr13:105699059-105701842"
"1203","chr4:182811463-182817396","chr15:52383307-52387851"
"1204","chr3:152322366-152324968","chr1:221158102-221158202"
"1205","chr5:167486001-167526275","chr12:9256476-9313769"
"1206","chr1:41787939-41796360","chr2:38096882-38097500"
"1207","chr17:55297976-55307299","chr1:127238866-127255047"
"1208","chr1:142849916-142852148","chr12:40388299-40397763"
"1209","chr9:112023471-112027242","chr7:62929510-62931338"
"1210","chr8:103809557-103825693","chr1:15488392-15494771"
"1211","chr4:28474639-28514174","chr10:85169572-85172858"
"1212","chr4:115636561-115643263","chr2:33933956-33955969"
"1213","chr9:45203455-45207736","chr15:38130856-38151304"
"1214","chr13:51600243-51605683","chr1:220047471-220049075"
"1215","chr13:56114438-56183125","chr6:125538240-125594377"
"1216","chr6:60609626-60633969","chr6:125438435-125594377"
"1217","chr7:60733754-60737965","chr1:48183257-48183454"
"1218","chr17:19160994-19321551","chr9:113534327-113545068"
"1219","chr6:21539861-21540152","chr1:221158116-221158257"
"1220","chr8:53075010-53143722","chr7:73808151-73848871"
"1221","chr4:117422680-117446827","chr10:40742485-40743391"
"1222","chr17:55367271-55374136","chr3:150019365-150033957"
"1223","chr20:27409750-27415954","chr10:66595570-66597359"
"1224","chr6:124651885-124677509","chr1:221158381-221158580"
"1225","chr1:166351174-166378796","chr13:70913100-70913987"
"1226","chr6:21268305-21308087","chr1:80051009-80051518"
"1227","chr18:48443339-48443646","chr6:22033342-22038870"
"1228","chr6:125538240-125569718","chr14:85059667-85061960"
"1229","chr10:96672236-96679543","chr9:110908611-110925546"
"1230","chr5:136437825-136471341","chr10:108486117-108494849"
"1231","chr1:143712491-143718900","chr14:45668936-45691895"
"1232","chr14:113832265-113857380","chr3:159745034-159745082"
"1233","chr8:5246848-5260696","chr17:29730437-29731094"
"1234","chr10:66891013-66900528","chr2:187527683-187529234"
"1235","chr13:100347405-100353039","chr10:57551345-57563686"
"1236","chr9:111597035-111632154","chr13:51583135-51583196"
"1237","chr4:115840469-115843272","chr16:79729199-79742955"
"1238","chr4:28488037-28495139","chr1:221158618-221158788"
"1239","chr6:76591791-76599536","chr5:100523899-100640984"
"1240","chr1:214562895-214581660","chr8:130762665-130768360"
"1241","chr17:9912158-9929565","chr10:776697-783836"
"1242","chr1:150871108-150887461","chr20:22822066-22856689"
"1243","chr6:76491315-76492176","chr5:167516581-167558250"
"1244","chr18:79530861-79532387","chr19:43119868-43124021"
"1245","chr8:508994-509712","chr13:101732743-101738842"
"1246","chr3:150348098-150382703","chr5:167486001-167526275"
"1247","chr13:105693583-105701842","chr7:120155817-120156218"
"1248","chr10:65025196-65026738","chr3:108833170-108851078"
"1249","chr1:264674065-264689905","chr3:13653718-13653756"
"1250","chr15:23792824-23793342","chr1:221158124-221158168"
"1251","chr20:5972508-5975676","chr11:89155750-89180448"
"1252","chr4:168213382-168221653","chr11:34611539-34614139"
"1253","chr17:78922772-78942311","chr2:257626382-257634977"
"1254","chr15:55151603-55154467","chr18:48443339-48531023"
"1255","chr4:131439626-131453028","chr6:4518806-4520635"
"1256","chr3:81127393-81143240","chr11:83939845-83940879"
"1257","chr2:5636554-5640909","chr9:30291177-30322372"
"1258","chr5:14282912-14314250","chr2:113739689-113747247"
"1259","chr6:10961830-10979314","chr8:129123864-129133074"
"1260","chr15:34277381-34277914","chr10:43504523-43509133"
"1261","chr10:59294314-59298784","chr17:79345740-79391846"
"1262","chr3:157039863-157040380","chr8:65282796-65283243"
"1263","chr9:61618320-61623019","chrX:156486981-156487195"
"1264","chr1:154406807-154418787","chr9:98243164-98247125"
"1265","chr1:204773090-204780713","chr4:22084945-22085080"
"1266","chr6:132068857-132075882","chr20:32513668-32537033"
"1267","chr9:18319246-18334707","chr2:257937494-257971762"
"1268","chr3:91713775-91725977","chr10:110101466-110101880"
"1269","chr5:128327978-128337440","chr5:148849136-148858258"
"1270","chrX:137706330-137733342","chr6:124625936-124677509"
"1271","chr6:123404372-123405248","chr4:151118221-151124504"
"1272","chr13:83862000-83863692","chr9:19698612-19700134"
"1273","chr17:694609-764010","chr15:109125713-109141568"
"1274","chr5:50318351-50323609","chr1:198994747-198995342"
"1275","chr10:43504523-43509133","chr4:8223840-8241173"
"1276","chr1:246472167-246476440","chr10:63890550-63890749"
"1277","chr4:152265847-152274059","chr2:22790074-22792220"
"1278","chr2:34373875-34476222","chr5:122659399-122678330"
"1279","chr9:66618610-66620541","chr18:63942571-63948688"
"1280","chr19:38057557-38062193","chr14:46517864-46653955"
"1281","chr4:2546232-2564215","chr3:33465220-33467909"
"1282","chr1:200606971-200615170","chr1:56366809-56370833"
"1283","chr19:34270069-34312530","chrMT:5812-6019"
"1284","chr4:95892497-95912787","chr4:115104274-115106428"
"1285","chr14:43420839-43461320","chr11:34060062-34073206"
"1286","chr17:79573257-79612177","chr9:45158325-45665135"
"1287","chr6:109742370-109745287","chr17:80521386-80529452"
"1288","chr8:63332376-63335340","chr17:26968192-26969252"
"1289","chrX:63177769-63195572","chr1:221158114-221158255"
"1290","chr3:7456433-7475230","chr16:70754390-70761776"
"1291","chr2:247883196-247894081","chr20:5354661-5417666"
"1292","chr3:58866313-58874195","chr2:189364002-189369293"
"1293","chr12:13879069-13884323","chr5:153593740-153594014"
"1294","chr5:127620259-127635191","chr1:128501692-128526760"
"1295","chr11:70086253-70096544","chr2:45801786-45859187"
"1296","chr13:110837569-110856315","chr1:221158375-221158534"
"1297","chr9:112406660-112412113","chr3:138074509-138075713"
"1298","chr11:60943399-60956337","chr2:230311167-230317038"
"1299","chr16:26755422-26767549","chr18:69634006-69657373"
"1300","chr2:199880862-199882743","chr10:38622808-38634729"
"1301","chr1:275999821-276141673","chr9:94463647-94513131"
"1302","chr8:22804233-22805257","chr18:48443339-48508708"
"1303","chr10:61882916-61885796","chr10:106219655-106223474"
"1304","chr1:164931730-164947123","chr18:73479863-73490210"
"1305","chr6:19003638-19012898","chr10:51724607-51739115"
"1306","chr11:60646798-60656478","chr11:34861207-34879143"
"1307","chrX:157320211-157323891","chr4:28457541-28467072"
"1308","chr2:27326041-27333634","chr13:86624066-86624590"
"1309","chr11:24547990-24550752","chr16:2138232-2171786"
"1310","chr9:65976760-65980632","chr5:73937165-73951450"
"1311","chr1:247743814-247766953","chr4:96744220-96767151"
"1312","chr6:125438435-125594377","chr2:62360612-62360927"
"1313","chr2:34373875-34503654","chr15:104270170-104283452"
"1314","chr8:117144403-117150102","chr2:195768840-195795666"
"1315","chr17:70309152-70310609","chr4:152265847-152274059"
"1316","chr17:16124900-16129065","chr14:46524124-46653645"
"1317","chr13:57044027-57047903","chr7:130522030-130524289"
"1318","chr2:62955690-62973365","chr1:278580846-278620822"
"1319","chr4:96744220-96787475","chrX:52581092-52679268"
"1320","chr5:148050939-148054556","chr4:28474639-28514174"
"1321","chr1:190980864-190991049","chr5:160413131-160415922"
"1322","chr3:163592872-163595055","chr1:225201475-225202437"
"1323","chr10:108486117-108494849","chr13:69016108-69031223"
"1324","chr2:47139938-47146434","chr17:60884961-60886732"
"1325","chr5:167455211-167455676","chr10:18932804-18932996"
"1326","chrX:157322637-157323315","chr5:7660223-7780390"
"1327","chr5:103089622-103172127","chr19:54829026-54829919"
"1328","chr15:109125713-109141568","chr11:84619089-84638229"
"1329","chr10:94615617-94617077","chr8:100006687-100026871"
"1330","chr1:252539423-252547611","chr1:204960841-204980121"
"1331","chr6:828602-907083","chr14:9421418-9440942"
"1332","chr5:7763385-7780390","chr9:90936950-90937454"
"1333","chr3:56148805-56161165","chr4:115191293-115197150"
"1334","chr17:87758882-87760775","chr13:100427452-100436465"
"1335","chr20:31723858-31736111","chr20:14319170-14326640"
"1336","chr14:37228632-37254001","chr12:28164443-28166596"
"1337","chr12:43576497-43576734","chr10:71303915-71311129"
"1338","chr18:49891333-49891588","chr11:61997874-61998285"
"1339","chr17:5524117-5571375","chr12:23979507-24258634"
"1340","chr2:226925637-226926225","chr11:70086253-70096544"
"1341","chr1:260791756-260801171","chrX:99728011-99758593"
"1342","chr4:58714647-58739890","chr13:69100805-69101031"
"1343","chr9:43974886-43977575","chr18:14595550-14610978"
"1344","chr19:34372674-34395489","chr6:22362488-22407626"
"1345","chr17:85036937-85057912","chr3:6464953-6472752"
"1346","chr7:124180911-124182706","chr3:55888291-55898385"
"1347","chr6:1613963-1614878","chr1:221155305-221155499"
"1348","chr14:10419799-10420720","chr8:79330091-79347379"
"1349","chr18:71141382-71149287","chr5:50318351-50323609"
"1350","chr4:27509136-27524886","chr10:93451477-93483645"
"1351","chr1:21160905-21164430","chr8:71336875-71337745"
"1352","chr9:17795244-17796133","chr12:25021141-25021442"
"1353","chr11:34612627-34616155","chr4:140870957-140876764"
"1354","chr5:62081720-62093458","chr20:4313236-4504566"
"1355","chr10:776697-783836","chr6:104798968-104831076"
"1356","chr15:48268665-48284550","chr19:42917629-42920390"
"1357","chr7:76871323-76873445","chr6:106001313-106001463"
"1358","chr1:251455609-251485480","chr14:46638659-46682037"
"1359","chr8:104199588-104202285","chr18:30841021-30895977"
"1360","chr12:9061581-9062262","chr4:2546232-2564215"
"1361","chr14:82168512-82184087","chr9:121831708-121862897"
"1362","chr2:247836113-247883725","chr1:166342480-166368428"
"1363",NA,"chr1:247922780-247960553"
"1364",NA,"chr19:56187917-56195289"
"1365",NA,"chr9:66618610-66620541"
"1366",NA,"chr2:225570720-225591523"
"1367",NA,"chrX:112790638-112794831"
"1368",NA,"chr10:48172858-48179056"
"1369",NA,"chr4:168260038-168267184"
"1370",NA,"chr3:166491792-166492109"
"1371",NA,"chr9:113915934-113928766"
"1372",NA,"chr2:120518908-120524990"
"1373",NA,"chr2:24067948-24083767"
"1374",NA,"chr1:91168476-91905061"
"1375",NA,"chrMT:13292-13378"
"1376",NA,"chr3:13510410-13602354"
"1377",NA,"chr17:83502435-83539887"
"1378",NA,"chr16:7577726-7586144"
"1379",NA,"chr8:109192353-109216053"
"1380",NA,"chr4:58367537-58373168"
"1381",NA,"chr19:34249087-34272192"
"1382",NA,"chr14:82168512-82184087"
"1383",NA,"chr2:188485333-188486213"
"1384",NA,"chr4:31223666-31283358"
"1385",NA,"chr15:37190896-37218085"
"1386",NA,"chr15:88651499-88659273"
"1387",NA,"chr4:6306138-6317357"
"1388",NA,"chr5:75968777-75975620"
"1389",NA,"chr14:6608144-6622491"
"1390",NA,"chr12:25021139-25021432"
"1391",NA,"chr10:48881282-48881737"
"1392",NA,"chr18:73479863-73498648"
"1393",NA,"chr10:71546978-71557193"
"1394",NA,"chr11:89108654-89110961"
"1395",NA,"chr5:100493404-100640984"
"1396",NA,"chr3:13510410-13522529"
"1397",NA,"chr13:56114438-56129496"
"1398",NA,"chr1:166351174-166378796"
"1399",NA,"chr13:51584440-51584668"
"1400",NA,"chr1:154411045-154425509"
"1401",NA,"chr10:49003301-49003467"
"1402",NA,"chr5:160127430-160128210"
"1403",NA,"chr16:26755422-26780008"
"1404",NA,"chr11:68806323-68807672"
"1405",NA,"chr2:157066595-157082251"
"1406",NA,"chr1:265518157-265524404"
"1407",NA,"chr1:221158177-221158255"
"1408",NA,"chr4:131415405-131453028"
"1409",NA,"chr10:43503195-43504147"
"1410",NA,"chr6:43278166-43284828"
"1411",NA,"chr1:221157853-221157995"
"1412",NA,"chr1:203267382-203300648"
"1413",NA,"chr10:78063351-78073611"
"1414",NA,"chr8:124343361-124343815"
"1415",NA,"chr9:67331634-67341341"
"1416",NA,"chr5:128714471-128733959"
"1417",NA,"chr18:63784568-63786264"
"1418",NA,"chr1:221158128-221158208"
"1419",NA,"chr3:117374371-117382881"
"1420",NA,"chr1:221158113-221158182"
"1421",NA,"chr13:100347405-100353039"
"1422",NA,"chr7:92800674-92800918"
"1423",NA,"chr5:160187300-160188351"
"1424",NA,"chr1:221158386-221158541"
"1425",NA,"chr5:142152201-142154418"
"1426",NA,"chr18:31445360-31446485"
"1427",NA,"chr8:45691134-45743143"
"1428",NA,"chr4:5722369-5724008"
"1429",NA,"chr20:4698290-4896391"
"1430",NA,"chr19:30869716-30870010"
"1431",NA,"chr3:81127393-81159096"
"1432",NA,"chr6:7547050-7572651"
"1433",NA,"chr6:76020953-76031336"
"1434",NA,"chr13:100665650-100665878"
"1435",NA,"chr1:243373401-243376079"
"1436",NA,"chr5:151944769-151947717"
"1437",NA,"chr15:2965953-2966833"
"1438",NA,"chr15:55255348-55256780"
"1439",NA,"chr3:177363419-177364201"
"1440",NA,"chr10:35876013-35876397"
"1441",NA,"chr5:128130304-128136348"
"1442",NA,"chr8:129617811-129627374"
"1443",NA,"chr2:247867227-247868366"
"1444",NA,"chrX:114104106-114105957"
"1445",NA,"chr2:27326041-27333634"
"1446",NA,"chr6:129864989-129890111"
"1447",NA,"chr8:100043169-100043748"
"1448",NA,"chr20:4691919-4692976"
"1449",NA,"chr12:9297691-9313769"
"1450",NA,"chr7:75586327-75589512"
"1451",NA,"chr11:34495233-34500943"
"1452",NA,"chr5:14282912-14297862"
"1453",NA,"chr6:76491315-76492176"
"1454",NA,"chr4:64889575-64899587"
"1455",NA,"chr20:3191691-3271374"
"1456",NA,"chr7:60397574-60408823"
"1457",NA,"chr10:63908528-63915032"
"1458",NA,"chr3:2423174-2425284"
"1459",NA,"chr10:96672236-96679543"
"1460",NA,"chr11:46123634-46136080"
"1461",NA,"chr13:95914250-95932651"
"1462",NA,"chr12:5360301-5492247"
"1463",NA,"chr10:764466-776872"
"1464",NA,"chr7:124180911-124182706"
"1465",NA,"chr6:125538240-125569718"
"1466",NA,"chr4:131439626-131453028"
"1467",NA,"chr4:115636561-115643263"
"1468",NA,"chr9:112005677-112008516"
"1469",NA,"chr1:260750978-260751169"
"1470",NA,"chr6:28235696-28272697"
"1471",NA,"chr10:94083626-94187819"
"1472",NA,"chr1:279235046-279248435"
"1473",NA,"chr5:131765715-131787748"
"1474",NA,"chrX:119115334-119117197"
"1475",NA,"chr12:25021141-25021357"
"1476",NA,"chr4:66214543-66219277"
"1477",NA,"chr6:10920914-10923681"
"1478",NA,"chr9:81232085-81275269"
"1479",NA,"chr13:107745993-107749528"
"1480",NA,"chr8:117144403-117150102"
"1481",NA,"chr2:34476081-34503654"
"1482",NA,"chr1:203320548-203361782"
"1483",NA,"chr11:31723564-31733245"
"1484",NA,"chr19:34270069-34305849"
"1485",NA,"chr18:69654505-69657373"
"1486",NA,"chr5:135596270-135608345"
"1487",NA,"chr1:11910893-11911129"
"1488",NA,"chr1:48792572-48797638"
"1489",NA,"chr8:508994-509712"
"1490",NA,"chr18:59190041-59192425"
"1491",NA,"chr1:140853792-140854568"
"1492",NA,"chr16:32120310-32121085"
"1493",NA,"chr5:12171585-12172003"
"1494",NA,"chr6:104798968-104846483"
"1495",NA,"chr6:137356077-137358137"
"1496",NA,"chr5:157863697-157864867"
"1497",NA,"chr20:5129033-5131408"
"1498",NA,"chr1:221158159-221158256"
"1499",NA,"chr1:221158163-221158251"
"1500",NA,"chr14:113803013-113822690"
"1501",NA,"chr1:36417425-36419485"
"1502",NA,"chr1:86877736-86888952"
"1503",NA,"chr12:43576497-43576734"
"1504",NA,"chr20:4877673-4956536"
"1505",NA,"chr7:116700240-116701695"
"1506",NA,"chr1:178907896-178908042"
"1507",NA,"chr14:46526210-46655662"
"1508",NA,"chr11:68806320-68807669"
"1509",NA,"chr3:152985421-153050014"
"1510",NA,"chr8:76897417-76904745"
"1511",NA,"chr2:188348239-188364907"
"1512",NA,"chr11:34611539-34616155"
"1513",NA,"chr2:150755405-150756431"
"1514",NA,"chr4:58714645-58748926"
"1515",NA,"chr1:174609600-174613577"
"1516",NA,"chr18:29409770-29412096"
"1517",NA,"chr1:185263914-185267832"
"1518",NA,"chr4:131366412-131382968"
"1519",NA,"chr12:24991053-24992274"
"1520",NA,"chr12:9061581-9062262"
"1521",NA,"chr17:53963185-53968528"
"1522",NA,"chr3:58866313-58874195"
"1523",NA,"chr1:235750193-235761819"
"1524",NA,"chrX:112033981-112050600"
"1525",NA,"chr6:104828874-104846483"
"1526",NA,"chr5:69943189-69944135"
"1527",NA,"chr10:11101237-11384763"
"1528",NA,"chr6:91680313-91680388"
"1529",NA,"chr9:78944030-78944815"
"1530",NA,"chr12:25012054-25013513"
"1531",NA,"chr8:64205386-64214997"
"1532",NA,"chr2:172370528-172370657"
"1533",NA,"chr6:125523808-125524984"
"1534",NA,"chr10:67973997-67982051"
"1535",NA,"chr17:76245627-76265943"
"1536",NA,"chr14:46517895-46653976"
"1537",NA,"chr11:31974630-31979720"
"1538",NA,"chr3:79815769-79815952"
"1539",NA,"chr9:73752937-73773659"
"1540",NA,"chr1:220039308-220040146"
"1541",NA,"chr15:70121769-70139170"
"1542",NA,"chr1:243052191-243058963"
"1543",NA,"chr17:54298407-54301447"
"1544",NA,"chrX:157321365-157321650"
"1545",NA,"chr4:168219620-168221653"
"1546",NA,"chr13:86424477-86451001"
"1547",NA,"chr20:4892998-4939673"
"1548",NA,"chrX:135406401-135428629"
"1549",NA,"chr4:181153728-181214993"
"1550",NA,"chr1:154405931-154447475"
"1551",NA,"chr2:45778706-45813991"
"1552",NA,"chrMT:6777-6936"
"1553",NA,"chr16:50483767-50487052"
"1554",NA,"chr16:3068022-3072642"
"1555",NA,"chr4:62258449-62258541"
"1556",NA,"chr9:99266783-99267021"
"1557",NA,"chr7:62899716-62949077"
"1558",NA,"chr5:136420692-136447778"
"1559",NA,"chr3:140598632-140622850"
"1560",NA,"chr1:142191060-142191760"
"1561",NA,"chr1:150887401-150961642"
"1562",NA,"chr6:54522274-54530157"
"1563",NA,"chr1:221153654-221153834"
"1564",NA,"chr1:166351174-166368428"
"1565",NA,"chr10:61207781-61217982"
"1566",NA,"chr6:21268305-21308087"
"1567",NA,"chr20:32513668-32523997"
"1568",NA,"chr1:221158194-221158257"
"1569",NA,"chr1:135860270-135871550"
"1570",NA,"chr4:8120652-8149019"
"1571",NA,"chr1:11913282-11913470"
"1572",NA,"chr10:86222510-86227004"
"1573",NA,"chr6:45526457-45537399"
"1574",NA,"chr1:221158158-221158255"
"1575",NA,"chr2:20488617-20531444"
"1576",NA,"chr19:10873491-10932411"
"1577",NA,"chr9:113534378-113545068"
"1578",NA,"chr1:217779008-217782988"
"1579",NA,"chr14:106492370-106500203"
"1580",NA,"NW_007906843.1:36896-37025"
"1581",NA,"chr14:81267948-81280976"
"1582",NA,"chr2:56451097-56456188"
"1583",NA,"chr1:264674065-264689905"
"1584",NA,"chr12:51960260-51961629"
"1585",NA,"chr18:77512807-77520779"
"1586",NA,"chr4:152921913-152925673"
"1587",NA,"chr12:40329454-40332371"
"1588",NA,"chr5:12145855-12145899"
"1589",NA,"chr13:113832448-113840267"
"1590",NA,"chr10:29318809-29319752"
"1591",NA,"chr1:127025462-127025957"
"1592",NA,"chr3:162841402-162841778"
"1593",NA,"chr9:94463647-94504892"
"1594",NA,"chr3:3399474-3414759"
"1595",NA,"chr1:150871108-150887461"
"1596",NA,"chr15:37171042-37182319"
"1597",NA,"chr1:276011500-276141673"
"1598",NA,"chr9:10704605-10710650"
"1599",NA,"chr3:145660598-145831981"
"1600",NA,"chr1:6804365-6816920"
"1601",NA,"chr5:73961475-73976112"
"1602",NA,"chr14:64742511-64994485"
"1603",NA,"chrMT:7998-8076"
"1604",NA,"chr1:207005330-207016489"
"1605",NA,"chr12:5414844-5502490"
"1606",NA,"chr14:60573253-60586776"
"1607",NA,"chr8:104192886-104202285"
"1608",NA,"chr6:2599223-2605598"
"1609",NA,"chr4:95892497-95912787"
"1610",NA,"chr1:236196243-236198026"
"1611",NA,"chr2:20507150-20531444"
"1612",NA,"chr11:68722906-68725314"
"1613",NA,"chr17:63284753-63288259"
"1614",NA,"chr14:44036919-44051943"
"1615",NA,"chr9:67242046-67257543"
"1616",NA,"chr1:221158116-221158198"
"1617",NA,"chr17:84855705-84901793"
"1618",NA,"chr9:61618320-61623019"
"1619",NA,"chr1:221158106-221158206"
"1620",NA,"chr4:58661993-58673972"
"1621",NA,"chrY:562326-562757"
"1622",NA,"chr7:73834044-73848871"
"1623",NA,"chr17:19160994-19321551"
"1624",NA,"chr19:37135068-37156867"
"1625",NA,"chr5:155850980-155851664"
"1626",NA,"chr17:5511386-5548199"
"1627",NA,"chr13:113832448-113836291"
"1628",NA,"chr1:221158193-221158256"
"1629",NA,"chrX:144328480-144330480"
"1630",NA,"chr4:168499186-168517342"
"1631",NA,"chr2:113124837-113174590"
"1632",NA,"chr8:64724416-64749357"
"1633",NA,"chr14:106153575-106161579"
"1634",NA,"chr20:6883690-6884511"
"1635",NA,"chr7:118685128-118884100"
"1636",NA,"chr17:6857810-6864981"
"1637",NA,"chr15:70790038-70803614"
"1638",NA,"chr17:19160994-19225009"
"1639",NA,"chr3:148167095-148173002"
"1640",NA,"chr17:79761095-79789485"
"1641",NA,"chr2:61054405-61054772"
"1642",NA,"chr5:171934969-171935318"
"1643",NA,"chr3:123819852-123833222"
"1644",NA,"chr17:5514017-5571375"
"1645",NA,"chr3:118399578-118409116"
"1646",NA,"chr6:76599297-76608864"
"1647",NA,"chr1:221158096-221158189"
"1648",NA,"chr1:221158166-221158233"
"1649",NA,"chr3:136874645-136896550"
"1650",NA,"chr1:142434488-142434993"
"1651",NA,"chr4:49207203-49220556"
"1652",NA,"chr14:44305779-44331475"
"1653",NA,"chr19:49158646-49159228"
"1654",NA,"chr4:6099938-6100444"
"1655",NA,"chr9:92325183-92327598"
"1656",NA,"chr15:23792824-23793342"
"1657",NA,"chr1:234681715-234683020"
"1658",NA,"chr4:168514863-168517342"
"1659",NA,"chr8:124353233-124355370"
"1660",NA,"chr10:48881279-48881734"
"1661",NA,"chr1:137247124-137264458"
"1662",NA,"chr14:33340160-33340976"
"1663",NA,"chr12:47286246-47292049"
"1664",NA,"chr9:1442054-1485363"
"1665",NA,"chr7:59556898-59587384"
"1666",NA,"chr18:70254197-70255206"
"1667",NA,"chr1:198429807-198432232"
"1668",NA,"chr1:221158097-221158253"
"1669",NA,"chr7:76837537-76845975"
"1670",NA,"chr5:76979128-76979376"
"1671",NA,"chr2:34491471-34517560"
"1672",NA,"NW_007906222.1:10542-12949"
"1673",NA,"chr17:5511386-5571375"
"1674",NA,"chr5:7777226-7818087"
"1675",NA,"chr1:177253849-177254818"
"1676",NA,"chr2:172370524-172370653"
"1677",NA,"chr13:109457218-109471561"
"1678",NA,"chrMT:14919-15061"
"1679",NA,"chr1:221158109-221158208"
"1680",NA,"chr18:63391439-63393541"
"1681",NA,"chr12:24212377-24212412"
"1682",NA,"chr7:26522315-26526603"
"1683",NA,"chr16:7438795-7463395"
"1684",NA,"chr17:5532157-5571375"
"1685",NA,"chr1:221158124-221158206"
"1686",NA,"chr3:81121255-81143240"
"1687",NA,"chr8:131890854-131899165"
"1688",NA,"chr12:29040832-29043657"
"1689",NA,"chr9:78954377-78956073"
"1690",NA,"chr18:69647502-69657373"
"1691",NA,"chr4:156729921-157147819"
"1692",NA,"chr19:38057557-38062193"
"1693",NA,"chr13:76979427-77004245"
"1694",NA,"chr8:125544980-125545066"
"1695",NA,"chr4:57387152-57396104"
"1696",NA,"chr7:98672633-98682856"
"1697",NA,"chr20:27278618-27279990"
"1698",NA,"chr10:63332685-63333602"
"1699",NA,"chr13:51586293-51586355"
"1700",NA,"chr11:46324401-46341113"
"1701",NA,"chr17:24032670-24045965"
"1702",NA,"chr13:25672724-25691066"
"1703",NA,"chr7:140415223-140417547"
"1704",NA,"chr17:81177595-81187710"
"1705",NA,"chr16:71849834-71853546"
"1706",NA,"chr2:49109238-49112006"
"1707",NA,"chr11:83225851-83225944"
"1708",NA,"chr1:221158618-221158787"
"1709",NA,"chr8:94725468-94730732"
"1710",NA,"chr3:6069216-6071368"
"1711",NA,"chr15:70790038-70792497"
"1712",NA,"chr17:79367996-79561626"
"1713",NA,"chr17:84888802-84904355"
"1714",NA,"chr19:43034247-43034862"
"1715",NA,"chr7:704293-706680"
"1716",NA,"chr10:89213652-89214852"
"1717",NA,"chr10:108055097-108321594"
"1718",NA,"chr6:2956091-2961394"
"1719",NA,"chr1:203349307-203363181"
"1720",NA,"chr12:1793318-1793869"
"1721",NA,"chr14:46637981-46681204"
"1722",NA,"chr10:48881490-48881717"
"1723",NA,"chr10:66891013-66900528"
"1724",NA,"chr5:91136698-91136981"
"1725",NA,"chr3:113288394-113292071"
"1726",NA,"chr8:28018432-28026404"
"1727",NA,"chr4:31569580-31569673"
"1728",NA,"chr2:128562842-128636642"
"1729",NA,"chr2:22950023-22964734"
"1730",NA,"chr5:7763385-7780390"
"1731",NA,"chr3:3512475-3517163"
"1732",NA,"chr1:278580846-278594581"
"1733",NA,"chrX:51713405-51794841"
"1734",NA,"chr1:221158209-221158272"
"1735",NA,"chr3:123825681-123833222"
"1736",NA,"chr5:7777226-7798747"
"1737",NA,"chr1:6804365-6819230"
"1738",NA,"chr2:94716330-94720889"
"1739",NA,"chr1:175225210-175284224"
"1740",NA,"chr2:206956638-206976810"
"1741",NA,"chr10:65065614-65066693"
"1742",NA,"chr1:175252582-175284224"
"1743",NA,"chr2:187525295-187532740"
"1744",NA,"chr12:25021003-25021178"
"1745",NA,"chr17:36113611-36121325"
"1746",NA,"chr15:108315938-108318732"
"1747",NA,"chr12:5733574-5773035"
"1748",NA,"chr16:71013767-71016529"
"1749",NA,"chr1:37982216-38529247"
"1750",NA,"chr12:30082881-30083826"
"1751",NA,"chr9:41309609-41311450"
"1752",NA,"chr2:120518895-120524977"
"1753",NA,"chr14:15112120-15127296"
"1754",NA,"chr6:96487054-96541680"
"1755",NA,"chr6:115474914-115513406"
"1756",NA,"chr17:34787652-34799549"
"1757",NA,"chr5:167455211-167455676"
"1758",NA,"chr1:221158106-221158233"
"1759",NA,"chr7:28987514-28990116"
"1760",NA,"chr2:62955690-62973365"
"1761",NA,"chr17:83567831-83589045"
"1762",NA,"chr20:99179-109107"
"1763",NA,"chr2:11780889-11790870"
"1764",NA,"chr8:60441497-60443706"
"1765",NA,"chr2:226925637-226942478"
"1766",NA,"chr8:23508992-23560371"
"1767",NA,"chr3:44500847-44522988"
"1768",NA,"chr20:5972508-5975676"
"1769",NA,"chr13:41898165-41907307"
"1770",NA,"chr11:79608284-79608423"
"1771",NA,"chr6:91933750-91961861"
"1772",NA,"chr9:52047552-52047844"
"1773",NA,"chr17:79740146-79789485"
"1774",NA,"chr12:51582921-51584301"
"1775",NA,"chr1:20961258-20962540"
"1776",NA,"chr18:48443339-48443646"
"1777",NA,"chr10:82752092-82752724"
"1778",NA,"chr15:51936366-51954838"
"1779",NA,"chr17:90327972-90334785"
"1780",NA,"chr1:221152616-221152815"
"1781",NA,"chr8:64205386-64233082"
"1782",NA,"chr11:84632585-84638229"
"1783",NA,"chr5:74785868-74786848"
"1784",NA,"chr15:104262027-104270252"
"1785",NA,"chr1:221157424-221157542"
"1786",NA,"chr2:247836113-247858291"
"1787",NA,"chr6:103573441-103684324"
"1788",NA,"chr12:29985632-29988732"
"1789",NA,"chr6:21283827-21288551"
"1790",NA,"chr8:60979824-61034811"
"1791",NA,"chr2:20507150-20555751"
"1792",NA,"chr17:79609613-79612177"
"1793",NA,"chr11:34612627-34621503"
"1794",NA,"chr18:15480332-15490831"
"1795",NA,"chr6:137924572-137936007"
"1796",NA,"chr17:77176705-77178100"
"1797",NA,"chr1:249715145-249787624"
"1798",NA,"chrX:157320211-157323891"
"1799",NA,"chr8:70194477-70206310"
"1800",NA,"chr6:144211592-144275272"
